{
    "simulation_name": "40/Lev2",
    "alternative_names": "BFI:SurveyMeanAno_v2:40",
    "keywords": [],
    "point_of_contact_email": "peter.nee@aei.mpg.de",
    "authors_emails": [],
    "simulation_bibtex_keys": "SXSCatalog",
    "code_bibtex_keys": [
        "Ossokine:2013zga",
        "Hemberger:2012jz",
        "Szilagyi:2009qz",
        "Boyle:2009vi",
        "Scheel:2008rj",
        "Boyle:2007ft",
        "Scheel:2006gg",
        "Lindblom:2005qh",
        "Pfeiffer:2002wt",
        "SpECwebsite"
    ],
    "initial_data_bibtex_keys": [
        "Buchman:2012dw",
        "Lovelace:2008tw",
        "Pfeiffer:2007yz",
        "Caudill:2006hw",
        "Cook:2004kt"
    ],
    "quasicircular_bibtex_keys": [
        "Mroue:2012kv",
        "Buonanno:2010yk",
        "Mroue:2010re",
        "Boyle:2007ft"
    ],
    "initial_data_type": "BBH_SKS",
    "initial_separation": 25.67693619,
    "initial_orbital_frequency": 0.00647004,
    "initial_adot": -2.172e-05,
    "object1": "bh",
    "object2": "bh",
    "initial_ADM_energy": 0.9943512107829736,
    "initial_ADM_linear_momentum": [
        3.180663836e-07,
        1.5784512953e-06,
        -7.48117e-11
    ],
    "initial_ADM_angular_momentum": [
        7.19594e-11,
        6.2387e-12,
        1.208520389554092
    ],
    "initial_mass1": 0.4999999562327407,
    "initial_mass2": 0.4999999401333307,
    "initial_dimensionless_spin1": [
        6.0251e-12,
        3.25107e-11,
        -2.70690949e-08
    ],
    "initial_dimensionless_spin2": [
        6.3402e-12,
        -1.14273e-11,
        -3.8558971e-08
    ],
    "initial_position1": [
        12.838467876686034,
        -9.0828371421e-06,
        -9.00800758e-08
    ],
    "initial_position2": [
        -12.838468313313966,
        -9.0828371421e-06,
        -9.00800758e-08
    ],
    "relaxation_time": 160.0,
    "reference_time": 160.0,
    "reference_mass1": 0.5000037357909568,
    "reference_mass2": 0.500003751931203,
    "reference_dimensionless_spin1": [
        -6.0648039663631574e-09,
        1.880441303383791e-08,
        5.945001055128235e-06
    ],
    "reference_dimensionless_spin2": [
        6.5301833302492035e-09,
        -1.8294169870461004e-08,
        5.800395228903827e-06
    ],
    "reference_position1": [
        4.776798713761765,
        10.248565251740098,
        -5.966964417860157e-07
    ],
    "reference_position2": [
        -4.7766938360722175,
        -10.248086351211061,
        -5.946704372293532e-07
    ],
    "reference_orbital_frequency": [
        2.869659101719927e-13,
        7.072812770753815e-13,
        0.008508581360145907
    ],
    "reference_eccentricity": 0.1523999,
    "reference_mean_anomaly": 5.855387,
    "common_horizon_time": 11695.958738702768,
    "number_of_orbits": 31.042342248798278,
    "remnant_mass": 0.9515747412357507,
    "remnant_dimensionless_spin": [
        -1.4287619013006252e-09,
        1.4217947364916215e-09,
        0.6876338619551947
    ],
    "remnant_velocity": [
        2.3415873316085088e-07,
        1.58997549374674e-06,
        -4.570737234209298e-08
    ],
    "metadata_version": 1,
    "spec_revisions": "InitialCommit-32542-g5a7ca5896e",
    "spells_revision": "5a7ca5896e65b8bba5a4841c4b37f99431d3e420",
    "date_postprocessing": "2024-06-14T18:09:15.714796-07:00",
    "date_run_earliest": "2024-05-30T20:50:10",
    "date_run_latest": "2024-06-06T02:00:52",
    "date_link_earliest": "2024-05-27T11:24:22+02:00"
}