{
    "simulation_name": "033/Lev3",
    "alternative_names": [
        "BFI:Ecc1dSur_rerun:033",
        "SXS:BBH:2602"
    ],
    "keywords": [],
    "point_of_contact_email": "sfield@astro.cornell.edu",
    "authors_emails": [],
    "simulation_bibtex_keys": [
        "SXSCatalog",
        "Islam:2021mha"
    ],
    "code_bibtex_keys": [
        "Ossokine:2013zga",
        "Hemberger:2012jz",
        "Szilagyi:2009qz",
        "Boyle:2009vi",
        "Scheel:2008rj",
        "Boyle:2007ft",
        "Scheel:2006gg",
        "Lindblom:2005qh",
        "Pfeiffer:2002wt",
        "SpECwebsite"
    ],
    "initial_data_bibtex_keys": [
        "Buchman:2012dw",
        "Lovelace:2008tw",
        "Pfeiffer:2007yz",
        "Caudill:2006hw",
        "Cook:2004kt"
    ],
    "quasicircular_bibtex_keys": [
        "Mroue:2012kv",
        "Buonanno:2010yk",
        "Mroue:2010re",
        "Boyle:2007ft"
    ],
    "initial_data_type": "BBH_SHK",
    "initial_separation": 20.69107047,
    "initial_orbital_frequency": 0.00932764,
    "initial_adot": -0.00150352,
    "object1": "bh",
    "object2": "bh",
    "initial_ADM_energy": 0.9937647859577379,
    "initial_ADM_linear_momentum": [
        3.218096e-10,
        7.8967059e-09,
        -7.31395e-11
    ],
    "initial_ADM_angular_momentum": [
        -1.722909e-10,
        -1.933372e-10,
        1.1647415304392315
    ],
    "initial_mass1": 0.5000000701768187,
    "initial_mass2": 0.5000000700957545,
    "initial_dimensionless_spin1": [
        -4.66634e-11,
        -5.23683e-11,
        2.3233405e-09
    ],
    "initial_dimensionless_spin2": [
        -2.69862e-11,
        -3.01294e-11,
        4.4062904e-09
    ],
    "initial_position1": [
        10.345535876911033,
        -1.356047827e-07,
        -7.1547217e-09
    ],
    "initial_position2": [
        -10.345534593088967,
        -1.356047827e-07,
        -7.1547217e-09
    ],
    "relaxation_time": 280.0,
    "reference_time": 280.0,
    "reference_mass1": 0.500000639554,
    "reference_mass2": 0.500000633045,
    "reference_dimensionless_spin1": [
        2.84681875115e-11,
        -9.83922422819e-11,
        -5.171238891e-08
    ],
    "reference_dimensionless_spin2": [
        -5.09964770688e-11,
        3.97485900684e-11,
        -4.64083768774e-08
    ],
    "reference_position1": [
        -3.45872485946,
        -7.26515128878,
        -2.20031695767e-07
    ],
    "reference_position2": [
        3.45872615339,
        7.26515696032,
        -2.20734270181e-07
    ],
    "reference_orbital_frequency": [
        5.86561556148e-13,
        4.8234895131e-13,
        0.0157509148568
    ],
    "reference_eccentricity": 0.3093869,
    "reference_mean_anomaly": 1.069088,
    "common_horizon_time": 7935.54504826,
    "number_of_orbits": 24.4013353676,
    "remnant_mass": 0.951796386333,
    "remnant_dimensionless_spin": [
        4.90307434986e-11,
        -1.3106811237e-10,
        0.68541912123
    ],
    "remnant_velocity": [
        -5.54582238877e-10,
        1.39656088137e-08,
        1.48225960626e-08
    ],
    "metadata_version": 1,
    "spec_revisions": "InitialCommit-31500-g7d82535c55",
    "spells_revision": "7d82535c55b37e5d835b6dc3c72414cd73f02304",
    "date_postprocessing": "2021-05-25T13:15:50-07:00",
    "date_run_earliest": "2021-04-15T18:41:52",
    "date_run_latest": "2021-04-22T05:02:00",
    "date_link_earliest": "2021-04-14T20:34:04-07:00"
}