{
    "simulation_name": "04/Lev2",
    "alternative_names": "BFI:SurveyMeanAno_v2:04",
    "keywords": [],
    "point_of_contact_email": "peter.nee@aei.mpg.de",
    "authors_emails": [],
    "simulation_bibtex_keys": "SXSCatalog",
    "code_bibtex_keys": [
        "Ossokine:2013zga",
        "Hemberger:2012jz",
        "Szilagyi:2009qz",
        "Boyle:2009vi",
        "Scheel:2008rj",
        "Boyle:2007ft",
        "Scheel:2006gg",
        "Lindblom:2005qh",
        "Pfeiffer:2002wt",
        "SpECwebsite"
    ],
    "initial_data_bibtex_keys": [
        "Buchman:2012dw",
        "Lovelace:2008tw",
        "Pfeiffer:2007yz",
        "Caudill:2006hw",
        "Cook:2004kt"
    ],
    "quasicircular_bibtex_keys": [
        "Mroue:2012kv",
        "Buonanno:2010yk",
        "Mroue:2010re",
        "Boyle:2007ft"
    ],
    "initial_data_type": "BBH_SKS",
    "initial_separation": 37.13692817,
    "initial_orbital_frequency": 0.00318274,
    "initial_adot": 2.63e-06,
    "object1": "bh",
    "object2": "bh",
    "initial_ADM_energy": 0.9952575002028932,
    "initial_ADM_linear_momentum": [
        -3.6085319e-09,
        2.33942388e-08,
        -9.54456e-11
    ],
    "initial_ADM_angular_momentum": [
        1.2177269e-09,
        4.818911e-10,
        1.196546403726284
    ],
    "initial_mass1": 0.5000000125196581,
    "initial_mass2": 0.49999999947469,
    "initial_dimensionless_spin1": [
        9.473e-12,
        -1.16268e-11,
        1.27095793e-08
    ],
    "initial_dimensionless_spin2": [
        -6.5154e-12,
        -2.6601e-12,
        1.09002903e-08
    ],
    "initial_position1": [
        18.568464018657856,
        6.608778895e-07,
        6.3537295e-09
    ],
    "initial_position2": [
        -18.56846415134214,
        6.608778895e-07,
        6.3537295e-09
    ],
    "relaxation_time": 160.0,
    "reference_time": 160.0,
    "reference_mass1": 0.5000130616373882,
    "reference_mass2": 0.5000130544900678,
    "reference_dimensionless_spin1": [
        -2.4788860321401625e-09,
        -9.735203262191146e-10,
        4.400744355670444e-06
    ],
    "reference_dimensionless_spin2": [
        2.6300099747837875e-09,
        1.2753437437192145e-09,
        4.4124722103477344e-06
    ],
    "reference_position1": [
        14.451476298316516,
        8.652794005936897,
        -5.663635137525739e-09
    ],
    "reference_position2": [
        -14.45147724762622,
        -8.652785688747496,
        -8.885589707699309e-09
    ],
    "reference_orbital_frequency": [
        2.4756816993749426e-12,
        -4.8548751255967474e-12,
        0.003867812214841233
    ],
    "reference_eccentricity": "<6.8e+00",
    "reference_mean_anomaly": 5.307362,
    "common_horizon_time": 10923.437367246763,
    "number_of_orbits": 26.310695893207455,
    "remnant_mass": 0.9510559668941748,
    "remnant_dimensionless_spin": [
        6.613551860828024e-10,
        -4.9270572424334e-10,
        0.6881741671675867
    ],
    "remnant_velocity": [
        6.482336716412981e-09,
        -2.2077685688060526e-08,
        1.3082168351339509e-08
    ],
    "metadata_version": 1,
    "spec_revisions": [
        "InitialCommit-32534-gec089a2f94",
        "InitialCommit-32539-g3b7a5a1097"
    ],
    "spells_revision": "ec089a2f9403004643c204dc5299b1de7726cd9b",
    "date_postprocessing": "2024-05-29T08:48:00.517478-07:00",
    "date_run_earliest": "2024-02-29T23:15:20",
    "date_run_latest": "2024-03-10T14:31:07",
    "date_link_earliest": "2024-02-26T05:47:11-08:00"
}