{
    "simulation_name": "86/Lev1",
    "alternative_names": "BFI:SurveyMeanAno_v2:86",
    "keywords": [],
    "point_of_contact_email": "peter.nee@aei.mpg.de",
    "authors_emails": [],
    "simulation_bibtex_keys": "SXSCatalog",
    "code_bibtex_keys": [
        "Ossokine:2013zga",
        "Hemberger:2012jz",
        "Szilagyi:2009qz",
        "Boyle:2009vi",
        "Scheel:2008rj",
        "Boyle:2007ft",
        "Scheel:2006gg",
        "Lindblom:2005qh",
        "Pfeiffer:2002wt",
        "SpECwebsite"
    ],
    "initial_data_bibtex_keys": [
        "Buchman:2012dw",
        "Lovelace:2008tw",
        "Pfeiffer:2007yz",
        "Caudill:2006hw",
        "Cook:2004kt"
    ],
    "quasicircular_bibtex_keys": [
        "Mroue:2012kv",
        "Buonanno:2010yk",
        "Mroue:2010re",
        "Boyle:2007ft"
    ],
    "initial_data_type": "BBH_SKS",
    "initial_separation": 30.62154549,
    "initial_orbital_frequency": 0.00461676,
    "initial_adot": 2.543e-05,
    "object1": "bh",
    "object2": "bh",
    "initial_ADM_energy": 0.9947351420117059,
    "initial_ADM_linear_momentum": [
        6.14486763e-08,
        2.331827004e-07,
        1.94883e-11
    ],
    "initial_ADM_angular_momentum": [
        -8.99435e-11,
        1.7759e-12,
        1.2018458846799054
    ],
    "initial_mass1": 0.5000000031570025,
    "initial_mass2": 0.5000000022478163,
    "initial_dimensionless_spin1": [
        2.99469e-11,
        -9.68116e-11,
        -1.95187749e-08
    ],
    "initial_dimensionless_spin2": [
        1.217e-13,
        -5.134e-13,
        -7.526106e-10
    ],
    "initial_position1": [
        15.310773876255103,
        -2.39391762e-06,
        1.36931127e-08
    ],
    "initial_position2": [
        -15.310771613744896,
        -2.39391762e-06,
        1.36931127e-08
    ],
    "relaxation_time": 160.0,
    "reference_time": 160.0,
    "reference_mass1": 0.499993824815637,
    "reference_mass2": 0.49999381763784134,
    "reference_dimensionless_spin1": [
        -1.002793145921702e-08,
        5.264070079022575e-09,
        3.7944116639589134e-06
    ],
    "reference_dimensionless_spin2": [
        9.967160760191543e-09,
        -5.319649702023432e-09,
        3.8362585054070795e-06
    ],
    "reference_position1": [
        9.478042322132666,
        9.718204377150713,
        -7.780812443183858e-08
    ],
    "reference_position2": [
        -9.478021747640256,
        -9.718136685851787,
        -8.302719914658219e-08
    ],
    "reference_orbital_frequency": [
        -2.6568121945452575e-12,
        1.0005257934640984e-12,
        0.0059236825120970215
    ],
    "reference_eccentricity": "<1.2e+00",
    "reference_mean_anomaly": 5.407573,
    "common_horizon_time": 11174.957636694811,
    "number_of_orbits": 28.629027130193588,
    "remnant_mass": 0.9515004634560378,
    "remnant_dimensionless_spin": [
        5.348534843979498e-09,
        -1.8976413497489495e-08,
        0.6883326425735427
    ],
    "remnant_velocity": [
        8.011990006571943e-08,
        2.3702227373102583e-07,
        -5.713605965691284e-09
    ],
    "metadata_version": 1,
    "spec_revisions": "InitialCommit-32545-g3451778783",
    "spells_revision": "34517787835178f186435e8ebafe310ad2a3bfc5",
    "date_postprocessing": "2024-08-01T04:58:13.718001-07:00",
    "date_run_earliest": "2024-07-10T04:24:20",
    "date_run_latest": "2024-07-16T23:30:59",
    "date_link_earliest": "2024-07-07T12:46:27+02:00"
}