{
    "simulation_name": "039/Lev3",
    "alternative_names": [
        "BFI:Ecc1dSur_rerun:039",
        "SXS:BBH:2608"
    ],
    "keywords": [],
    "point_of_contact_email": "sfield@astro.cornell.edu",
    "authors_emails": [],
    "simulation_bibtex_keys": [
        "SXSCatalog",
        "Islam:2021mha"
    ],
    "code_bibtex_keys": [
        "Ossokine:2013zga",
        "Hemberger:2012jz",
        "Szilagyi:2009qz",
        "Boyle:2009vi",
        "Scheel:2008rj",
        "Boyle:2007ft",
        "Scheel:2006gg",
        "Lindblom:2005qh",
        "Pfeiffer:2002wt",
        "SpECwebsite"
    ],
    "initial_data_bibtex_keys": [
        "Buchman:2012dw",
        "Lovelace:2008tw",
        "Pfeiffer:2007yz",
        "Caudill:2006hw",
        "Cook:2004kt"
    ],
    "quasicircular_bibtex_keys": [
        "Mroue:2012kv",
        "Buonanno:2010yk",
        "Mroue:2010re",
        "Boyle:2007ft"
    ],
    "initial_data_type": "BBH_SHK",
    "initial_separation": 19.42287436,
    "initial_orbital_frequency": 0.01054649,
    "initial_adot": 0.00255471,
    "object1": "bh",
    "object2": "bh",
    "initial_ADM_energy": 0.9939180910436978,
    "initial_ADM_linear_momentum": [
        7.17067483e-08,
        1.297611608e-07,
        -2.3635092e-09
    ],
    "initial_ADM_angular_momentum": [
        1.733677e-10,
        1.631596e-10,
        1.1662138503846464
    ],
    "initial_mass1": 0.500000532667533,
    "initial_mass2": 0.5000005052927832,
    "initial_dimensionless_spin1": [
        1.0886315e-09,
        1.2647842e-09,
        -3.01287573e-08
    ],
    "initial_dimensionless_spin2": [
        -9.262335e-10,
        -1.1132811e-09,
        -4.12486736e-08
    ],
    "initial_position1": [
        9.711436878332501,
        2.712408247e-07,
        -4.44662199e-08
    ],
    "initial_position2": [
        -9.7114374816675,
        2.712408247e-07,
        -4.44662199e-08
    ],
    "relaxation_time": 370.0,
    "reference_time": 370.0,
    "reference_mass1": 0.500000363747,
    "reference_mass2": 0.500000328913,
    "reference_dimensionless_spin1": [
        1.80088957737e-09,
        8.82383903159e-10,
        -2.2750265665e-06
    ],
    "reference_dimensionless_spin2": [
        -1.16457786191e-09,
        5.78726492896e-11,
        -2.25754336438e-06
    ],
    "reference_position1": [
        -9.13196844495,
        0.12251413432,
        -7.4729992511e-07
    ],
    "reference_position2": [
        9.13202422064,
        -0.122417979763,
        -7.46823254114e-07
    ],
    "reference_orbital_frequency": [
        -2.91267270793e-13,
        2.47322223943e-12,
        0.0124309532295
    ],
    "reference_eccentricity": 0.3318893,
    "reference_mean_anomaly": 4.956761,
    "common_horizon_time": 8225.88785162,
    "number_of_orbits": 24.4253305025,
    "remnant_mass": 0.951243113787,
    "remnant_dimensionless_spin": [
        -2.47369588753e-11,
        1.18254875026e-10,
        0.685777245608
    ],
    "remnant_velocity": [
        8.23536080406e-08,
        1.29438464798e-07,
        1.81876786172e-08
    ],
    "metadata_version": 1,
    "spec_revisions": "InitialCommit-31500-g7d82535c55",
    "spells_revision": "7d82535c55b37e5d835b6dc3c72414cd73f02304",
    "date_postprocessing": "2021-05-25T13:15:50-07:00",
    "date_run_earliest": "2021-04-15T18:33:56",
    "date_run_latest": "2021-04-23T07:41:12",
    "date_link_earliest": "2021-04-14T20:34:04-07:00"
}