{
    "simulation_name": "38/Lev2",
    "alternative_names": "BFI:SurveyMeanAno_v2:38",
    "keywords": [],
    "point_of_contact_email": "peter.nee@aei.mpg.de",
    "authors_emails": [],
    "simulation_bibtex_keys": "SXSCatalog",
    "code_bibtex_keys": [
        "Ossokine:2013zga",
        "Hemberger:2012jz",
        "Szilagyi:2009qz",
        "Boyle:2009vi",
        "Scheel:2008rj",
        "Boyle:2007ft",
        "Scheel:2006gg",
        "Lindblom:2005qh",
        "Pfeiffer:2002wt",
        "SpECwebsite"
    ],
    "initial_data_bibtex_keys": [
        "Buchman:2012dw",
        "Lovelace:2008tw",
        "Pfeiffer:2007yz",
        "Caudill:2006hw",
        "Cook:2004kt"
    ],
    "quasicircular_bibtex_keys": [
        "Mroue:2012kv",
        "Buonanno:2010yk",
        "Mroue:2010re",
        "Boyle:2007ft"
    ],
    "initial_data_type": "BBH_SKS",
    "initial_separation": 25.56238457,
    "initial_orbital_frequency": 0.00651789,
    "initial_adot": -2.179e-05,
    "object1": "bh",
    "object2": "bh",
    "initial_ADM_energy": 0.9943340297748366,
    "initial_ADM_linear_momentum": [
        3.784662687e-07,
        1.5027409692e-06,
        2.99516e-11
    ],
    "initial_ADM_angular_momentum": [
        -2.132143e-10,
        8.80446e-11,
        1.2072828673024756
    ],
    "initial_mass1": 0.4999999481369478,
    "initial_mass2": 0.4999999472901106,
    "initial_dimensionless_spin1": [
        7.444e-13,
        -2.5119e-12,
        -2.24962744e-08
    ],
    "initial_dimensionless_spin2": [
        2.7513e-12,
        -4.4267e-12,
        -4.33903329e-08
    ],
    "initial_position1": [
        12.781192036348225,
        -1.2314898115e-06,
        1.48064784e-08
    ],
    "initial_position2": [
        -12.781192533651774,
        -1.2314898115e-06,
        1.48064784e-08
    ],
    "relaxation_time": 160.0,
    "reference_time": 160.0,
    "reference_mass1": 0.500004728419427,
    "reference_mass2": 0.5000047654616073,
    "reference_dimensionless_spin1": [
        -5.565122756127267e-09,
        2.119062323552645e-08,
        1.950489785405725e-06
    ],
    "reference_dimensionless_spin2": [
        5.682004997532597e-09,
        -2.013914453433682e-08,
        1.822979702291068e-06
    ],
    "reference_position1": [
        4.659378544265383,
        10.239409165939792,
        -4.5260997788652316e-07
    ],
    "reference_position2": [
        -4.659254257324811,
        -10.238937341985176,
        -4.4556920235276667e-07
    ],
    "reference_orbital_frequency": [
        -1.3815052038295028e-11,
        9.238069063923465e-12,
        0.008584705191302543
    ],
    "reference_eccentricity": 0.1187189,
    "reference_mean_anomaly": 5.736746,
    "common_horizon_time": 11574.626000264348,
    "number_of_orbits": 30.862692622506714,
    "remnant_mass": 0.9518908638822106,
    "remnant_dimensionless_spin": [
        -3.89553769422532e-09,
        1.8032761919990079e-09,
        0.6871633003061571
    ],
    "remnant_velocity": [
        2.5341260868504825e-07,
        1.5034401763015242e-06,
        -2.9764260389238924e-08
    ],
    "metadata_version": 1,
    "spec_revisions": "InitialCommit-32542-g5a7ca5896e",
    "spells_revision": "5a7ca5896e65b8bba5a4841c4b37f99431d3e420",
    "date_postprocessing": "2024-06-14T14:01:11.966436-07:00",
    "date_run_earliest": "2024-06-02T15:39:45",
    "date_run_latest": "2024-06-08T21:52:55",
    "date_link_earliest": "2024-05-27T11:24:22+02:00"
}