{
    "simulation_name": "43/Lev2",
    "alternative_names": "BFI:SurveyMeanAno_v2:43",
    "keywords": [],
    "point_of_contact_email": "peter.nee@aei.mpg.de",
    "authors_emails": [],
    "simulation_bibtex_keys": "SXSCatalog",
    "code_bibtex_keys": [
        "Ossokine:2013zga",
        "Hemberger:2012jz",
        "Szilagyi:2009qz",
        "Boyle:2009vi",
        "Scheel:2008rj",
        "Boyle:2007ft",
        "Scheel:2006gg",
        "Lindblom:2005qh",
        "Pfeiffer:2002wt",
        "SpECwebsite"
    ],
    "initial_data_bibtex_keys": [
        "Buchman:2012dw",
        "Lovelace:2008tw",
        "Pfeiffer:2007yz",
        "Caudill:2006hw",
        "Cook:2004kt"
    ],
    "quasicircular_bibtex_keys": [
        "Mroue:2012kv",
        "Buonanno:2010yk",
        "Mroue:2010re",
        "Boyle:2007ft"
    ],
    "initial_data_type": "BBH_SKS",
    "initial_separation": 34.67830574,
    "initial_orbital_frequency": 0.0032962,
    "initial_adot": 1.25e-06,
    "object1": "bh",
    "object2": "bh",
    "initial_ADM_energy": 0.9954640730296018,
    "initial_ADM_linear_momentum": [
        -1.98397838e-08,
        5.7768988e-09,
        -1.12417e-11
    ],
    "initial_ADM_angular_momentum": [
        2.8697e-12,
        1.122107e-10,
        1.4529242999569072
    ],
    "initial_mass1": 0.6666666817895688,
    "initial_mass2": 0.3333333021121587,
    "initial_dimensionless_spin1": [
        3.271e-13,
        -2.006e-13,
        0.8000000048395429
    ],
    "initial_dimensionless_spin2": [
        -6.485e-13,
        3.238e-13,
        0.7999999340161458
    ],
    "initial_position1": [
        11.538048578426936,
        0.0132646384627941,
        4.5758882e-09
    ],
    "initial_position2": [
        -23.14025716157306,
        0.0132646384627941,
        4.5758882e-09
    ],
    "relaxation_time": 160.0,
    "reference_time": 160.0,
    "reference_mass1": 0.6666692136503447,
    "reference_mass2": 0.333346597767861,
    "reference_dimensionless_spin1": [
        1.1026120528778534e-08,
        -2.5395481405629756e-08,
        0.8000032397888174
    ],
    "reference_dimensionless_spin2": [
        1.46117067033374e-08,
        2.297514408971243e-09,
        0.799960207559406
    ],
    "reference_position1": [
        8.261248111877425,
        5.717101604889795,
        2.6546087146075493e-07
    ],
    "reference_position2": [
        -16.578159710074114,
        -11.523904732519297,
        3.064606571026175e-08
    ],
    "reference_orbital_frequency": [
        2.651057388396711e-10,
        -4.440835980323814e-10,
        0.004562653371081565
    ],
    "reference_eccentricity": "<9.2e+00",
    "reference_mean_anomaly": 5.418655,
    "common_horizon_time": 11341.481565524404,
    "number_of_orbits": 31.555093788281216,
    "remnant_mass": 0.9240080134296909,
    "remnant_dimensionless_spin": [
        -4.1528198371602476e-08,
        4.7586536707079684e-08,
        0.9018350774739401
    ],
    "remnant_velocity": [
        -3.259197093406753e-05,
        3.648841061990097e-05,
        3.3906702297928584e-08
    ],
    "metadata_version": 1,
    "spec_revisions": "InitialCommit-32542-g5a7ca5896e",
    "spells_revision": "5a7ca5896e65b8bba5a4841c4b37f99431d3e420",
    "date_postprocessing": "2024-07-31T09:46:06.897639-07:00",
    "date_run_earliest": "2024-06-15T23:24:22",
    "date_run_latest": "2024-07-10T20:14:34",
    "date_link_earliest": "2024-05-27T11:24:22+02:00"
}