{
    "simulation_name": "007/Lev2",
    "alternative_names": [
        "BFI:Ecc1dSur_rerun:007",
        "SXS:BBH:2576"
    ],
    "keywords": [],
    "point_of_contact_email": "sfield@astro.cornell.edu",
    "authors_emails": [],
    "simulation_bibtex_keys": [
        "SXSCatalog",
        "Islam:2021mha"
    ],
    "code_bibtex_keys": [
        "Ossokine:2013zga",
        "Hemberger:2012jz",
        "Szilagyi:2009qz",
        "Boyle:2009vi",
        "Scheel:2008rj",
        "Boyle:2007ft",
        "Scheel:2006gg",
        "Lindblom:2005qh",
        "Pfeiffer:2002wt",
        "SpECwebsite"
    ],
    "initial_data_bibtex_keys": [
        "Buchman:2012dw",
        "Lovelace:2008tw",
        "Pfeiffer:2007yz",
        "Caudill:2006hw",
        "Cook:2004kt"
    ],
    "quasicircular_bibtex_keys": [
        "Mroue:2012kv",
        "Buonanno:2010yk",
        "Mroue:2010re",
        "Boyle:2007ft"
    ],
    "initial_data_type": "BBH_SHK",
    "initial_separation": 18.21531964,
    "initial_orbital_frequency": 0.01190081,
    "initial_adot": -1.77716e-05,
    "object1": "bh",
    "object2": "bh",
    "initial_ADM_energy": 0.9936036751023087,
    "initial_ADM_linear_momentum": [
        2.454935e-09,
        9.194161e-09,
        -3.6643e-12
    ],
    "initial_ADM_angular_momentum": [
        -3.50344e-11,
        8.6307e-12,
        1.1744330877468614
    ],
    "initial_mass1": 0.4999998915663126,
    "initial_mass2": 0.4999998760320228,
    "initial_dimensionless_spin1": [
        1.5541e-12,
        1.1911e-12,
        6.0317655e-09
    ],
    "initial_dimensionless_spin2": [
        -2.799e-13,
        -4.602e-13,
        -4.3941301e-09
    ],
    "initial_position1": [
        9.107659852229165,
        -2.965560914e-07,
        1.355403516e-07
    ],
    "initial_position2": [
        -9.107659787770835,
        -2.965560914e-07,
        1.355403516e-07
    ],
    "relaxation_time": 420.0,
    "reference_time": 420.0,
    "reference_mass1": 0.499999985218,
    "reference_mass2": 0.499999968515,
    "reference_dimensionless_spin1": [
        9.25178113754e-10,
        -1.96205987079e-09,
        -2.9028963146e-06
    ],
    "reference_dimensionless_spin2": [
        -8.89142336454e-10,
        2.18549747336e-09,
        -2.91333649308e-06
    ],
    "reference_position1": [
        5.65155706243,
        -6.93554415082,
        -8.25904655779e-07
    ],
    "reference_position2": [
        -5.65155430433,
        6.9355510176,
        -8.2165897637e-07
    ],
    "reference_orbital_frequency": [
        3.34545218655e-12,
        -1.23940640218e-12,
        0.0129557457122
    ],
    "reference_eccentricity": 0.0480584,
    "reference_mean_anomaly": 1.776393,
    "common_horizon_time": 8704.68596115,
    "number_of_orbits": 26.5666958207,
    "remnant_mass": 0.951583597623,
    "remnant_dimensionless_spin": [
        3.34971097095e-10,
        2.30808862606e-10,
        0.686407428187
    ],
    "remnant_velocity": [
        3.48756542752e-09,
        9.26946803894e-09,
        6.703734943e-08
    ],
    "metadata_version": 1,
    "spec_revisions": "InitialCommit-31500-g7d82535c55",
    "spells_revision": "7d82535c55b37e5d835b6dc3c72414cd73f02304",
    "date_postprocessing": "2021-05-25T13:15:50-07:00",
    "date_run_earliest": "2021-04-18T18:25:33",
    "date_run_latest": "2021-04-24T00:46:12",
    "date_link_earliest": "2021-04-14T20:34:04-07:00"
}