{
    "simulation_name": "39/Lev1",
    "alternative_names": "BFI:SurveyMeanAno_v2:39",
    "keywords": [],
    "point_of_contact_email": "peter.nee@aei.mpg.de",
    "authors_emails": [],
    "simulation_bibtex_keys": "SXSCatalog",
    "code_bibtex_keys": [
        "Ossokine:2013zga",
        "Hemberger:2012jz",
        "Szilagyi:2009qz",
        "Boyle:2009vi",
        "Scheel:2008rj",
        "Boyle:2007ft",
        "Scheel:2006gg",
        "Lindblom:2005qh",
        "Pfeiffer:2002wt",
        "SpECwebsite"
    ],
    "initial_data_bibtex_keys": [
        "Buchman:2012dw",
        "Lovelace:2008tw",
        "Pfeiffer:2007yz",
        "Caudill:2006hw",
        "Cook:2004kt"
    ],
    "quasicircular_bibtex_keys": [
        "Mroue:2012kv",
        "Buonanno:2010yk",
        "Mroue:2010re",
        "Boyle:2007ft"
    ],
    "initial_data_type": "BBH_SKS",
    "initial_separation": 25.629253,
    "initial_orbital_frequency": 0.00648933,
    "initial_adot": -2.179e-05,
    "object1": "bh",
    "object2": "bh",
    "initial_ADM_energy": 0.9943433930227193,
    "initial_ADM_linear_momentum": [
        4.377872175e-07,
        2.2962098745e-06,
        -3.32122e-11
    ],
    "initial_ADM_angular_momentum": [
        -5.9093e-12,
        -2.18575e-11,
        1.2079005463391201
    ],
    "initial_mass1": 0.4999999538813524,
    "initial_mass2": 0.4999999410536944,
    "initial_dimensionless_spin1": [
        2.5125e-12,
        -4.3105e-12,
        5.57089076e-08
    ],
    "initial_dimensionless_spin2": [
        -3.6331e-12,
        5.266e-12,
        -2.94308008e-08
    ],
    "initial_position1": [
        12.814613384846352,
        -2.6479078498e-06,
        -3.82244067e-08
    ],
    "initial_position2": [
        -12.814639615153647,
        -2.6479078498e-06,
        -3.82244067e-08
    ],
    "relaxation_time": 160.0,
    "reference_time": 160.0,
    "reference_mass1": 0.5000036905431082,
    "reference_mass2": 0.5000037103748154,
    "reference_dimensionless_spin1": [
        -5.818223919497532e-09,
        1.8332492692814088e-08,
        5.608450260173062e-06
    ],
    "reference_dimensionless_spin2": [
        6.357259890308968e-09,
        -1.761117157136182e-08,
        5.345263103668735e-06
    ],
    "reference_position1": [
        4.7276939537953115,
        10.243838564880638,
        -5.436538843368379e-07
    ],
    "reference_position2": [
        -4.727575905290193,
        -10.243122157551586,
        -5.412855560950988e-07
    ],
    "reference_orbital_frequency": [
        1.2671292989888083e-12,
        4.0255728423627413e-13,
        0.008541140701053012
    ],
    "reference_eccentricity": 0.1531718,
    "reference_mean_anomaly": 5.858709,
    "common_horizon_time": 11630.026740783054,
    "number_of_orbits": 30.940559165022183,
    "remnant_mass": 0.9517622902900693,
    "remnant_dimensionless_spin": [
        -1.2266070439140656e-08,
        -1.3305622500017062e-08,
        0.6874881895308574
    ],
    "remnant_velocity": [
        3.295466040581033e-07,
        2.2993221452348474e-06,
        -2.892242008993936e-08
    ],
    "metadata_version": 1,
    "spec_revisions": "InitialCommit-32542-g5a7ca5896e",
    "spells_revision": "5a7ca5896e65b8bba5a4841c4b37f99431d3e420",
    "date_postprocessing": "2024-06-14T16:22:26.680433-07:00",
    "date_run_earliest": "2024-05-30T18:13:51",
    "date_run_latest": "2024-06-04T21:24:11",
    "date_link_earliest": "2024-05-27T11:24:22+02:00"
}