{
    "simulation_name": "027/Lev2",
    "alternative_names": [
        "BFI:Ecc1dSur_rerun:027",
        "SXS:BBH:2596"
    ],
    "keywords": [],
    "point_of_contact_email": "sfield@astro.cornell.edu",
    "authors_emails": [],
    "simulation_bibtex_keys": [
        "SXSCatalog",
        "Islam:2021mha"
    ],
    "code_bibtex_keys": [
        "Ossokine:2013zga",
        "Hemberger:2012jz",
        "Szilagyi:2009qz",
        "Boyle:2009vi",
        "Scheel:2008rj",
        "Boyle:2007ft",
        "Scheel:2006gg",
        "Lindblom:2005qh",
        "Pfeiffer:2002wt",
        "SpECwebsite"
    ],
    "initial_data_bibtex_keys": [
        "Buchman:2012dw",
        "Lovelace:2008tw",
        "Pfeiffer:2007yz",
        "Caudill:2006hw",
        "Cook:2004kt"
    ],
    "quasicircular_bibtex_keys": [
        "Mroue:2012kv",
        "Buonanno:2010yk",
        "Mroue:2010re",
        "Boyle:2007ft"
    ],
    "initial_data_type": "BBH_SHK",
    "initial_separation": 21.58840019,
    "initial_orbital_frequency": 0.00873003,
    "initial_adot": -6e-16,
    "object1": "bh",
    "object2": "bh",
    "initial_ADM_energy": 0.9938050435193315,
    "initial_ADM_linear_momentum": [
        6.0299611e-09,
        1.70791434e-08,
        -2.7501e-11
    ],
    "initial_ADM_angular_momentum": [
        -3.462618e-10,
        2.75627e-10,
        1.1764081916661433
    ],
    "initial_mass1": 0.5000000816281877,
    "initial_mass2": 0.5000000843723751,
    "initial_dimensionless_spin1": [
        -2.82e-14,
        6.9e-15,
        -8.898528e-10
    ],
    "initial_dimensionless_spin2": [
        9.7e-15,
        1.37e-14,
        -9.2894e-11
    ],
    "initial_position1": [
        10.794199973538145,
        2.24948237e-08,
        -3.57559116e-08
    ],
    "initial_position2": [
        -10.794200216461856,
        2.24948237e-08,
        -3.57559116e-08
    ],
    "relaxation_time": 310.0,
    "reference_time": 310.0,
    "reference_mass1": 0.500000135679,
    "reference_mass2": 0.50000011798,
    "reference_dimensionless_spin1": [
        -2.79278186778e-12,
        -2.00432015915e-11,
        -1.33389844257e-08
    ],
    "reference_dimensionless_spin2": [
        7.93727985058e-12,
        2.54765089982e-11,
        -1.45805530987e-08
    ],
    "reference_position1": [
        -6.43423997895,
        -4.34561856548,
        7.44896318445e-08
    ],
    "reference_position2": [
        6.43424375767,
        4.3456225309,
        7.62116046776e-08
    ],
    "reference_orbital_frequency": [
        -1.29990920575e-12,
        -1.46561655128e-12,
        0.0171117027565
    ],
    "reference_eccentricity": "<7.9e-01",
    "reference_mean_anomaly": 1.505849,
    "common_horizon_time": 8861.91566661,
    "number_of_orbits": 26.4203350987,
    "remnant_mass": 0.951427670232,
    "remnant_dimensionless_spin": [
        4.07397113106e-10,
        -3.69682488062e-10,
        0.68698400422
    ],
    "remnant_velocity": [
        3.58067808261e-09,
        4.56500608652e-09,
        8.18958600891e-08
    ],
    "metadata_version": 1,
    "spec_revisions": "InitialCommit-31500-g7d82535c55",
    "spells_revision": "7d82535c55b37e5d835b6dc3c72414cd73f02304",
    "date_postprocessing": "2021-05-25T13:15:50-07:00",
    "date_run_earliest": "2021-04-19T00:31:30",
    "date_run_latest": "2021-04-24T20:19:24",
    "date_link_earliest": "2021-04-14T20:34:04-07:00"
}