{
    "simulation_name": "29/Lev1",
    "alternative_names": "BFI:SurveyMeanAno_v2:29",
    "keywords": [],
    "point_of_contact_email": "peter.nee@aei.mpg.de",
    "authors_emails": [],
    "simulation_bibtex_keys": "SXSCatalog",
    "code_bibtex_keys": [
        "Ossokine:2013zga",
        "Hemberger:2012jz",
        "Szilagyi:2009qz",
        "Boyle:2009vi",
        "Scheel:2008rj",
        "Boyle:2007ft",
        "Scheel:2006gg",
        "Lindblom:2005qh",
        "Pfeiffer:2002wt",
        "SpECwebsite"
    ],
    "initial_data_bibtex_keys": [
        "Buchman:2012dw",
        "Lovelace:2008tw",
        "Pfeiffer:2007yz",
        "Caudill:2006hw",
        "Cook:2004kt"
    ],
    "quasicircular_bibtex_keys": [
        "Mroue:2012kv",
        "Buonanno:2010yk",
        "Mroue:2010re",
        "Boyle:2007ft"
    ],
    "initial_data_type": "BBH_SKS",
    "initial_separation": 37.12736296,
    "initial_orbital_frequency": 0.00320618,
    "initial_adot": 2.81e-06,
    "object1": "bh",
    "object2": "bh",
    "initial_ADM_energy": 0.9952831627372276,
    "initial_ADM_linear_momentum": [
        -1.32376781e-08,
        5.282292e-10,
        3.29913e-11
    ],
    "initial_ADM_angular_momentum": [
        2.279514e-10,
        -4.550905e-10,
        1.2047983489028424
    ],
    "initial_mass1": 0.5000000047839287,
    "initial_mass2": 0.5000000104182689,
    "initial_dimensionless_spin1": [
        1.00546e-11,
        2.96783e-11,
        1.10842079e-08
    ],
    "initial_dimensionless_spin2": [
        1.328e-13,
        -6.532e-13,
        -4.904995e-10
    ],
    "initial_position1": [
        18.563681856589966,
        -3.267652106e-07,
        1.18310359e-08
    ],
    "initial_position2": [
        -18.563681103410033,
        -3.267652106e-07,
        1.18310359e-08
    ],
    "relaxation_time": 160.0,
    "reference_time": 160.0,
    "reference_mass1": 0.5000132494915437,
    "reference_mass2": 0.5000132512281359,
    "reference_dimensionless_spin1": [
        -2.0002917900276417e-09,
        -2.7082936321778923e-09,
        4.449616513686778e-06
    ],
    "reference_dimensionless_spin2": [
        2.131005346233073e-09,
        3.1344973269822683e-09,
        4.430744932849025e-06
    ],
    "reference_position1": [
        14.446189255665605,
        8.714732265616933,
        -4.7822548940187254e-08
    ],
    "reference_position2": [
        -14.446192536679192,
        -8.714732574875777,
        -5.25053831073088e-08
    ],
    "reference_orbital_frequency": [
        3.3909549647466967e-12,
        -6.664103537392786e-12,
        0.0038820492393084887
    ],
    "reference_eccentricity": "<5.6e+00",
    "reference_mean_anomaly": 5.558724,
    "common_horizon_time": 11697.224251687892,
    "number_of_orbits": 27.673557014902016,
    "remnant_mass": 0.9509396820851649,
    "remnant_dimensionless_spin": [
        -3.4007059139063597e-08,
        3.41154494301142e-08,
        0.6861350487759692
    ],
    "remnant_velocity": [
        -6.987755225998906e-08,
        -9.37416602500614e-09,
        9.166851043619795e-09
    ],
    "metadata_version": 1,
    "spec_revisions": "InitialCommit-32539-g3b7a5a1097",
    "spells_revision": "3b7a5a10976001a860eb62560a02d73ffa9ba537",
    "date_postprocessing": "2024-06-13T21:16:41.182804-07:00",
    "date_run_earliest": "2024-03-17T05:33:02",
    "date_run_latest": "2024-03-21T10:50:14",
    "date_link_earliest": "2024-03-08T09:40:29+01:00"
}