{
    "simulation_name": "043/Lev2",
    "alternative_names": [
        "BFI:Ecc1dSur_rerun:043",
        "SXS:BBH:2612"
    ],
    "keywords": [],
    "point_of_contact_email": "sfield@astro.cornell.edu",
    "authors_emails": [],
    "simulation_bibtex_keys": [
        "SXSCatalog",
        "Islam:2021mha"
    ],
    "code_bibtex_keys": [
        "Ossokine:2013zga",
        "Hemberger:2012jz",
        "Szilagyi:2009qz",
        "Boyle:2009vi",
        "Scheel:2008rj",
        "Boyle:2007ft",
        "Scheel:2006gg",
        "Lindblom:2005qh",
        "Pfeiffer:2002wt",
        "SpECwebsite"
    ],
    "initial_data_bibtex_keys": [
        "Buchman:2012dw",
        "Lovelace:2008tw",
        "Pfeiffer:2007yz",
        "Caudill:2006hw",
        "Cook:2004kt"
    ],
    "quasicircular_bibtex_keys": [
        "Mroue:2012kv",
        "Buonanno:2010yk",
        "Mroue:2010re",
        "Boyle:2007ft"
    ],
    "initial_data_type": "BBH_SHK",
    "initial_separation": 19.51089571,
    "initial_orbital_frequency": 0.01050861,
    "initial_adot": 0.00253771,
    "object1": "bh",
    "object2": "bh",
    "initial_ADM_energy": 0.9939778926982771,
    "initial_ADM_linear_momentum": [
        -8.1681386e-09,
        -1.68259901e-08,
        -3.672358e-10
    ],
    "initial_ADM_angular_momentum": [
        -5.871485e-10,
        -2.533483e-10,
        1.1717904482775086
    ],
    "initial_mass1": 0.5000000093247245,
    "initial_mass2": 0.5000000002240736,
    "initial_dimensionless_spin1": [
        3.162693e-10,
        3.894261e-10,
        1.238572191e-07
    ],
    "initial_dimensionless_spin2": [
        -8.48548e-10,
        -8.589687e-10,
        -8.6140223e-08
    ],
    "initial_position1": [
        9.755446713160623,
        2.263759085e-07,
        -9.86789172e-08
    ],
    "initial_position2": [
        -9.755448996839377,
        2.263759085e-07,
        -9.86789172e-08
    ],
    "relaxation_time": 370.0,
    "reference_time": 370.0,
    "reference_mass1": 0.499998636588,
    "reference_mass2": 0.499998662299,
    "reference_dimensionless_spin1": [
        -1.05301446657e-09,
        -1.9783677924e-10,
        -1.75068750387e-06
    ],
    "reference_dimensionless_spin2": [
        -3.2650655314e-10,
        -1.10920057568e-09,
        -1.89929590693e-06
    ],
    "reference_position1": [
        -9.39456337099,
        0.746055415128,
        4.56143790086e-07
    ],
    "reference_position2": [
        9.39455531694,
        -0.746065360801,
        4.61037275611e-07
    ],
    "reference_orbital_frequency": [
        -3.16475998769e-12,
        -1.31645298218e-12,
        0.011750059113
    ],
    "reference_eccentricity": "<5.1e-01",
    "reference_mean_anomaly": 4.910024,
    "common_horizon_time": 8643.70372452,
    "number_of_orbits": 25.2668550393,
    "remnant_mass": 0.951560068355,
    "remnant_dimensionless_spin": [
        -4.0385893867e-10,
        -6.88884759591e-10,
        0.687853390458
    ],
    "remnant_velocity": [
        -4.9266048542e-09,
        -1.56280711301e-08,
        7.65895294828e-08
    ],
    "metadata_version": 1,
    "spec_revisions": "InitialCommit-31500-g7d82535c55",
    "spells_revision": "7d82535c55b37e5d835b6dc3c72414cd73f02304",
    "date_postprocessing": "2021-05-25T13:15:50-07:00",
    "date_run_earliest": "2021-04-18T21:49:20",
    "date_run_latest": "2021-04-24T02:07:29",
    "date_link_earliest": "2021-04-14T20:34:04-07:00"
}