{
    "simulation_name": "021/Lev3",
    "alternative_names": [
        "BFI:Ecc1dSur_rerun:021",
        "SXS:BBH:2590"
    ],
    "keywords": [],
    "point_of_contact_email": "sfield@astro.cornell.edu",
    "authors_emails": [],
    "simulation_bibtex_keys": [
        "SXSCatalog",
        "Islam:2021mha"
    ],
    "code_bibtex_keys": [
        "Ossokine:2013zga",
        "Hemberger:2012jz",
        "Szilagyi:2009qz",
        "Boyle:2009vi",
        "Scheel:2008rj",
        "Boyle:2007ft",
        "Scheel:2006gg",
        "Lindblom:2005qh",
        "Pfeiffer:2002wt",
        "SpECwebsite"
    ],
    "initial_data_bibtex_keys": [
        "Buchman:2012dw",
        "Lovelace:2008tw",
        "Pfeiffer:2007yz",
        "Caudill:2006hw",
        "Cook:2004kt"
    ],
    "quasicircular_bibtex_keys": [
        "Mroue:2012kv",
        "Buonanno:2010yk",
        "Mroue:2010re",
        "Boyle:2007ft"
    ],
    "initial_data_type": "BBH_SHK",
    "initial_separation": 14.93404272,
    "initial_orbital_frequency": 0.01679102,
    "initial_adot": -0.000481073,
    "object1": "bh",
    "object2": "bh",
    "initial_ADM_energy": 0.993526961059842,
    "initial_ADM_linear_momentum": [
        8.084067e-10,
        -3.8596578e-09,
        3.47461e-11
    ],
    "initial_ADM_angular_momentum": [
        1.90894e-11,
        9.4284e-12,
        1.159547381636185
    ],
    "initial_mass1": 0.500000025186825,
    "initial_mass2": 0.5000000102442569,
    "initial_dimensionless_spin1": [
        9.0129e-11,
        1.47677e-10,
        -1.17484935e-08
    ],
    "initial_dimensionless_spin2": [
        2.83301e-11,
        5.5558e-11,
        9.1841166e-09
    ],
    "initial_position1": [
        7.467020614997432,
        1.081686679e-07,
        1.475994e-10
    ],
    "initial_position2": [
        -7.4670221050025685,
        1.081686679e-07,
        1.475994e-10
    ],
    "relaxation_time": 390.0,
    "reference_time": 390.0,
    "reference_mass1": 0.499999492817,
    "reference_mass2": 0.499999479493,
    "reference_dimensionless_spin1": [
        2.67478145604e-10,
        -1.21563338334e-09,
        2.9182434789e-06
    ],
    "reference_dimensionless_spin2": [
        -2.19017498799e-10,
        1.21594312677e-09,
        2.96853411635e-06
    ],
    "reference_position1": [
        2.3361031962,
        -9.430436588,
        -2.25170987882e-07
    ],
    "reference_position2": [
        -2.33609944744,
        9.43044037842,
        -2.26273502645e-07
    ],
    "reference_orbital_frequency": [
        1.05503339813e-14,
        6.40418737224e-13,
        0.0109110246125
    ],
    "reference_eccentricity": 0.097273,
    "reference_mean_anomaly": 3.67439,
    "common_horizon_time": 7626.71518403,
    "number_of_orbits": 24.1573956767,
    "remnant_mass": 0.951828737211,
    "remnant_dimensionless_spin": [
        -8.11596701451e-10,
        -2.35819393848e-10,
        0.686267304606
    ],
    "remnant_velocity": [
        -2.50962570559e-09,
        1.34521699738e-08,
        5.97743540471e-08
    ],
    "metadata_version": 1,
    "spec_revisions": "InitialCommit-31500-g7d82535c55",
    "spells_revision": "7d82535c55b37e5d835b6dc3c72414cd73f02304",
    "date_postprocessing": "2021-05-25T13:15:50-07:00",
    "date_run_earliest": "2021-04-18T18:27:01",
    "date_run_latest": "2021-04-22T17:28:58",
    "date_link_earliest": "2021-04-14T20:34:04-07:00"
}