{
    "simulation_name": "017/Lev2",
    "alternative_names": [
        "BFI:Ecc1dSur_rerun:017",
        "SXS:BBH:2586"
    ],
    "keywords": [],
    "point_of_contact_email": "sfield@astro.cornell.edu",
    "authors_emails": [],
    "simulation_bibtex_keys": [
        "SXSCatalog",
        "Islam:2021mha"
    ],
    "code_bibtex_keys": [
        "Ossokine:2013zga",
        "Hemberger:2012jz",
        "Szilagyi:2009qz",
        "Boyle:2009vi",
        "Scheel:2008rj",
        "Boyle:2007ft",
        "Scheel:2006gg",
        "Lindblom:2005qh",
        "Pfeiffer:2002wt",
        "SpECwebsite"
    ],
    "initial_data_bibtex_keys": [
        "Buchman:2012dw",
        "Lovelace:2008tw",
        "Pfeiffer:2007yz",
        "Caudill:2006hw",
        "Cook:2004kt"
    ],
    "quasicircular_bibtex_keys": [
        "Mroue:2012kv",
        "Buonanno:2010yk",
        "Mroue:2010re",
        "Boyle:2007ft"
    ],
    "initial_data_type": "BBH_SHK",
    "initial_separation": 14.93222754,
    "initial_orbital_frequency": 0.01676296,
    "initial_adot": -0.000489702,
    "object1": "bh",
    "object2": "bh",
    "initial_ADM_energy": 0.9934902856364379,
    "initial_ADM_linear_momentum": [
        -8.046637e-10,
        -4.5171901e-09,
        6.22712e-11
    ],
    "initial_ADM_angular_momentum": [
        5.76991e-11,
        -3.85618e-11,
        1.1573211106457726
    ],
    "initial_mass1": 0.499999983469322,
    "initial_mass2": 0.499999978143683,
    "initial_dimensionless_spin1": [
        -3.095259e-10,
        -5.488388e-10,
        -2.36043558e-08
    ],
    "initial_dimensionless_spin2": [
        5.02983e-11,
        9.48673e-11,
        -3.3213981e-08
    ],
    "initial_position1": [
        7.466113935733605,
        -1.216186064e-07,
        1.119737e-10
    ],
    "initial_position2": [
        -7.466113604266394,
        -1.216186064e-07,
        1.119737e-10
    ],
    "relaxation_time": 230.0,
    "reference_time": 230.0,
    "reference_mass1": 0.500000274353,
    "reference_mass2": 0.500000271164,
    "reference_dimensionless_spin1": [
        -7.33284628902e-08,
        -1.92557362459e-08,
        -1.54900835401e-07
    ],
    "reference_dimensionless_spin2": [
        9.17132983461e-08,
        1.24968770356e-08,
        -2.14351888517e-07
    ],
    "reference_position1": [
        -9.52390658342,
        -1.61637035055,
        9.35731412192e-08
    ],
    "reference_position2": [
        9.52390662412,
        1.6163683297,
        9.78298885624e-08
    ],
    "reference_orbital_frequency": [
        -2.04069699675e-12,
        -2.47105987814e-12,
        0.0110081952906
    ],
    "reference_eccentricity": 0.088152,
    "reference_mean_anomaly": 2.062351,
    "common_horizon_time": 7468.85484805,
    "number_of_orbits": 23.8331680994,
    "remnant_mass": 0.951551136469,
    "remnant_dimensionless_spin": [
        -1.26070552939e-09,
        -1.2890844229e-09,
        0.685748621992
    ],
    "remnant_velocity": [
        -1.55194610832e-10,
        -4.30896877375e-11,
        1.09175836039e-07
    ],
    "metadata_version": 1,
    "spec_revisions": "InitialCommit-31500-g7d82535c55",
    "spells_revision": "7d82535c55b37e5d835b6dc3c72414cd73f02304",
    "date_postprocessing": "2021-05-25T13:15:50-07:00",
    "date_run_earliest": "2021-04-18T18:26:42",
    "date_run_latest": "2021-04-21T21:24:33",
    "date_link_earliest": "2021-04-14T20:34:04-07:00"
}