{
    "simulation_name": "10/Lev3",
    "alternative_names": "BFI:SurveyMeanAno_v2:10",
    "keywords": [],
    "point_of_contact_email": "peter.nee@aei.mpg.de",
    "authors_emails": [],
    "simulation_bibtex_keys": "SXSCatalog",
    "code_bibtex_keys": [
        "Ossokine:2013zga",
        "Hemberger:2012jz",
        "Szilagyi:2009qz",
        "Boyle:2009vi",
        "Scheel:2008rj",
        "Boyle:2007ft",
        "Scheel:2006gg",
        "Lindblom:2005qh",
        "Pfeiffer:2002wt",
        "SpECwebsite"
    ],
    "initial_data_bibtex_keys": [
        "Buchman:2012dw",
        "Lovelace:2008tw",
        "Pfeiffer:2007yz",
        "Caudill:2006hw",
        "Cook:2004kt"
    ],
    "quasicircular_bibtex_keys": [
        "Mroue:2012kv",
        "Buonanno:2010yk",
        "Mroue:2010re",
        "Boyle:2007ft"
    ],
    "initial_data_type": "BBH_SKS",
    "initial_separation": 38.07233297,
    "initial_orbital_frequency": 0.00304556,
    "initial_adot": 2.23e-06,
    "object1": "bh",
    "object2": "bh",
    "initial_ADM_energy": 0.995343219431235,
    "initial_ADM_linear_momentum": [
        2.2299423e-09,
        -1.019250108e-07,
        -7.62302e-11
    ],
    "initial_ADM_angular_momentum": [
        -4.1515227e-09,
        2.1392214e-09,
        1.2008543035720527
    ],
    "initial_mass1": 0.4999999676750068,
    "initial_mass2": 0.4999999387458131,
    "initial_dimensionless_spin1": [
        -7.3394e-12,
        1.00273e-11,
        -5.9101703e-09
    ],
    "initial_dimensionless_spin2": [
        -1.68452515e-08,
        9.1658325e-09,
        -1.6766331e-09
    ],
    "initial_position1": [
        19.03611356343022,
        -1.48185108543e-05,
        -4.586237215e-07
    ],
    "initial_position2": [
        -19.036219406569778,
        -1.48185108543e-05,
        -4.586237215e-07
    ],
    "relaxation_time": 160.0,
    "reference_time": 160.0,
    "reference_mass1": 0.500004958378507,
    "reference_mass2": 0.5000049330290849,
    "reference_dimensionless_spin1": [
        -2.9198182151516218e-09,
        -2.8202332243393152e-09,
        -3.1946832757155727e-06
    ],
    "reference_dimensionless_spin2": [
        -1.2991176122357402e-08,
        1.125282128719309e-08,
        -3.1908422980476565e-06
    ],
    "reference_position1": [
        15.107920943505341,
        8.536595632527389,
        -3.9626947433700443e-07
    ],
    "reference_position2": [
        -15.108025486421946,
        -8.536658191518498,
        -3.918703904438398e-07
    ],
    "reference_orbital_frequency": [
        1.6382648271418579e-12,
        -1.9556056064516076e-12,
        0.0036628470262442554
    ],
    "reference_eccentricity": "<7.9e+00",
    "reference_mean_anomaly": 5.06635,
    "common_horizon_time": 11354.922573099098,
    "number_of_orbits": 26.876102388038216,
    "remnant_mass": 0.9520251747355248,
    "remnant_dimensionless_spin": [
        -2.6690015390922326e-09,
        1.3349204624321302e-09,
        0.6842570767087158
    ],
    "remnant_velocity": [
        1.2613863877107893e-08,
        -1.4419391969226624e-07,
        2.1760621364150254e-08
    ],
    "metadata_version": 1,
    "spec_revisions": [
        "InitialCommit-32534-gec089a2f94",
        "InitialCommit-32539-g3b7a5a1097"
    ],
    "spells_revision": "ec089a2f9403004643c204dc5299b1de7726cd9b",
    "date_postprocessing": "2024-05-27T13:45:13.100563-07:00",
    "date_run_earliest": "2024-02-28T08:52:19",
    "date_run_latest": "2024-03-10T17:37:36",
    "date_link_earliest": "2024-02-26T14:13:43+01:00"
}