{
    "simulation_name": "004/Lev2",
    "alternative_names": [
        "BFI:Ecc1dSur_rerun:004",
        "SXS:BBH:2573"
    ],
    "keywords": [],
    "point_of_contact_email": "sfield@astro.cornell.edu",
    "authors_emails": [],
    "simulation_bibtex_keys": [
        "SXSCatalog",
        "Islam:2021mha"
    ],
    "code_bibtex_keys": [
        "Ossokine:2013zga",
        "Hemberger:2012jz",
        "Szilagyi:2009qz",
        "Boyle:2009vi",
        "Scheel:2008rj",
        "Boyle:2007ft",
        "Scheel:2006gg",
        "Lindblom:2005qh",
        "Pfeiffer:2002wt",
        "SpECwebsite"
    ],
    "initial_data_bibtex_keys": [
        "Buchman:2012dw",
        "Lovelace:2008tw",
        "Pfeiffer:2007yz",
        "Caudill:2006hw",
        "Cook:2004kt"
    ],
    "quasicircular_bibtex_keys": [
        "Mroue:2012kv",
        "Buonanno:2010yk",
        "Mroue:2010re",
        "Boyle:2007ft"
    ],
    "initial_data_type": "BBH_SHK",
    "initial_separation": 17.63018311,
    "initial_orbital_frequency": 0.01264753,
    "initial_adot": -0.00017543,
    "object1": "bh",
    "object2": "bh",
    "initial_ADM_energy": 0.9936278719985157,
    "initial_ADM_linear_momentum": [
        1.9081123e-09,
        6.7145176e-09,
        -9.0439e-12
    ],
    "initial_ADM_angular_momentum": [
        3.36369e-11,
        -1.99847e-11,
        1.1765793354474432
    ],
    "initial_mass1": 0.5000000212823241,
    "initial_mass2": 0.5000000192546568,
    "initial_dimensionless_spin1": [
        1.90028e-11,
        2.60433e-11,
        -5.509434e-10
    ],
    "initial_dimensionless_spin2": [
        -3.4271e-12,
        -4.7128e-12,
        -8.918835e-10
    ],
    "initial_position1": [
        8.815092320798982,
        -1.531966168e-07,
        1.428127247e-07
    ],
    "initial_position2": [
        -8.815090789201019,
        -1.531966168e-07,
        1.428127247e-07
    ],
    "relaxation_time": 420.0,
    "reference_time": 420.0,
    "reference_mass1": 0.499999906783,
    "reference_mass2": 0.499999906423,
    "reference_dimensionless_spin1": [
        2.25147782949e-09,
        -1.41270619133e-09,
        -3.17208597618e-06
    ],
    "reference_dimensionless_spin2": [
        -1.93724957442e-09,
        1.19710339293e-09,
        -3.17861970198e-06
    ],
    "reference_position1": [
        5.33390870498,
        -7.47220535688,
        3.26075239236e-08
    ],
    "reference_position2": [
        -5.33390481929,
        7.47221013025,
        3.78288154612e-08
    ],
    "reference_orbital_frequency": [
        2.98241692822e-12,
        -2.18538157439e-12,
        0.0123484998728
    ],
    "reference_eccentricity": 0.0135981,
    "reference_mean_anomaly": 3.064213,
    "common_horizon_time": 8863.47817064,
    "number_of_orbits": 26.9055514175,
    "remnant_mass": 0.95165103628,
    "remnant_dimensionless_spin": [
        1.29673940132e-10,
        -3.33431011161e-11,
        0.686433089528
    ],
    "remnant_velocity": [
        2.70006939331e-09,
        5.46838488366e-09,
        8.4422744829e-08
    ],
    "metadata_version": 1,
    "spec_revisions": "InitialCommit-31500-g7d82535c55",
    "spells_revision": "7d82535c55b37e5d835b6dc3c72414cd73f02304",
    "date_postprocessing": "2021-05-25T13:15:50-07:00",
    "date_run_earliest": "2021-04-18T18:27:02",
    "date_run_latest": "2021-04-24T11:52:08",
    "date_link_earliest": "2021-04-14T20:34:04-07:00"
}