{
    "simulation_name": "031/Lev3",
    "alternative_names": [
        "BFI:Ecc1dSur_rerun:031",
        "SXS:BBH:2600"
    ],
    "keywords": [],
    "point_of_contact_email": "sfield@astro.cornell.edu",
    "authors_emails": [],
    "simulation_bibtex_keys": [
        "SXSCatalog",
        "Islam:2021mha"
    ],
    "code_bibtex_keys": [
        "Ossokine:2013zga",
        "Hemberger:2012jz",
        "Szilagyi:2009qz",
        "Boyle:2009vi",
        "Scheel:2008rj",
        "Boyle:2007ft",
        "Scheel:2006gg",
        "Lindblom:2005qh",
        "Pfeiffer:2002wt",
        "SpECwebsite"
    ],
    "initial_data_bibtex_keys": [
        "Buchman:2012dw",
        "Lovelace:2008tw",
        "Pfeiffer:2007yz",
        "Caudill:2006hw",
        "Cook:2004kt"
    ],
    "quasicircular_bibtex_keys": [
        "Mroue:2012kv",
        "Buonanno:2010yk",
        "Mroue:2010re",
        "Boyle:2007ft"
    ],
    "initial_data_type": "BBH_SHK",
    "initial_separation": 18.20289689,
    "initial_orbital_frequency": 0.01187099,
    "initial_adot": 0.00205003,
    "object1": "bh",
    "object2": "bh",
    "initial_ADM_energy": 0.9937200697551926,
    "initial_ADM_linear_momentum": [
        -6.5539044e-09,
        -1.81631968e-08,
        4.30995e-11
    ],
    "initial_ADM_angular_momentum": [
        1.79307e-11,
        9.19337e-11,
        1.1667640215114612
    ],
    "initial_mass1": 0.5000000554461339,
    "initial_mass2": 0.5000000412945403,
    "initial_dimensionless_spin1": [
        1.99572e-11,
        3.35282e-11,
        -3.8993664e-09
    ],
    "initial_dimensionless_spin2": [
        -1.2957442e-09,
        -1.629908e-09,
        9.52904352e-08
    ],
    "initial_position1": [
        9.101448093604576,
        8.77394785e-08,
        -2.51224807e-08
    ],
    "initial_position2": [
        -9.101448796395426,
        8.77394785e-08,
        -2.51224807e-08
    ],
    "relaxation_time": 420.0,
    "reference_time": 420.0,
    "reference_mass1": 0.500000558737,
    "reference_mass2": 0.500000543743,
    "reference_dimensionless_spin1": [
        9.64489800854e-11,
        5.03312859853e-10,
        -5.69963770543e-07
    ],
    "reference_dimensionless_spin2": [
        -1.05162792857e-10,
        -4.67031728937e-10,
        -4.86944848663e-07
    ],
    "reference_position1": [
        -1.85557622011,
        -7.57039130908,
        -7.22240451562e-08
    ],
    "reference_position2": [
        1.85557473379,
        7.57037486327,
        -7.29530553642e-08
    ],
    "reference_orbital_frequency": [
        -8.7514541937e-13,
        1.02668681496e-12,
        0.0168681152939
    ],
    "reference_eccentricity": 0.2147616,
    "reference_mean_anomaly": 5.847167,
    "common_horizon_time": 8226.78719699,
    "number_of_orbits": 25.0121143403,
    "remnant_mass": 0.951913827315,
    "remnant_dimensionless_spin": [
        -1.69370969278e-10,
        -5.42991696524e-11,
        0.686458974544
    ],
    "remnant_velocity": [
        6.41868274664e-09,
        -2.10353003315e-08,
        2.11090113479e-08
    ],
    "metadata_version": 1,
    "spec_revisions": "InitialCommit-31500-g7d82535c55",
    "spells_revision": "7d82535c55b37e5d835b6dc3c72414cd73f02304",
    "date_postprocessing": "2021-05-25T13:15:50-07:00",
    "date_run_earliest": "2021-04-15T09:08:26",
    "date_run_latest": "2021-04-21T23:20:45",
    "date_link_earliest": "2021-04-14T20:34:04-07:00"
}