{
    "simulation_name": "50/Lev1",
    "alternative_names": "BFI:SurveyMeanAno_v2:50",
    "keywords": [],
    "point_of_contact_email": "peter.nee@aei.mpg.de",
    "authors_emails": [],
    "simulation_bibtex_keys": "SXSCatalog",
    "code_bibtex_keys": [
        "Ossokine:2013zga",
        "Hemberger:2012jz",
        "Szilagyi:2009qz",
        "Boyle:2009vi",
        "Scheel:2008rj",
        "Boyle:2007ft",
        "Scheel:2006gg",
        "Lindblom:2005qh",
        "Pfeiffer:2002wt",
        "SpECwebsite"
    ],
    "initial_data_bibtex_keys": [
        "Buchman:2012dw",
        "Lovelace:2008tw",
        "Pfeiffer:2007yz",
        "Caudill:2006hw",
        "Cook:2004kt"
    ],
    "quasicircular_bibtex_keys": [
        "Mroue:2012kv",
        "Buonanno:2010yk",
        "Mroue:2010re",
        "Boyle:2007ft"
    ],
    "initial_data_type": "BBH_SKS",
    "initial_separation": 34.04060552,
    "initial_orbital_frequency": 0.00340458,
    "initial_adot": -2e-08,
    "object1": "bh",
    "object2": "bh",
    "initial_ADM_energy": 0.9954001477286851,
    "initial_ADM_linear_momentum": [
        -5.7770269e-08,
        -3.4132928e-09,
        2.49727e-11
    ],
    "initial_ADM_angular_momentum": [
        -6.692449e-10,
        -5.57794e-11,
        1.4495958378805573
    ],
    "initial_mass1": 0.6666666737162639,
    "initial_mass2": 0.3333333300637666,
    "initial_dimensionless_spin1": [
        -3.396e-13,
        2.231e-13,
        0.8000000406905009
    ],
    "initial_dimensionless_spin2": [
        5.774e-13,
        -3.766e-13,
        0.7999999256107332
    ],
    "initial_position1": [
        11.325640363284256,
        0.0134138278948705,
        -2.4622321e-09
    ],
    "initial_position2": [
        -22.714965156715742,
        0.0134138278948705,
        -2.4622321e-09
    ],
    "relaxation_time": 160.0,
    "reference_time": 160.0,
    "reference_mass1": 0.6666709001152125,
    "reference_mass2": 0.33334487703843263,
    "reference_dimensionless_spin1": [
        1.6051374404868593e-08,
        -6.6055098753472225e-09,
        0.7999905896207363
    ],
    "reference_dimensionless_spin2": [
        1.5036599989327993e-08,
        4.982363647878007e-09,
        0.7999642589295641
    ],
    "reference_position1": [
        7.932075900316747,
        5.759844301792619,
        -1.995915995316824e-07
    ],
    "reference_position2": [
        -15.914575056424532,
        -11.610300807416262,
        -3.231592024598118e-08
    ],
    "reference_orbital_frequency": [
        4.02853918532845e-10,
        -5.071029930611838e-10,
        0.004772147454011671
    ],
    "reference_eccentricity": "<8.5e+00",
    "reference_mean_anomaly": 5.202435,
    "common_horizon_time": 10991.788351962676,
    "number_of_orbits": 31.07349784108963,
    "remnant_mass": 0.9252648966325179,
    "remnant_dimensionless_spin": [
        2.7077117837379838e-08,
        5.799370393986833e-08,
        0.9037279506664672
    ],
    "remnant_velocity": [
        4.946216970035887e-05,
        -3.885611849032819e-05,
        -2.9536438927000015e-08
    ],
    "metadata_version": 1,
    "spec_revisions": "InitialCommit-32542-g5a7ca5896e",
    "spells_revision": "5a7ca5896e65b8bba5a4841c4b37f99431d3e420",
    "date_postprocessing": "2024-07-31T18:00:09.624444-07:00",
    "date_run_earliest": "2024-06-18T21:55:48",
    "date_run_latest": "2024-07-06T09:16:10",
    "date_link_earliest": "2024-05-27T11:24:22+02:00"
}