{
    "simulation_name": "22/Lev1",
    "alternative_names": "BFI:SurveyMeanAno_v2:22",
    "keywords": [],
    "point_of_contact_email": "peter.nee@aei.mpg.de",
    "authors_emails": [],
    "simulation_bibtex_keys": "SXSCatalog",
    "code_bibtex_keys": [
        "Ossokine:2013zga",
        "Hemberger:2012jz",
        "Szilagyi:2009qz",
        "Boyle:2009vi",
        "Scheel:2008rj",
        "Boyle:2007ft",
        "Scheel:2006gg",
        "Lindblom:2005qh",
        "Pfeiffer:2002wt",
        "SpECwebsite"
    ],
    "initial_data_bibtex_keys": [
        "Buchman:2012dw",
        "Lovelace:2008tw",
        "Pfeiffer:2007yz",
        "Caudill:2006hw",
        "Cook:2004kt"
    ],
    "quasicircular_bibtex_keys": [
        "Mroue:2012kv",
        "Buonanno:2010yk",
        "Mroue:2010re",
        "Boyle:2007ft"
    ],
    "initial_data_type": "BBH_SKS",
    "initial_separation": 36.28044482,
    "initial_orbital_frequency": 0.00329614,
    "initial_adot": 2.58e-06,
    "object1": "bh",
    "object2": "bh",
    "initial_ADM_energy": 0.9956913747444196,
    "initial_ADM_linear_momentum": [
        -1.547791247e-07,
        -3.516747103e-07,
        -1.87099e-11
    ],
    "initial_ADM_angular_momentum": [
        -5.096589e-10,
        -1.345267e-10,
        1.0534883693158092
    ],
    "initial_mass1": 0.6666666547774658,
    "initial_mass2": 0.3333333242937482,
    "initial_dimensionless_spin1": [
        -7.5759e-12,
        4.85039e-11,
        5.0203795e-09
    ],
    "initial_dimensionless_spin2": [
        1.7451e-12,
        9.8947e-12,
        -7.018523e-10
    ],
    "initial_position1": [
        12.080047885701225,
        0.0119296110521313,
        5.67469847e-08
    ],
    "initial_position2": [
        -24.200396934298773,
        0.0119296110521313,
        5.67469847e-08
    ],
    "relaxation_time": 160.0,
    "reference_time": 160.0,
    "reference_mass1": 0.666667544576317,
    "reference_mass2": 0.3333516317588877,
    "reference_dimensionless_spin1": [
        4.398638843651934e-09,
        1.7273897650493474e-09,
        6.867190267476371e-07
    ],
    "reference_dimensionless_spin2": [
        1.2917155140683338e-09,
        7.406386361010557e-10,
        -7.360330533897374e-06
    ],
    "reference_position1": [
        9.188560987522491,
        5.767194709363853,
        1.4228855052412672e-07
    ],
    "reference_position2": [
        -18.43590901216912,
        -11.638925373954732,
        1.4155344061982627e-08
    ],
    "reference_orbital_frequency": [
        -8.935079427151904e-11,
        1.1186510564335899e-10,
        0.0040671024180974754
    ],
    "reference_eccentricity": "<6.7e+00",
    "reference_mean_anomaly": 5.213533,
    "common_horizon_time": 10976.49463067585,
    "number_of_orbits": 27.276935494396046,
    "remnant_mass": 0.9615592166790239,
    "remnant_dimensionless_spin": [
        4.919386780980592e-08,
        -7.05919573004881e-08,
        0.6215939476796309
    ],
    "remnant_velocity": [
        0.0004522561571313486,
        0.00027781225253763783,
        -9.707955387510942e-08
    ],
    "metadata_version": 1,
    "spec_revisions": "InitialCommit-32542-g5a7ca5896e",
    "spells_revision": "5a7ca5896e65b8bba5a4841c4b37f99431d3e420",
    "date_postprocessing": "2024-05-30T05:13:34.468404-07:00",
    "date_run_earliest": "2024-04-09T23:29:32",
    "date_run_latest": "2024-04-28T16:18:59",
    "date_link_earliest": "2024-04-05T07:53:07-07:00"
}