{
    "simulation_name": "23/Lev3",
    "alternative_names": "BFI:SurveyMeanAno_v2:23",
    "keywords": [],
    "point_of_contact_email": "peter.nee@aei.mpg.de",
    "authors_emails": [],
    "simulation_bibtex_keys": "SXSCatalog",
    "code_bibtex_keys": [
        "Ossokine:2013zga",
        "Hemberger:2012jz",
        "Szilagyi:2009qz",
        "Boyle:2009vi",
        "Scheel:2008rj",
        "Boyle:2007ft",
        "Scheel:2006gg",
        "Lindblom:2005qh",
        "Pfeiffer:2002wt",
        "SpECwebsite"
    ],
    "initial_data_bibtex_keys": [
        "Buchman:2012dw",
        "Lovelace:2008tw",
        "Pfeiffer:2007yz",
        "Caudill:2006hw",
        "Cook:2004kt"
    ],
    "quasicircular_bibtex_keys": [
        "Mroue:2012kv",
        "Buonanno:2010yk",
        "Mroue:2010re",
        "Boyle:2007ft"
    ],
    "initial_data_type": "BBH_SKS",
    "initial_separation": 36.39631618,
    "initial_orbital_frequency": 0.00327732,
    "initial_adot": 2.52e-06,
    "object1": "bh",
    "object2": "bh",
    "initial_ADM_energy": 0.9957010991344162,
    "initial_ADM_linear_momentum": [
        6.62965659e-08,
        1.816832195e-07,
        -2.46637e-11
    ],
    "initial_ADM_angular_momentum": [
        -3.246124e-10,
        1.816887e-10,
        1.0538787487360588
    ],
    "initial_mass1": 0.6666666537036922,
    "initial_mass2": 0.3333333296466972,
    "initial_dimensionless_spin1": [
        2.409926e-10,
        2.353931e-10,
        -2.1123569e-09
    ],
    "initial_dimensionless_spin2": [
        -3.44646e-11,
        -6.73271e-11,
        -6.3961532e-09
    ],
    "initial_position1": [
        12.118618422740218,
        0.0118985679806127,
        -3.2921598e-08
    ],
    "initial_position2": [
        -24.27769775725978,
        0.0118985679806127,
        -3.2921598e-08
    ],
    "relaxation_time": 160.0,
    "reference_time": 160.0,
    "reference_mass1": 0.6666706547902327,
    "reference_mass2": 0.3333418996738308,
    "reference_dimensionless_spin1": [
        5.082754230204349e-08,
        -1.3897378657756409e-08,
        -8.167847840388233e-06
    ],
    "reference_dimensionless_spin2": [
        5.797031029023549e-10,
        -1.121391536670773e-09,
        -5.63535886165212e-06
    ],
    "reference_position1": [
        9.2447279377964,
        5.757405209532159,
        -5.623693826438166e-07
    ],
    "reference_position2": [
        -18.548111601505614,
        -11.620088777350968,
        -1.8323914394080712e-07
    ],
    "reference_orbital_frequency": [
        -3.290264725922556e-10,
        6.143211397359792e-10,
        0.004037615042458245
    ],
    "reference_eccentricity": "<6.8e+00",
    "reference_mean_anomaly": 5.288518,
    "common_horizon_time": 11036.794935001939,
    "number_of_orbits": 27.3671309912111,
    "remnant_mass": 0.9616835739427421,
    "remnant_dimensionless_spin": [
        2.3187051788906917e-08,
        -1.1252470175673801e-08,
        0.622451872445629
    ],
    "remnant_velocity": [
        0.00023093822632725235,
        0.0004645042947003515,
        1.8594662159716023e-08
    ],
    "metadata_version": 1,
    "spec_revisions": "InitialCommit-32542-g5a7ca5896e",
    "spells_revision": "5a7ca5896e65b8bba5a4841c4b37f99431d3e420",
    "date_postprocessing": "2024-05-30T07:37:40.337768-07:00",
    "date_run_earliest": "2024-04-10T19:12:34",
    "date_run_latest": "2024-04-27T20:04:32",
    "date_link_earliest": "2024-04-05T07:53:07-07:00"
}