{
    "simulation_name": "87/Lev2",
    "alternative_names": "BFI:SurveyMeanAno_v2:87",
    "keywords": [],
    "point_of_contact_email": "peter.nee@aei.mpg.de",
    "authors_emails": [],
    "simulation_bibtex_keys": "SXSCatalog",
    "code_bibtex_keys": [
        "Ossokine:2013zga",
        "Hemberger:2012jz",
        "Szilagyi:2009qz",
        "Boyle:2009vi",
        "Scheel:2008rj",
        "Boyle:2007ft",
        "Scheel:2006gg",
        "Lindblom:2005qh",
        "Pfeiffer:2002wt",
        "SpECwebsite"
    ],
    "initial_data_bibtex_keys": [
        "Buchman:2012dw",
        "Lovelace:2008tw",
        "Pfeiffer:2007yz",
        "Caudill:2006hw",
        "Cook:2004kt"
    ],
    "quasicircular_bibtex_keys": [
        "Mroue:2012kv",
        "Buonanno:2010yk",
        "Mroue:2010re",
        "Boyle:2007ft"
    ],
    "initial_data_type": "BBH_SKS",
    "initial_separation": 30.65559859,
    "initial_orbital_frequency": 0.0046096,
    "initial_adot": 2.545e-05,
    "object1": "bh",
    "object2": "bh",
    "initial_ADM_energy": 0.9947411807263958,
    "initial_ADM_linear_momentum": [
        -1.09327123e-08,
        3.45121514e-08,
        -1.83015e-11
    ],
    "initial_ADM_angular_momentum": [
        9.7062e-12,
        1.03189e-11,
        1.202516910757803
    ],
    "initial_mass1": 0.4999999977566114,
    "initial_mass2": 0.5000000076104838,
    "initial_dimensionless_spin1": [
        2.8193e-12,
        1.775503e-10,
        2.80185276e-08
    ],
    "initial_dimensionless_spin2": [
        2.5e-15,
        -1.6036e-12,
        -2.9699597e-09
    ],
    "initial_position1": [
        15.327798328266404,
        3.008861474e-06,
        1.7837375e-08
    ],
    "initial_position2": [
        -15.327800261733596,
        3.008861474e-06,
        1.7837375e-08
    ],
    "relaxation_time": 160.0,
    "reference_time": 160.0,
    "reference_mass1": 0.49999355088841607,
    "reference_mass2": 0.4999935599325889,
    "reference_dimensionless_spin1": [
        -1.1190265901797822e-08,
        6.915383758164201e-09,
        3.961993274813422e-06
    ],
    "reference_dimensionless_spin2": [
        1.1199256096545023e-08,
        -6.953099809561834e-09,
        3.97896751576174e-06
    ],
    "reference_position1": [
        9.507468388734544,
        9.719076866642853,
        -2.2580421660789103e-08
    ],
    "reference_position2": [
        -9.507472890439372,
        -9.719059730249363,
        -2.7212556150773053e-08
    ],
    "reference_orbital_frequency": [
        -2.956620631988785e-12,
        1.484124504439632e-12,
        0.00590901514564253
    ],
    "reference_eccentricity": "<1.2e+00",
    "reference_mean_anomaly": 5.419897,
    "common_horizon_time": 11240.545645672139,
    "number_of_orbits": 28.726520059253584,
    "remnant_mass": 0.9512259927305837,
    "remnant_dimensionless_spin": [
        1.6143636760552146e-09,
        -4.928039155486094e-09,
        0.6879118295893821
    ],
    "remnant_velocity": [
        -3.7682135943625864e-08,
        4.098066706848212e-08,
        -8.96567587060176e-09
    ],
    "metadata_version": 1,
    "spec_revisions": "InitialCommit-32545-g3451778783",
    "spells_revision": "34517787835178f186435e8ebafe310ad2a3bfc5",
    "date_postprocessing": "2024-08-01T07:36:44.216930-07:00",
    "date_run_earliest": "2024-07-11T04:52:21",
    "date_run_latest": "2024-07-20T21:47:44",
    "date_link_earliest": "2024-07-07T12:46:27+02:00"
}