{
    "simulation_name": "09/Lev1",
    "alternative_names": "BFI:SurveyMeanAno_v2:09",
    "keywords": [],
    "point_of_contact_email": "peter.nee@aei.mpg.de",
    "authors_emails": [],
    "simulation_bibtex_keys": "SXSCatalog",
    "code_bibtex_keys": [
        "Ossokine:2013zga",
        "Hemberger:2012jz",
        "Szilagyi:2009qz",
        "Boyle:2009vi",
        "Scheel:2008rj",
        "Boyle:2007ft",
        "Scheel:2006gg",
        "Lindblom:2005qh",
        "Pfeiffer:2002wt",
        "SpECwebsite"
    ],
    "initial_data_bibtex_keys": [
        "Buchman:2012dw",
        "Lovelace:2008tw",
        "Pfeiffer:2007yz",
        "Caudill:2006hw",
        "Cook:2004kt"
    ],
    "quasicircular_bibtex_keys": [
        "Mroue:2012kv",
        "Buonanno:2010yk",
        "Mroue:2010re",
        "Boyle:2007ft"
    ],
    "initial_data_type": "BBH_SKS",
    "initial_separation": 37.89582282,
    "initial_orbital_frequency": 0.00307109,
    "initial_adot": 2.3e-06,
    "object1": "bh",
    "object2": "bh",
    "initial_ADM_energy": 0.9953277119203511,
    "initial_ADM_linear_momentum": [
        2.861459126e-07,
        8.49396521e-08,
        -2.4686e-11
    ],
    "initial_ADM_angular_momentum": [
        1.953671e-10,
        1.004179e-10,
        1.200185400181628
    ],
    "initial_mass1": 0.5000000110250091,
    "initial_mass2": 0.4999999192616308,
    "initial_dimensionless_spin1": [
        9.338e-13,
        4.1564e-12,
        1.65509788e-08
    ],
    "initial_dimensionless_spin2": [
        1.26775e-11,
        1.048901e-10,
        -1.19692123e-08
    ],
    "initial_position1": [
        18.947913758196847,
        -2.8714758102e-06,
        -8.6252836e-09
    ],
    "initial_position2": [
        -18.947909061803152,
        -2.8714758102e-06,
        -8.6252836e-09
    ],
    "relaxation_time": 160.0,
    "reference_time": 160.0,
    "reference_mass1": 0.5000083822156292,
    "reference_mass2": 0.5000082880903414,
    "reference_dimensionless_spin1": [
        -3.121210521272247e-09,
        -1.9754891232776754e-09,
        -2.101849700617421e-06
    ],
    "reference_dimensionless_spin2": [
        3.264741441520856e-09,
        2.2475278335696053e-09,
        -2.1324789077848113e-06
    ],
    "reference_position1": [
        14.985130824869694,
        8.559562929032424,
        4.183095678217241e-08
    ],
    "reference_position2": [
        -14.985035066605668,
        -8.559543364387615,
        4.364606499109857e-08
    ],
    "reference_orbital_frequency": [
        1.945881489437342e-12,
        -3.014296351681832e-12,
        0.0037002374658711146
    ],
    "reference_eccentricity": "<7.5e+00",
    "reference_mean_anomaly": 5.144556,
    "common_horizon_time": 11282.314049994604,
    "number_of_orbits": 26.774282400333018,
    "remnant_mass": 0.951676585156906,
    "remnant_dimensionless_spin": [
        -3.379067729557221e-10,
        1.3359959651871784e-08,
        0.6839620389276818
    ],
    "remnant_velocity": [
        2.8584010209707683e-07,
        1.213021463718474e-07,
        1.4203895393045207e-08
    ],
    "metadata_version": 1,
    "spec_revisions": [
        "InitialCommit-32534-gec089a2f94",
        "InitialCommit-32539-g3b7a5a1097"
    ],
    "spells_revision": "ec089a2f9403004643c204dc5299b1de7726cd9b",
    "date_postprocessing": "2024-05-27T12:09:43.054567-07:00",
    "date_run_earliest": "2024-02-29T16:42:00",
    "date_run_latest": "2024-03-09T20:22:16",
    "date_link_earliest": "2024-02-26T14:13:43+01:00"
}