{
    "simulation_name": "006/Lev3",
    "alternative_names": [
        "BFI:Ecc1dSur_rerun:006",
        "SXS:BBH:2575"
    ],
    "keywords": [],
    "point_of_contact_email": "sfield@astro.cornell.edu",
    "authors_emails": [],
    "simulation_bibtex_keys": [
        "SXSCatalog",
        "Islam:2021mha"
    ],
    "code_bibtex_keys": [
        "Ossokine:2013zga",
        "Hemberger:2012jz",
        "Szilagyi:2009qz",
        "Boyle:2009vi",
        "Scheel:2008rj",
        "Boyle:2007ft",
        "Scheel:2006gg",
        "Lindblom:2005qh",
        "Pfeiffer:2002wt",
        "SpECwebsite"
    ],
    "initial_data_bibtex_keys": [
        "Buchman:2012dw",
        "Lovelace:2008tw",
        "Pfeiffer:2007yz",
        "Caudill:2006hw",
        "Cook:2004kt"
    ],
    "quasicircular_bibtex_keys": [
        "Mroue:2012kv",
        "Buonanno:2010yk",
        "Mroue:2010re",
        "Boyle:2007ft"
    ],
    "initial_data_type": "BBH_SHK",
    "initial_separation": 17.54654859,
    "initial_orbital_frequency": 0.01275117,
    "initial_adot": 0.000307587,
    "object1": "bh",
    "object2": "bh",
    "initial_ADM_energy": 0.9936139974974847,
    "initial_ADM_linear_momentum": [
        2.5134784e-09,
        9.5251584e-09,
        2.93835e-11
    ],
    "initial_ADM_angular_momentum": [
        -1.3171e-11,
        -1.7842e-11,
        1.1752186889856135
    ],
    "initial_mass1": 0.4999999912120359,
    "initial_mass2": 0.4999999920048371,
    "initial_dimensionless_spin1": [
        -7.165e-13,
        -1.0178e-12,
        -3.573174e-10
    ],
    "initial_dimensionless_spin2": [
        -1.79084e-11,
        -2.39529e-11,
        -7.3811562e-09
    ],
    "initial_position1": [
        8.773274386840248,
        3.27821964e-08,
        -4.7856819e-09
    ],
    "initial_position2": [
        -8.773274203159753,
        3.27821964e-08,
        -4.7856819e-09
    ],
    "relaxation_time": 350.0,
    "reference_time": 350.0,
    "reference_mass1": 0.49999990019,
    "reference_mass2": 0.499999902776,
    "reference_dimensionless_spin1": [
        -1.23507339778e-09,
        -3.41032610978e-10,
        1.12712087779e-06
    ],
    "reference_dimensionless_spin2": [
        1.18598151479e-09,
        2.30302098884e-11,
        1.14447029997e-06
    ],
    "reference_position1": [
        -3.67509883142,
        -8.20196935472,
        6.80711391455e-08
    ],
    "reference_position2": [
        3.67510188039,
        8.20197674936,
        6.84277046266e-08
    ],
    "reference_orbital_frequency": [
        -1.94952100738e-13,
        -1.92453706573e-13,
        0.0128726350225
    ],
    "reference_eccentricity": 0.0288151,
    "reference_mean_anomaly": 5.013317,
    "common_horizon_time": 8784.95396883,
    "number_of_orbits": 26.722574368,
    "remnant_mass": 0.951583887469,
    "remnant_dimensionless_spin": [
        2.36502556547e-11,
        -2.30580265827e-10,
        0.6865565995
    ],
    "remnant_velocity": [
        6.61635264288e-09,
        1.0387334415e-08,
        3.41023882125e-08
    ],
    "metadata_version": 1,
    "spec_revisions": "InitialCommit-31500-g7d82535c55",
    "spells_revision": "7d82535c55b37e5d835b6dc3c72414cd73f02304",
    "date_postprocessing": "2021-05-25T13:15:50-07:00",
    "date_run_earliest": "2021-04-18T18:26:44",
    "date_run_latest": "2021-04-25T23:36:54",
    "date_link_earliest": "2021-04-14T20:34:04-07:00"
}