{
    "simulation_name": "011/Lev3",
    "alternative_names": [
        "BFI:Ecc1dSur_rerun:011",
        "SXS:BBH:2580"
    ],
    "keywords": [],
    "point_of_contact_email": "sfield@astro.cornell.edu",
    "authors_emails": [],
    "simulation_bibtex_keys": [
        "SXSCatalog",
        "Islam:2021mha"
    ],
    "code_bibtex_keys": [
        "Ossokine:2013zga",
        "Hemberger:2012jz",
        "Szilagyi:2009qz",
        "Boyle:2009vi",
        "Scheel:2008rj",
        "Boyle:2007ft",
        "Scheel:2006gg",
        "Lindblom:2005qh",
        "Pfeiffer:2002wt",
        "SpECwebsite"
    ],
    "initial_data_bibtex_keys": [
        "Buchman:2012dw",
        "Lovelace:2008tw",
        "Pfeiffer:2007yz",
        "Caudill:2006hw",
        "Cook:2004kt"
    ],
    "quasicircular_bibtex_keys": [
        "Mroue:2012kv",
        "Buonanno:2010yk",
        "Mroue:2010re",
        "Boyle:2007ft"
    ],
    "initial_data_type": "BBH_SHK",
    "initial_separation": 19.26543014,
    "initial_orbital_frequency": 0.01076388,
    "initial_adot": -3e-16,
    "object1": "bh",
    "object2": "bh",
    "initial_ADM_energy": 0.9936585795286951,
    "initial_ADM_linear_momentum": [
        -9.10791e-10,
        -4.4681894e-09,
        -4.2709e-12
    ],
    "initial_ADM_angular_momentum": [
        -6.7574e-11,
        4.57496e-11,
        1.176574132869583
    ],
    "initial_mass1": 0.5000000840186127,
    "initial_mass2": 0.5000000841180331,
    "initial_dimensionless_spin1": [
        4.12e-14,
        2.14e-14,
        -3.028209e-10
    ],
    "initial_dimensionless_spin2": [
        3.1054e-12,
        4.1729e-12,
        -3.2537397e-09
    ],
    "initial_position1": [
        9.632714519540764,
        1.116972291e-07,
        -1.38651004e-08
    ],
    "initial_position2": [
        -9.632715620459235,
        1.116972291e-07,
        -1.38651004e-08
    ],
    "relaxation_time": 300.0,
    "reference_time": 300.0,
    "reference_mass1": 0.500000494258,
    "reference_mass2": 0.500000486303,
    "reference_dimensionless_spin1": [
        -2.23940343871e-10,
        -4.69876487852e-10,
        -2.52403018829e-07
    ],
    "reference_dimensionless_spin2": [
        2.08103461895e-10,
        4.02871553213e-10,
        -2.5131037266e-07
    ],
    "reference_position1": [
        -7.00593674383,
        -4.72368898134,
        -2.98190783901e-09
    ],
    "reference_position2": [
        7.00593514512,
        4.72368596372,
        -2.78763354005e-09
    ],
    "reference_orbital_frequency": [
        -2.64347411328e-13,
        9.32720223855e-14,
        0.014530106707
    ],
    "reference_eccentricity": 0.1269884,
    "reference_mean_anomaly": 0.697138,
    "common_horizon_time": 8876.09933371,
    "number_of_orbits": 26.8335107279,
    "remnant_mass": 0.951597306285,
    "remnant_dimensionless_spin": [
        1.5210816086e-10,
        -1.28381675788e-10,
        0.68604353573
    ],
    "remnant_velocity": [
        1.1308688222e-09,
        -9.00509446052e-09,
        2.02112186133e-08
    ],
    "metadata_version": 1,
    "spec_revisions": "InitialCommit-31500-g7d82535c55",
    "spells_revision": "7d82535c55b37e5d835b6dc3c72414cd73f02304",
    "date_postprocessing": "2021-05-25T13:15:50-07:00",
    "date_run_earliest": "2021-04-19T17:54:36",
    "date_run_latest": "2021-05-06T18:39:27",
    "date_link_earliest": "2021-04-14T20:34:04-07:00"
}