{
    "simulation_name": "023/Lev3",
    "alternative_names": [
        "BFI:Ecc1dSur_rerun:023",
        "SXS:BBH:2592"
    ],
    "keywords": [],
    "point_of_contact_email": "sfield@astro.cornell.edu",
    "authors_emails": [],
    "simulation_bibtex_keys": [
        "SXSCatalog",
        "Islam:2021mha"
    ],
    "code_bibtex_keys": [
        "Ossokine:2013zga",
        "Hemberger:2012jz",
        "Szilagyi:2009qz",
        "Boyle:2009vi",
        "Scheel:2008rj",
        "Boyle:2007ft",
        "Scheel:2006gg",
        "Lindblom:2005qh",
        "Pfeiffer:2002wt",
        "SpECwebsite"
    ],
    "initial_data_bibtex_keys": [
        "Buchman:2012dw",
        "Lovelace:2008tw",
        "Pfeiffer:2007yz",
        "Caudill:2006hw",
        "Cook:2004kt"
    ],
    "quasicircular_bibtex_keys": [
        "Mroue:2012kv",
        "Buonanno:2010yk",
        "Mroue:2010re",
        "Boyle:2007ft"
    ],
    "initial_data_type": "BBH_SHK",
    "initial_separation": 20.89953667,
    "initial_orbital_frequency": 0.00927225,
    "initial_adot": -5e-16,
    "object1": "bh",
    "object2": "bh",
    "initial_ADM_energy": 0.9937497582917263,
    "initial_ADM_linear_momentum": [
        3.5974573e-09,
        1.63677586e-08,
        -5.2488e-12
    ],
    "initial_ADM_angular_momentum": [
        -1.24401e-11,
        -8.64995e-11,
        1.1769141623719306
    ],
    "initial_mass1": 0.4999999773318709,
    "initial_mass2": 0.4999999742946038,
    "initial_dimensionless_spin1": [
        2.286e-13,
        1.963e-13,
        -1.7334146e-09
    ],
    "initial_dimensionless_spin2": [
        -1e-15,
        5.9e-15,
        -1.027404e-09
    ],
    "initial_position1": [
        10.44976938533779,
        -2.101636224e-07,
        -3.0202075441e-06
    ],
    "initial_position2": [
        -10.44976728466221,
        -2.101636224e-07,
        -3.0202075441e-06
    ],
    "relaxation_time": 300.0,
    "reference_time": 300.0,
    "reference_mass1": 0.500000383485,
    "reference_mass2": 0.500000386965,
    "reference_dimensionless_spin1": [
        7.23778183073e-10,
        3.37741794623e-12,
        -1.35214658953e-06
    ],
    "reference_dimensionless_spin2": [
        -7.33095116581e-10,
        9.25057924062e-12,
        -1.34155742923e-06
    ],
    "reference_position1": [
        -7.05487711455,
        -3.69770161802,
        -2.95755877203e-06
    ],
    "reference_position2": [
        7.05488143502,
        3.69771097489,
        -2.95840291498e-06
    ],
    "reference_orbital_frequency": [
        1.01375956872e-12,
        -7.37344981673e-14,
        0.0162989048913
    ],
    "reference_eccentricity": 0.2766014,
    "reference_mean_anomaly": 0.620714,
    "common_horizon_time": 8903.30155448,
    "number_of_orbits": 26.6373008528,
    "remnant_mass": 0.951420860642,
    "remnant_dimensionless_spin": [
        -1.15119580604e-11,
        4.58882075777e-11,
        0.686122559265
    ],
    "remnant_velocity": [
        -6.12448883765e-10,
        1.87144578781e-08,
        1.78458565162e-08
    ],
    "metadata_version": 1,
    "spec_revisions": "InitialCommit-31500-g7d82535c55",
    "spells_revision": "7d82535c55b37e5d835b6dc3c72414cd73f02304",
    "date_postprocessing": "2021-05-25T13:15:50-07:00",
    "date_run_earliest": "2021-04-18T18:34:52",
    "date_run_latest": "2021-04-27T22:12:15",
    "date_link_earliest": "2021-04-14T20:34:04-07:00"
}