{
    "simulation_name": "004/Lev3",
    "alternative_names": [
        "BFI:Ecc1dSur_rerun:004",
        "SXS:BBH:2573"
    ],
    "keywords": [],
    "point_of_contact_email": "sfield@astro.cornell.edu",
    "authors_emails": [],
    "simulation_bibtex_keys": [
        "SXSCatalog",
        "Islam:2021mha"
    ],
    "code_bibtex_keys": [
        "Ossokine:2013zga",
        "Hemberger:2012jz",
        "Szilagyi:2009qz",
        "Boyle:2009vi",
        "Scheel:2008rj",
        "Boyle:2007ft",
        "Scheel:2006gg",
        "Lindblom:2005qh",
        "Pfeiffer:2002wt",
        "SpECwebsite"
    ],
    "initial_data_bibtex_keys": [
        "Buchman:2012dw",
        "Lovelace:2008tw",
        "Pfeiffer:2007yz",
        "Caudill:2006hw",
        "Cook:2004kt"
    ],
    "quasicircular_bibtex_keys": [
        "Mroue:2012kv",
        "Buonanno:2010yk",
        "Mroue:2010re",
        "Boyle:2007ft"
    ],
    "initial_data_type": "BBH_SHK",
    "initial_separation": 17.63018311,
    "initial_orbital_frequency": 0.01264753,
    "initial_adot": -0.00017543,
    "object1": "bh",
    "object2": "bh",
    "initial_ADM_energy": 0.9936278719985157,
    "initial_ADM_linear_momentum": [
        1.9081123e-09,
        6.7145176e-09,
        -9.0439e-12
    ],
    "initial_ADM_angular_momentum": [
        3.36369e-11,
        -1.99847e-11,
        1.1765793354474432
    ],
    "initial_mass1": 0.5000000212823241,
    "initial_mass2": 0.5000000192546568,
    "initial_dimensionless_spin1": [
        1.90028e-11,
        2.60433e-11,
        -5.509434e-10
    ],
    "initial_dimensionless_spin2": [
        -3.4271e-12,
        -4.7128e-12,
        -8.918835e-10
    ],
    "initial_position1": [
        8.815092320798982,
        -1.531966168e-07,
        1.428127247e-07
    ],
    "initial_position2": [
        -8.815090789201019,
        -1.531966168e-07,
        1.428127247e-07
    ],
    "relaxation_time": 360.0,
    "reference_time": 360.0,
    "reference_mass1": 0.499999941512,
    "reference_mass2": 0.499999941148,
    "reference_dimensionless_spin1": [
        1.80515736005e-09,
        -8.0368847975e-10,
        1.02858751193e-06
    ],
    "reference_dimensionless_spin2": [
        -1.73702127737e-09,
        6.00095125565e-10,
        1.03917739547e-06
    ],
    "reference_position1": [
        -1.1151301642,
        -9.10162081143,
        1.08865706946e-07
    ],
    "reference_position2": [
        1.1151344228,
        9.10162670219,
        1.08251025024e-07
    ],
    "reference_orbital_frequency": [
        -6.26239522492e-13,
        4.9491916987e-13,
        0.0123843829624
    ],
    "reference_eccentricity": 0.0137249,
    "reference_mean_anomaly": 2.475774,
    "common_horizon_time": 8871.787206,
    "number_of_orbits": 26.9225763591,
    "remnant_mass": 0.951630328464,
    "remnant_dimensionless_spin": [
        2.43197649326e-10,
        1.53837817584e-10,
        0.686465422959
    ],
    "remnant_velocity": [
        6.9249051745e-09,
        1.05771693765e-08,
        3.57400121846e-08
    ],
    "metadata_version": 1,
    "spec_revisions": "InitialCommit-31500-g7d82535c55",
    "spells_revision": "7d82535c55b37e5d835b6dc3c72414cd73f02304",
    "date_postprocessing": "2021-05-25T13:15:50-07:00",
    "date_run_earliest": "2021-04-18T18:27:05",
    "date_run_latest": "2021-04-26T02:44:04",
    "date_link_earliest": "2021-04-14T20:34:04-07:00"
}