{
    "simulation_name": "70/Lev2",
    "alternative_names": "BFI:SurveyMeanAno_v2:70",
    "keywords": [],
    "point_of_contact_email": "peter.nee@aei.mpg.de",
    "authors_emails": [],
    "simulation_bibtex_keys": "SXSCatalog",
    "code_bibtex_keys": [
        "Ossokine:2013zga",
        "Hemberger:2012jz",
        "Szilagyi:2009qz",
        "Boyle:2009vi",
        "Scheel:2008rj",
        "Boyle:2007ft",
        "Scheel:2006gg",
        "Lindblom:2005qh",
        "Pfeiffer:2002wt",
        "SpECwebsite"
    ],
    "initial_data_bibtex_keys": [
        "Buchman:2012dw",
        "Lovelace:2008tw",
        "Pfeiffer:2007yz",
        "Caudill:2006hw",
        "Cook:2004kt"
    ],
    "quasicircular_bibtex_keys": [
        "Mroue:2012kv",
        "Buonanno:2010yk",
        "Mroue:2010re",
        "Boyle:2007ft"
    ],
    "initial_data_type": "BBH_SKS",
    "initial_separation": 22.01231402,
    "initial_orbital_frequency": 0.00863908,
    "initial_adot": -1.79e-05,
    "object1": "bh",
    "object2": "bh",
    "initial_ADM_energy": 0.9941159459937525,
    "initial_ADM_linear_momentum": [
        -6.58652995e-08,
        -1.462234422e-07,
        -1.88593e-11
    ],
    "initial_ADM_angular_momentum": [
        -8.36e-13,
        1.13133e-11,
        1.2108095916248265
    ],
    "initial_mass1": 0.5000000369788747,
    "initial_mass2": 0.5000000210271547,
    "initial_dimensionless_spin1": [
        2.912e-13,
        1.0717e-12,
        -8.6191155e-09
    ],
    "initial_dimensionless_spin2": [
        2.253e-13,
        1.3393e-12,
        -8.4929376e-09
    ],
    "initial_position1": [
        11.006151297073613,
        3.9335811435e-06,
        3.5577958e-09
    ],
    "initial_position2": [
        -11.006162722926389,
        3.9335811435e-06,
        3.5577958e-09
    ],
    "relaxation_time": 320.0,
    "reference_time": 320.0,
    "reference_mass1": 0.499991073633244,
    "reference_mass2": 0.4999909311884701,
    "reference_dimensionless_spin1": [
        -3.6490010236043897e-08,
        -1.5078763808233583e-07,
        3.3210278108608086e-06
    ],
    "reference_dimensionless_spin2": [
        3.4453476018293646e-08,
        1.5221858859570785e-07,
        3.3621126605391358e-06
    ],
    "reference_position1": [
        -8.188232075735039,
        -2.8802235080886263,
        -1.559921861808499e-05
    ],
    "reference_position2": [
        8.188187252863397,
        2.8801469226803826,
        -1.5542620676398493e-05
    ],
    "reference_orbital_frequency": [
        -6.323328693747332e-11,
        4.026210437108545e-11,
        0.014198576184363687
    ],
    "reference_eccentricity": 0.1696659,
    "reference_mean_anomaly": 0.04155,
    "common_horizon_time": 11880.536030480996,
    "number_of_orbits": 32.25805132390068,
    "remnant_mass": 0.951603933030947,
    "remnant_dimensionless_spin": [
        -6.55775744512172e-10,
        3.784826625358429e-09,
        0.6870088629921965
    ],
    "remnant_velocity": [
        -1.6704451854272803e-08,
        -1.3040216380073856e-07,
        -7.616481110901488e-08
    ],
    "metadata_version": 1,
    "spec_revisions": "InitialCommit-32545-g3451778783",
    "spells_revision": "34517787835178f186435e8ebafe310ad2a3bfc5",
    "date_postprocessing": "2024-07-30T05:02:40.194669-07:00",
    "date_run_earliest": "2024-07-11T09:09:33",
    "date_run_latest": "2024-07-21T10:02:14",
    "date_link_earliest": "2024-07-07T12:46:27+02:00"
}