{
    "simulation_name": "42/Lev3",
    "alternative_names": "BFI:SurveyMeanAno_v2:42",
    "keywords": [],
    "point_of_contact_email": "peter.nee@aei.mpg.de",
    "authors_emails": [],
    "simulation_bibtex_keys": "SXSCatalog",
    "code_bibtex_keys": [
        "Ossokine:2013zga",
        "Hemberger:2012jz",
        "Szilagyi:2009qz",
        "Boyle:2009vi",
        "Scheel:2008rj",
        "Boyle:2007ft",
        "Scheel:2006gg",
        "Lindblom:2005qh",
        "Pfeiffer:2002wt",
        "SpECwebsite"
    ],
    "initial_data_bibtex_keys": [
        "Buchman:2012dw",
        "Lovelace:2008tw",
        "Pfeiffer:2007yz",
        "Caudill:2006hw",
        "Cook:2004kt"
    ],
    "quasicircular_bibtex_keys": [
        "Mroue:2012kv",
        "Buonanno:2010yk",
        "Mroue:2010re",
        "Boyle:2007ft"
    ],
    "initial_data_type": "BBH_SKS",
    "initial_separation": 34.57508942,
    "initial_orbital_frequency": 0.00331394,
    "initial_adot": 1.26e-06,
    "object1": "bh",
    "object2": "bh",
    "initial_ADM_energy": 0.9954544606520147,
    "initial_ADM_linear_momentum": [
        1.7212879e-08,
        8.63253644e-08,
        -2.25688e-11
    ],
    "initial_ADM_angular_momentum": [
        -2.60248e-11,
        -5.85202e-11,
        1.4525630118560937
    ],
    "initial_mass1": 0.6666666549280149,
    "initial_mass2": 0.3333333371679897,
    "initial_dimensionless_spin1": [
        -1.07e-14,
        -1.4e-15,
        0.7999999601038137
    ],
    "initial_dimensionless_spin2": [
        5.82e-14,
        -5.42e-14,
        0.799999952645046
    ],
    "initial_position1": [
        11.50367420141423,
        0.0132925465904199,
        2.44218117e-08
    ],
    "initial_position2": [
        -23.07141521858577,
        0.0132925465904199,
        2.44218117e-08
    ],
    "relaxation_time": 170.0,
    "reference_time": 170.0,
    "reference_mass1": 0.6666737855034977,
    "reference_mass2": 0.3333424378484425,
    "reference_dimensionless_spin1": [
        -1.1608161798873455e-08,
        -9.491399503185801e-08,
        0.7999898525642899
    ],
    "reference_dimensionless_spin2": [
        -4.6020211829078576e-09,
        -1.163454153328687e-09,
        0.7999680527134049
    ],
    "reference_position1": [
        7.781027679021211,
        5.986687067349712,
        1.7284100732003043e-06
    ],
    "reference_position2": [
        -15.60933895060267,
        -12.063164732037949,
        1.4870466629882625e-07
    ],
    "reference_orbital_frequency": [
        1.153057451683162e-10,
        -5.669907624280971e-10,
        0.004771177933893174
    ],
    "reference_eccentricity": "<9.0e+00",
    "reference_mean_anomaly": 5.542677,
    "common_horizon_time": 11289.766158014338,
    "number_of_orbits": 31.491048028596587,
    "remnant_mass": 0.9239849419718419,
    "remnant_dimensionless_spin": [
        3.592980768102582e-08,
        -8.712591289166803e-08,
        0.9021913482203631
    ],
    "remnant_velocity": [
        -1.6121315209456247e-05,
        4.491525813310527e-05,
        2.0826257135676096e-08
    ],
    "metadata_version": 1,
    "spec_revisions": "InitialCommit-32542-g5a7ca5896e",
    "spells_revision": "5a7ca5896e65b8bba5a4841c4b37f99431d3e420",
    "date_postprocessing": "2024-07-31T08:52:32.742812-07:00",
    "date_run_earliest": "2024-06-15T20:38:02",
    "date_run_latest": "2024-07-22T03:22:11",
    "date_link_earliest": "2024-05-27T11:24:22+02:00"
}