{
    "simulation_name": "67/Lev2",
    "alternative_names": "BFI:SurveyMeanAno_v2:67",
    "keywords": [],
    "point_of_contact_email": "peter.nee@aei.mpg.de",
    "authors_emails": [],
    "simulation_bibtex_keys": "SXSCatalog",
    "code_bibtex_keys": [
        "Ossokine:2013zga",
        "Hemberger:2012jz",
        "Szilagyi:2009qz",
        "Boyle:2009vi",
        "Scheel:2008rj",
        "Boyle:2007ft",
        "Scheel:2006gg",
        "Lindblom:2005qh",
        "Pfeiffer:2002wt",
        "SpECwebsite"
    ],
    "initial_data_bibtex_keys": [
        "Buchman:2012dw",
        "Lovelace:2008tw",
        "Pfeiffer:2007yz",
        "Caudill:2006hw",
        "Cook:2004kt"
    ],
    "quasicircular_bibtex_keys": [
        "Mroue:2012kv",
        "Buonanno:2010yk",
        "Mroue:2010re",
        "Boyle:2007ft"
    ],
    "initial_data_type": "BBH_SKS",
    "initial_separation": 21.91601244,
    "initial_orbital_frequency": 0.00869765,
    "initial_adot": -1.815e-05,
    "object1": "bh",
    "object2": "bh",
    "initial_ADM_energy": 0.9940962766684357,
    "initial_ADM_linear_momentum": [
        5.36381944e-08,
        -5.118124983e-07,
        6.68129e-11
    ],
    "initial_ADM_angular_momentum": [
        7.4197e-12,
        -1.87881e-11,
        1.2091288989074263
    ],
    "initial_mass1": 0.5000000388292037,
    "initial_mass2": 0.5000000199624959,
    "initial_dimensionless_spin1": [
        -4.1851e-12,
        3.5755e-12,
        -1.73110034e-08
    ],
    "initial_dimensionless_spin2": [
        -8.72e-14,
        4.64e-14,
        -4.016862e-10
    ],
    "initial_position1": [
        10.958011476843557,
        -1.69408683716e-05,
        3.25185857e-08
    ],
    "initial_position2": [
        -10.958000963156442,
        -1.69408683716e-05,
        3.25185857e-08
    ],
    "relaxation_time": 320.0,
    "reference_time": 320.0,
    "reference_mass1": 0.4999907105307474,
    "reference_mass2": 0.4999908000424858,
    "reference_dimensionless_spin1": [
        -9.917936185251311e-08,
        -2.8880753164435005e-08,
        2.791555410290629e-06
    ],
    "reference_dimensionless_spin2": [
        6.840383636227878e-08,
        2.9063531294037625e-08,
        2.763578546451385e-06
    ],
    "reference_position1": [
        -8.091497890772414,
        -3.0674508403005905,
        -7.374697777126025e-06
    ],
    "reference_position2": [
        8.091535759985543,
        3.0670946252392297,
        -7.126635789484679e-06
    ],
    "reference_orbital_frequency": [
        -1.7124871592222112e-10,
        -1.2499964452835444e-10,
        0.014263127408579138
    ],
    "reference_eccentricity": 0.1696462,
    "reference_mean_anomaly": 0.069122,
    "common_horizon_time": 11716.224633205944,
    "number_of_orbits": 31.980311623039086,
    "remnant_mass": 0.9517979618625525,
    "remnant_dimensionless_spin": [
        -5.379465370300526e-09,
        -4.022403152890902e-09,
        0.6865309104689054
    ],
    "remnant_velocity": [
        8.30592361521028e-09,
        -5.104442573854284e-07,
        -3.877929934927368e-08
    ],
    "metadata_version": 1,
    "spec_revisions": "InitialCommit-32545-g3451778783",
    "spells_revision": "34517787835178f186435e8ebafe310ad2a3bfc5",
    "date_postprocessing": "2024-07-28T11:57:03.351338-07:00",
    "date_run_earliest": "2024-07-11T06:34:56",
    "date_run_latest": "2024-07-21T02:46:50",
    "date_link_earliest": "2024-07-07T12:46:27+02:00"
}