{
    "simulation_name": "015/Lev2",
    "alternative_names": [
        "BFI:Ecc1dSur_rerun:015",
        "SXS:BBH:2584"
    ],
    "keywords": [],
    "point_of_contact_email": "sfield@astro.cornell.edu",
    "authors_emails": [],
    "simulation_bibtex_keys": [
        "SXSCatalog",
        "Islam:2021mha"
    ],
    "code_bibtex_keys": [
        "Ossokine:2013zga",
        "Hemberger:2012jz",
        "Szilagyi:2009qz",
        "Boyle:2009vi",
        "Scheel:2008rj",
        "Boyle:2007ft",
        "Scheel:2006gg",
        "Lindblom:2005qh",
        "Pfeiffer:2002wt",
        "SpECwebsite"
    ],
    "initial_data_bibtex_keys": [
        "Buchman:2012dw",
        "Lovelace:2008tw",
        "Pfeiffer:2007yz",
        "Caudill:2006hw",
        "Cook:2004kt"
    ],
    "quasicircular_bibtex_keys": [
        "Mroue:2012kv",
        "Buonanno:2010yk",
        "Mroue:2010re",
        "Boyle:2007ft"
    ],
    "initial_data_type": "BBH_SHK",
    "initial_separation": 20.01842769,
    "initial_orbital_frequency": 0.01003313,
    "initial_adot": -4e-16,
    "object1": "bh",
    "object2": "bh",
    "initial_ADM_energy": 0.9936929805696222,
    "initial_ADM_linear_momentum": [
        4.4152383e-09,
        2.17056949e-08,
        -2.1066e-12
    ],
    "initial_ADM_angular_momentum": [
        -1.90303e-11,
        -1.00688e-11,
        1.1765047993538087
    ],
    "initial_mass1": 0.4999999820658722,
    "initial_mass2": 0.4999999779255116,
    "initial_dimensionless_spin1": [
        3.9893e-12,
        3.1336e-12,
        -2.2643664e-09
    ],
    "initial_dimensionless_spin2": [
        8.64e-14,
        -7.35e-14,
        -7.147676e-10
    ],
    "initial_position1": [
        10.009213905408924,
        -1.31882323e-08,
        3.739078e-09
    ],
    "initial_position2": [
        -10.009213784591076,
        -1.31882323e-08,
        3.739078e-09
    ],
    "relaxation_time": 390.0,
    "reference_time": 390.0,
    "reference_mass1": 0.500000022044,
    "reference_mass2": 0.50000001101,
    "reference_dimensionless_spin1": [
        1.22438786435e-09,
        -4.67560733604e-10,
        -3.17954096021e-06
    ],
    "reference_dimensionless_spin2": [
        -1.27261478829e-09,
        1.39860836025e-10,
        -3.19417674947e-06
    ],
    "reference_position1": [
        2.7882434869,
        -8.10807595227,
        2.7715513586e-07
    ],
    "reference_position2": [
        -2.78823987107,
        8.10809294129,
        2.75578903634e-07
    ],
    "reference_orbital_frequency": [
        -1.00126876931e-12,
        1.02509409829e-12,
        0.0140884428684
    ],
    "reference_eccentricity": 0.1825067,
    "reference_mean_anomaly": 1.495866,
    "common_horizon_time": 8864.85950767,
    "number_of_orbits": 26.7070182765,
    "remnant_mass": 0.951501367874,
    "remnant_dimensionless_spin": [
        -2.43107596139e-10,
        4.48440645258e-11,
        0.686015900913
    ],
    "remnant_velocity": [
        -3.31138262577e-08,
        9.08955335573e-08,
        5.24535822876e-08
    ],
    "metadata_version": 1,
    "spec_revisions": "InitialCommit-31500-g7d82535c55",
    "spells_revision": "7d82535c55b37e5d835b6dc3c72414cd73f02304",
    "date_postprocessing": "2021-05-25T13:15:50-07:00",
    "date_run_earliest": "2021-04-18T22:51:00",
    "date_run_latest": "2021-04-24T09:27:18",
    "date_link_earliest": "2021-04-14T20:34:04-07:00"
}