{
    "simulation_name": "032/Lev3",
    "alternative_names": [
        "BFI:Ecc1dSur_rerun:032",
        "SXS:BBH:2601"
    ],
    "keywords": [],
    "point_of_contact_email": "sfield@astro.cornell.edu",
    "authors_emails": [],
    "simulation_bibtex_keys": [
        "SXSCatalog",
        "Islam:2021mha"
    ],
    "code_bibtex_keys": [
        "Ossokine:2013zga",
        "Hemberger:2012jz",
        "Szilagyi:2009qz",
        "Boyle:2009vi",
        "Scheel:2008rj",
        "Boyle:2007ft",
        "Scheel:2006gg",
        "Lindblom:2005qh",
        "Pfeiffer:2002wt",
        "SpECwebsite"
    ],
    "initial_data_bibtex_keys": [
        "Buchman:2012dw",
        "Lovelace:2008tw",
        "Pfeiffer:2007yz",
        "Caudill:2006hw",
        "Cook:2004kt"
    ],
    "quasicircular_bibtex_keys": [
        "Mroue:2012kv",
        "Buonanno:2010yk",
        "Mroue:2010re",
        "Boyle:2007ft"
    ],
    "initial_data_type": "BBH_SHK",
    "initial_separation": 22.38695596,
    "initial_orbital_frequency": 0.00815945,
    "initial_adot": -6e-16,
    "object1": "bh",
    "object2": "bh",
    "initial_ADM_energy": 0.9938632561552911,
    "initial_ADM_linear_momentum": [
        -1.2410188e-09,
        -5.8784848e-09,
        1.18304e-11
    ],
    "initial_ADM_angular_momentum": [
        1.246145e-10,
        -9.2359e-11,
        1.1759517174916465
    ],
    "initial_mass1": 0.4999999952009383,
    "initial_mass2": 0.4999999952141383,
    "initial_dimensionless_spin1": [
        -1.74796e-11,
        -1.13024e-11,
        -2.08892e-10
    ],
    "initial_dimensionless_spin2": [
        -1.27e-14,
        -1.42e-14,
        -9.74594e-11
    ],
    "initial_position1": [
        11.193476991059464,
        2.098709459e-07,
        -2.28815036e-08
    ],
    "initial_position2": [
        -11.193478968940537,
        2.098709459e-07,
        -2.28815036e-08
    ],
    "relaxation_time": 470.0,
    "reference_time": 470.0,
    "reference_mass1": 0.500000890697,
    "reference_mass2": 0.500000896321,
    "reference_dimensionless_spin1": [
        -2.51447288758e-10,
        2.41715251496e-10,
        -5.42899304644e-07
    ],
    "reference_dimensionless_spin2": [
        1.02051326169e-10,
        -3.40621866598e-10,
        -5.34770026511e-07
    ],
    "reference_position1": [
        9.40932564893,
        -1.83060145405,
        -3.75379751056e-08
    ],
    "reference_position2": [
        -9.40932071399,
        1.83059973279,
        -3.94920558368e-08
    ],
    "reference_orbital_frequency": [
        -8.95400281342e-13,
        1.43371901088e-12,
        0.0113093357093
    ],
    "reference_eccentricity": "<1.1e+00",
    "reference_mean_anomaly": 2.980779,
    "common_horizon_time": 8836.40305029,
    "number_of_orbits": 26.2166078977,
    "remnant_mass": 0.95166417578,
    "remnant_dimensionless_spin": [
        -3.98124436826e-11,
        3.13952529699e-11,
        0.68748195117
    ],
    "remnant_velocity": [
        1.34632423817e-08,
        1.333426575e-09,
        1.1424456556e-08
    ],
    "metadata_version": 1,
    "spec_revisions": "InitialCommit-31500-g7d82535c55",
    "spells_revision": "7d82535c55b37e5d835b6dc3c72414cd73f02304",
    "date_postprocessing": "2021-05-25T13:15:50-07:00",
    "date_run_earliest": "2021-04-15T18:40:54",
    "date_run_latest": "2021-04-24T10:08:07",
    "date_link_earliest": "2021-04-14T20:34:04-07:00"
}