{
    "simulation_name": "79/Lev1",
    "alternative_names": "BFI:SurveyMeanAno_v2:79",
    "keywords": [],
    "point_of_contact_email": "peter.nee@aei.mpg.de",
    "authors_emails": [],
    "simulation_bibtex_keys": "SXSCatalog",
    "code_bibtex_keys": [
        "Ossokine:2013zga",
        "Hemberger:2012jz",
        "Szilagyi:2009qz",
        "Boyle:2009vi",
        "Scheel:2008rj",
        "Boyle:2007ft",
        "Scheel:2006gg",
        "Lindblom:2005qh",
        "Pfeiffer:2002wt",
        "SpECwebsite"
    ],
    "initial_data_bibtex_keys": [
        "Buchman:2012dw",
        "Lovelace:2008tw",
        "Pfeiffer:2007yz",
        "Caudill:2006hw",
        "Cook:2004kt"
    ],
    "quasicircular_bibtex_keys": [
        "Mroue:2012kv",
        "Buonanno:2010yk",
        "Mroue:2010re",
        "Boyle:2007ft"
    ],
    "initial_data_type": "BBH_SKS",
    "initial_separation": 30.9092232,
    "initial_orbital_frequency": 0.0045478,
    "initial_adot": 2.312e-05,
    "object1": "bh",
    "object2": "bh",
    "initial_ADM_energy": 0.9947747189989953,
    "initial_ADM_linear_momentum": [
        5.93881499e-08,
        2.287464046e-07,
        -7.24437e-11
    ],
    "initial_ADM_angular_momentum": [
        3.49223e-11,
        2.55399e-11,
        1.2050975800892936
    ],
    "initial_mass1": 0.4999999215097713,
    "initial_mass2": 0.4999999830701081,
    "initial_dimensionless_spin1": [
        -3.3662e-12,
        1.0033e-12,
        -1.36777673e-08
    ],
    "initial_dimensionless_spin2": [
        1e-14,
        3.09e-14,
        -8.92283e-11
    ],
    "initial_position1": [
        15.45459403940706,
        3.9237646876e-06,
        -3.29251824e-08
    ],
    "initial_position2": [
        -15.45462916059294,
        3.9237646876e-06,
        -3.29251824e-08
    ],
    "relaxation_time": 160.0,
    "reference_time": 160.0,
    "reference_mass1": 0.4999931364861249,
    "reference_mass2": 0.49999319532702685,
    "reference_dimensionless_spin1": [
        -1.1140254560838584e-08,
        6.986869935360699e-09,
        3.6061745096746673e-06
    ],
    "reference_dimensionless_spin2": [
        1.1064421759314913e-08,
        -6.921393943018838e-09,
        3.6453055953250317e-06
    ],
    "reference_position1": [
        9.717002710745525,
        9.703583233570402,
        -6.917117319968734e-08
    ],
    "reference_position2": [
        -9.71701870801277,
        -9.703502770101359,
        -7.701934082560966e-08
    ],
    "reference_orbital_frequency": [
        -3.140707523114747e-12,
        7.967410282765122e-13,
        0.005806980404613272
    ],
    "reference_eccentricity": "<1.3e+00",
    "reference_mean_anomaly": 5.399603,
    "common_horizon_time": 11485.182086607472,
    "number_of_orbits": 29.109966076773038,
    "remnant_mass": 0.9513721141290125,
    "remnant_dimensionless_spin": [
        8.974201959973104e-09,
        -6.997948091993408e-09,
        0.684827694708067
    ],
    "remnant_velocity": [
        6.817003198479507e-08,
        2.643620704358799e-07,
        -4.263344468015956e-09
    ],
    "metadata_version": 1,
    "spec_revisions": "InitialCommit-32545-g3451778783",
    "spells_revision": "34517787835178f186435e8ebafe310ad2a3bfc5",
    "date_postprocessing": "2024-07-30T20:48:57.012679-07:00",
    "date_run_earliest": "2024-07-10T04:16:36",
    "date_run_latest": "2024-07-15T12:44:39",
    "date_link_earliest": "2024-07-07T12:46:27+02:00"
}