{
    "simulation_name": "89/Lev1",
    "alternative_names": "BFI:SurveyMeanAno_v2:89",
    "keywords": [],
    "point_of_contact_email": "peter.nee@aei.mpg.de",
    "authors_emails": [],
    "simulation_bibtex_keys": "SXSCatalog",
    "code_bibtex_keys": [
        "Ossokine:2013zga",
        "Hemberger:2012jz",
        "Szilagyi:2009qz",
        "Boyle:2009vi",
        "Scheel:2008rj",
        "Boyle:2007ft",
        "Scheel:2006gg",
        "Lindblom:2005qh",
        "Pfeiffer:2002wt",
        "SpECwebsite"
    ],
    "initial_data_bibtex_keys": [
        "Buchman:2012dw",
        "Lovelace:2008tw",
        "Pfeiffer:2007yz",
        "Caudill:2006hw",
        "Cook:2004kt"
    ],
    "quasicircular_bibtex_keys": [
        "Mroue:2012kv",
        "Buonanno:2010yk",
        "Mroue:2010re",
        "Boyle:2007ft"
    ],
    "initial_data_type": "BBH_SKS",
    "initial_separation": 30.74988648,
    "initial_orbital_frequency": 0.00458769,
    "initial_adot": 2.486e-05,
    "object1": "bh",
    "object2": "bh",
    "initial_ADM_energy": 0.9947551174753421,
    "initial_ADM_linear_momentum": [
        1.361119434e-07,
        -3.60207245e-08,
        -4.43626e-11
    ],
    "initial_ADM_angular_momentum": [
        1.7285e-12,
        -9.50084e-11,
        1.203798867747332
    ],
    "initial_mass1": 0.4999999372278737,
    "initial_mass2": 0.4999999698103855,
    "initial_dimensionless_spin1": [
        1.888e-12,
        -5.13119e-11,
        -1.50735862e-08
    ],
    "initial_dimensionless_spin2": [
        1.83e-13,
        -2.6021e-12,
        -5.7242788e-09
    ],
    "initial_position1": [
        15.374975216190634,
        -7.8119179832e-06,
        5.188266848e-07
    ],
    "initial_position2": [
        -15.374911263809366,
        -7.8119179832e-06,
        5.188266848e-07
    ],
    "relaxation_time": 160.0,
    "reference_time": 160.0,
    "reference_mass1": 0.49999322304659627,
    "reference_mass2": 0.49999325125793126,
    "reference_dimensionless_spin1": [
        -1.126468568322922e-08,
        6.807441584284136e-09,
        3.765400567893023e-06
    ],
    "reference_dimensionless_spin2": [
        1.111444723700846e-08,
        -6.95847843932163e-09,
        3.7624688814259577e-06
    ],
    "reference_position1": [
        9.586662681723668,
        9.716246443077805,
        4.670257817555835e-07
    ],
    "reference_position2": [
        -9.586557431038758,
        -9.716272382010047,
        4.61550518428743e-07
    ],
    "reference_orbital_frequency": [
        -3.5605505736633942e-12,
        1.8591339264530908e-12,
        0.005869957831938277
    ],
    "reference_eccentricity": "<1.2e+00",
    "reference_mean_anomaly": 5.409207,
    "common_horizon_time": 11357.57082262673,
    "number_of_orbits": 28.903178565074686,
    "remnant_mass": 0.9510566610979717,
    "remnant_dimensionless_spin": [
        2.3400682765651233e-08,
        -1.7462450073659705e-09,
        0.6863005806873855
    ],
    "remnant_velocity": [
        1.5676043875242443e-07,
        -3.230501149940252e-08,
        4.22115524019882e-11
    ],
    "metadata_version": 1,
    "spec_revisions": "InitialCommit-32545-g3451778783",
    "spells_revision": "34517787835178f186435e8ebafe310ad2a3bfc5",
    "date_postprocessing": "2024-08-01T11:00:50.948599-07:00",
    "date_run_earliest": "2024-07-10T03:58:25",
    "date_run_latest": "2024-07-16T05:37:39",
    "date_link_earliest": "2024-07-07T12:46:27+02:00"
}