{
    "simulation_name": "31/Lev3",
    "alternative_names": "BFI:SurveyMeanAno_v2:31",
    "keywords": [],
    "point_of_contact_email": "peter.nee@aei.mpg.de",
    "authors_emails": [],
    "simulation_bibtex_keys": "SXSCatalog",
    "code_bibtex_keys": [
        "Ossokine:2013zga",
        "Hemberger:2012jz",
        "Szilagyi:2009qz",
        "Boyle:2009vi",
        "Scheel:2008rj",
        "Boyle:2007ft",
        "Scheel:2006gg",
        "Lindblom:2005qh",
        "Pfeiffer:2002wt",
        "SpECwebsite"
    ],
    "initial_data_bibtex_keys": [
        "Buchman:2012dw",
        "Lovelace:2008tw",
        "Pfeiffer:2007yz",
        "Caudill:2006hw",
        "Cook:2004kt"
    ],
    "quasicircular_bibtex_keys": [
        "Mroue:2012kv",
        "Buonanno:2010yk",
        "Mroue:2010re",
        "Boyle:2007ft"
    ],
    "initial_data_type": "BBH_SKS",
    "initial_separation": 25.20989914,
    "initial_orbital_frequency": 0.00666656,
    "initial_adot": -2.213e-05,
    "object1": "bh",
    "object2": "bh",
    "initial_ADM_energy": 0.9942780426980755,
    "initial_ADM_linear_momentum": [
        -7.43511509e-08,
        -3.52275526e-08,
        1.9445e-12
    ],
    "initial_ADM_angular_momentum": [
        -2.317108e-10,
        1.173e-12,
        1.2030674534112435
    ],
    "initial_mass1": 0.4999999969861437,
    "initial_mass2": 0.5000000096749443,
    "initial_dimensionless_spin1": [
        -4.5069e-12,
        1.0486e-11,
        -3.97774142e-08
    ],
    "initial_dimensionless_spin2": [
        2.5903e-12,
        1.4113e-12,
        -9.0803213e-09
    ],
    "initial_position1": [
        12.604946319911624,
        1.0073055832e-05,
        -5.551838e-10
    ],
    "initial_position2": [
        -12.604952820088377,
        1.0073055832e-05,
        -5.551838e-10
    ],
    "relaxation_time": 160.0,
    "reference_time": 160.0,
    "reference_mass1": 0.5000042914852584,
    "reference_mass2": 0.5000043416150167,
    "reference_dimensionless_spin1": [
        -2.286978601538505e-09,
        1.90895056332376e-08,
        3.4667820847328473e-07
    ],
    "reference_dimensionless_spin2": [
        5.074296585762503e-09,
        -2.3289756453892584e-08,
        3.422127251409172e-07
    ],
    "reference_position1": [
        4.293662567312358,
        10.202394148740316,
        -1.9701580254264204e-07
    ],
    "reference_position2": [
        -4.2936903367465336,
        -10.202381657689918,
        -2.116405092968189e-07
    ],
    "reference_orbital_frequency": [
        1.0327118840199668e-11,
        -1.0674050171601452e-11,
        0.008828825692405022
    ],
    "reference_eccentricity": "<1.7e-01",
    "reference_mean_anomaly": 5.717554,
    "common_horizon_time": 11169.677867578408,
    "number_of_orbits": 30.153983522089376,
    "remnant_mass": 0.9512712745149353,
    "remnant_dimensionless_spin": [
        5.89602054419025e-10,
        -8.553579098641345e-10,
        0.6862460786924379
    ],
    "remnant_velocity": [
        -1.9573936555091436e-07,
        -5.497308247197157e-08,
        -2.8379999911359077e-08
    ],
    "metadata_version": 1,
    "spec_revisions": "InitialCommit-32542-g5a7ca5896e",
    "spells_revision": "5a7ca5896e65b8bba5a4841c4b37f99431d3e420",
    "date_postprocessing": "2024-06-14T00:57:49.384802-07:00",
    "date_run_earliest": "2024-05-30T16:24:15",
    "date_run_latest": "2024-06-07T03:54:06",
    "date_link_earliest": "2024-05-27T11:24:22+02:00"
}