{
    "simulation_name": "035/Lev2",
    "alternative_names": [
        "BFI:Ecc1dSur_rerun:035",
        "SXS:BBH:2604"
    ],
    "keywords": [],
    "point_of_contact_email": "sfield@astro.cornell.edu",
    "authors_emails": [],
    "simulation_bibtex_keys": [
        "SXSCatalog",
        "Islam:2021mha"
    ],
    "code_bibtex_keys": [
        "Ossokine:2013zga",
        "Hemberger:2012jz",
        "Szilagyi:2009qz",
        "Boyle:2009vi",
        "Scheel:2008rj",
        "Boyle:2007ft",
        "Scheel:2006gg",
        "Lindblom:2005qh",
        "Pfeiffer:2002wt",
        "SpECwebsite"
    ],
    "initial_data_bibtex_keys": [
        "Buchman:2012dw",
        "Lovelace:2008tw",
        "Pfeiffer:2007yz",
        "Caudill:2006hw",
        "Cook:2004kt"
    ],
    "quasicircular_bibtex_keys": [
        "Mroue:2012kv",
        "Buonanno:2010yk",
        "Mroue:2010re",
        "Boyle:2007ft"
    ],
    "initial_data_type": "BBH_SHK",
    "initial_separation": 18.50603875,
    "initial_orbital_frequency": 0.01151768,
    "initial_adot": 0.00228967,
    "object1": "bh",
    "object2": "bh",
    "initial_ADM_energy": 0.9937821565210927,
    "initial_ADM_linear_momentum": [
        -7.2530881e-09,
        -1.92098655e-08,
        -5.338112e-10
    ],
    "initial_ADM_angular_momentum": [
        -4.00971e-11,
        2.578429e-10,
        1.1662672204119287
    ],
    "initial_mass1": 0.5000001378945911,
    "initial_mass2": 0.5000000840719173,
    "initial_dimensionless_spin1": [
        3.43895e-11,
        4.37572e-11,
        -8.7380887e-09
    ],
    "initial_dimensionless_spin2": [
        4.793e-12,
        5.4379e-12,
        -1.4160076e-09
    ],
    "initial_position1": [
        9.253017775165839,
        3.37077625e-07,
        -2.666442482e-07
    ],
    "initial_position2": [
        -9.25302097483416,
        3.37077625e-07,
        -2.666442482e-07
    ],
    "relaxation_time": 320.0,
    "reference_time": 320.0,
    "reference_mass1": 0.500000493126,
    "reference_mass2": 0.500000432158,
    "reference_dimensionless_spin1": [
        -2.97369293166e-09,
        -1.56582909045e-09,
        -3.6727214578e-06
    ],
    "reference_dimensionless_spin2": [
        2.72247241105e-09,
        2.01941224244e-09,
        -3.69520162474e-06
    ],
    "reference_position1": [
        -9.47166518949,
        2.46011036889,
        -4.09173325581e-07
    ],
    "reference_position2": [
        9.47165802199,
        -2.460124708,
        -3.82198267337e-07
    ],
    "reference_orbital_frequency": [
        -1.71613198518e-11,
        -6.51975405303e-12,
        0.010862393825
    ],
    "reference_eccentricity": 0.2556926,
    "reference_mean_anomaly": 4.611676,
    "common_horizon_time": 8201.3625633,
    "number_of_orbits": 24.766683983,
    "remnant_mass": 0.951759738521,
    "remnant_dimensionless_spin": [
        -7.36630680669e-10,
        4.01514719208e-10,
        0.685333541268
    ],
    "remnant_velocity": [
        -1.20298941583e-08,
        -2.97910698428e-08,
        8.61263320682e-08
    ],
    "metadata_version": 1,
    "spec_revisions": "InitialCommit-31500-g7d82535c55",
    "spells_revision": "7d82535c55b37e5d835b6dc3c72414cd73f02304",
    "date_postprocessing": "2021-05-25T13:15:50-07:00",
    "date_run_earliest": "2021-04-15T18:45:08",
    "date_run_latest": "2021-04-21T04:54:22",
    "date_link_earliest": "2021-04-14T20:34:04-07:00"
}