{
    "simulation_name": "19/Lev1",
    "alternative_names": "BFI:SurveyMeanAno_v2:19",
    "keywords": [],
    "point_of_contact_email": "peter.nee@aei.mpg.de",
    "authors_emails": [],
    "simulation_bibtex_keys": "SXSCatalog",
    "code_bibtex_keys": [
        "Ossokine:2013zga",
        "Hemberger:2012jz",
        "Szilagyi:2009qz",
        "Boyle:2009vi",
        "Scheel:2008rj",
        "Boyle:2007ft",
        "Scheel:2006gg",
        "Lindblom:2005qh",
        "Pfeiffer:2002wt",
        "SpECwebsite"
    ],
    "initial_data_bibtex_keys": [
        "Buchman:2012dw",
        "Lovelace:2008tw",
        "Pfeiffer:2007yz",
        "Caudill:2006hw",
        "Cook:2004kt"
    ],
    "quasicircular_bibtex_keys": [
        "Mroue:2012kv",
        "Buonanno:2010yk",
        "Mroue:2010re",
        "Boyle:2007ft"
    ],
    "initial_data_type": "BBH_SKS",
    "initial_separation": 37.46478047,
    "initial_orbital_frequency": 0.00311519,
    "initial_adot": 2.1e-06,
    "object1": "bh",
    "object2": "bh",
    "initial_ADM_energy": 0.9957929828981806,
    "initial_ADM_linear_momentum": [
        2.16406685e-08,
        -1.1326654e-09,
        1.35005e-11
    ],
    "initial_ADM_angular_momentum": [
        -3.800244e-10,
        3.03868e-11,
        1.0587696893644722
    ],
    "initial_mass1": 0.6666666291903592,
    "initial_mass2": 0.3333333445829404,
    "initial_dimensionless_spin1": [
        -8.465e-13,
        -6.3498e-12,
        -1.3388025e-09
    ],
    "initial_dimensionless_spin2": [
        7.28e-14,
        -3.04e-13,
        -1.527701e-09
    ],
    "initial_position1": [
        12.47440298519223,
        0.0116764361116111,
        3.5226499219e-06
    ],
    "initial_position2": [
        -24.990377484807773,
        0.0116764361116111,
        3.5226499219e-06
    ],
    "relaxation_time": 160.0,
    "reference_time": 160.0,
    "reference_mass1": 0.6666703010654711,
    "reference_mass2": 0.33332695009575036,
    "reference_dimensionless_spin1": [
        2.36457942713642e-08,
        -7.724565306813568e-08,
        -4.716814223839316e-06
    ],
    "reference_dimensionless_spin2": [
        -1.4815299459747902e-09,
        -2.6323250008957024e-09,
        5.176165773254127e-06
    ],
    "reference_position1": [
        9.7508959129806,
        5.673578144663816,
        2.5578147075435503e-06
    ],
    "reference_position2": [
        -19.569268811508284,
        -11.453139466772598,
        3.4767234115677903e-06
    ],
    "reference_orbital_frequency": [
        6.468099325595168e-11,
        9.246543817464989e-11,
        0.0037871954090786556
    ],
    "reference_eccentricity": "<7.9e+00",
    "reference_mean_anomaly": 5.267047,
    "common_horizon_time": 11608.115849218695,
    "number_of_orbits": 28.000991910324796,
    "remnant_mass": 0.9605716981579665,
    "remnant_dimensionless_spin": [
        5.204373084491257e-08,
        2.4629502811240805e-08,
        0.6232697315858112
    ],
    "remnant_velocity": [
        0.0002010107799018484,
        -0.00047082293442327533,
        -2.1588692845756045e-08
    ],
    "metadata_version": 1,
    "spec_revisions": [
        "InitialCommit-32539-g3b7a5a1097",
        "InitialCommit-32542-g5a7ca5896e"
    ],
    "spells_revision": "3b7a5a10976001a860eb62560a02d73ffa9ba537",
    "date_postprocessing": "2024-05-29T20:56:00.461266-07:00",
    "date_run_earliest": "2024-03-12T20:37:05",
    "date_run_latest": "2024-03-21T09:29:58",
    "date_link_earliest": "2024-03-08T09:40:29+01:00"
}