{
    "simulation_name": "009/Lev3",
    "alternative_names": [
        "BFI:Ecc1dSur_rerun:009",
        "SXS:BBH:2578"
    ],
    "keywords": [],
    "point_of_contact_email": "sfield@astro.cornell.edu",
    "authors_emails": [],
    "simulation_bibtex_keys": [
        "SXSCatalog",
        "Islam:2021mha"
    ],
    "code_bibtex_keys": [
        "Ossokine:2013zga",
        "Hemberger:2012jz",
        "Szilagyi:2009qz",
        "Boyle:2009vi",
        "Scheel:2008rj",
        "Boyle:2007ft",
        "Scheel:2006gg",
        "Lindblom:2005qh",
        "Pfeiffer:2002wt",
        "SpECwebsite"
    ],
    "initial_data_bibtex_keys": [
        "Buchman:2012dw",
        "Lovelace:2008tw",
        "Pfeiffer:2007yz",
        "Caudill:2006hw",
        "Cook:2004kt"
    ],
    "quasicircular_bibtex_keys": [
        "Mroue:2012kv",
        "Buonanno:2010yk",
        "Mroue:2010re",
        "Boyle:2007ft"
    ],
    "initial_data_type": "BBH_SHK",
    "initial_separation": 16.32754253,
    "initial_orbital_frequency": 0.01453795,
    "initial_adot": -3.27712e-05,
    "object1": "bh",
    "object2": "bh",
    "initial_ADM_energy": 0.9936746915720306,
    "initial_ADM_linear_momentum": [
        8.025354e-10,
        1.725835e-09,
        1.12311e-11
    ],
    "initial_ADM_angular_momentum": [
        -7.97097e-11,
        2.50273e-11,
        1.177224108971652
    ],
    "initial_mass1": 0.4999999445620479,
    "initial_mass2": 0.4999999438435836,
    "initial_dimensionless_spin1": [
        9.21165e-11,
        5.62276e-11,
        1.19777251e-08
    ],
    "initial_dimensionless_spin2": [
        -1.629e-13,
        4.721e-13,
        -4.3088313e-09
    ],
    "initial_position1": [
        8.163771307273285,
        -7.9575876e-09,
        -1.3907326e-09
    ],
    "initial_position2": [
        -8.163771222726714,
        -7.9575876e-09,
        -1.3907326e-09
    ],
    "relaxation_time": 390.0,
    "reference_time": 390.0,
    "reference_mass1": 0.499999144618,
    "reference_mass2": 0.499999149448,
    "reference_dimensionless_spin1": [
        -6.03759640493e-10,
        -1.9961763825e-09,
        4.49642019948e-07
    ],
    "reference_dimensionless_spin2": [
        1.83535634657e-10,
        1.78435857445e-09,
        4.62539318294e-07
    ],
    "reference_position1": [
        0.264468921628,
        -9.59618246215,
        -3.43580762769e-07
    ],
    "reference_position2": [
        -0.264465119837,
        9.59618926242,
        -3.44430331502e-07
    ],
    "reference_orbital_frequency": [
        -1.08978154458e-12,
        4.7199302124e-13,
        0.011341151929
    ],
    "reference_eccentricity": 0.0699987,
    "reference_mean_anomaly": 3.968454,
    "common_horizon_time": 8930.49768031,
    "number_of_orbits": 26.9386530845,
    "remnant_mass": 0.951566004981,
    "remnant_dimensionless_spin": [
        -2.8520383727e-10,
        -1.75498203231e-10,
        0.686815523506
    ],
    "remnant_velocity": [
        -9.21483512639e-09,
        5.63697629156e-08,
        5.00037805121e-08
    ],
    "metadata_version": 1,
    "spec_revisions": "InitialCommit-31500-g7d82535c55",
    "spells_revision": "7d82535c55b37e5d835b6dc3c72414cd73f02304",
    "date_postprocessing": "2021-05-25T13:15:50-07:00",
    "date_run_earliest": "2021-04-18T18:27:03",
    "date_run_latest": "2021-05-08T23:00:54",
    "date_link_earliest": "2021-04-14T20:34:04-07:00"
}