{
    "simulation_name": "020/Lev2",
    "alternative_names": [
        "BFI:Ecc1dSur_rerun:020",
        "SXS:BBH:2589"
    ],
    "keywords": [],
    "point_of_contact_email": "sfield@astro.cornell.edu",
    "authors_emails": [],
    "simulation_bibtex_keys": [
        "SXSCatalog",
        "Islam:2021mha"
    ],
    "code_bibtex_keys": [
        "Ossokine:2013zga",
        "Hemberger:2012jz",
        "Szilagyi:2009qz",
        "Boyle:2009vi",
        "Scheel:2008rj",
        "Boyle:2007ft",
        "Scheel:2006gg",
        "Lindblom:2005qh",
        "Pfeiffer:2002wt",
        "SpECwebsite"
    ],
    "initial_data_bibtex_keys": [
        "Buchman:2012dw",
        "Lovelace:2008tw",
        "Pfeiffer:2007yz",
        "Caudill:2006hw",
        "Cook:2004kt"
    ],
    "quasicircular_bibtex_keys": [
        "Mroue:2012kv",
        "Buonanno:2010yk",
        "Mroue:2010re",
        "Boyle:2007ft"
    ],
    "initial_data_type": "BBH_SHK",
    "initial_separation": 18.45614234,
    "initial_orbital_frequency": 0.0115024,
    "initial_adot": -0.00130054,
    "object1": "bh",
    "object2": "bh",
    "initial_ADM_energy": 0.9935822669522187,
    "initial_ADM_linear_momentum": [
        -3.0785419e-09,
        8.61556551e-08,
        -1.55378025e-08
    ],
    "initial_ADM_angular_momentum": [
        -3.290756e-10,
        -1.881814e-10,
        1.1646319129496363
    ],
    "initial_mass1": 0.5000000582404875,
    "initial_mass2": 0.4999999863839141,
    "initial_dimensionless_spin1": [
        -1.92903e-10,
        -2.543014e-10,
        2.44599802e-08
    ],
    "initial_dimensionless_spin2": [
        -1.169618e-09,
        -1.5608675e-09,
        2.43637463e-08
    ],
    "initial_position1": [
        9.228083548211337,
        -2.7832985451e-06,
        1.18794145529e-05
    ],
    "initial_position2": [
        -9.228058791788662,
        -2.7832985451e-06,
        1.18794145529e-05
    ],
    "relaxation_time": 320.0,
    "reference_time": 320.0,
    "reference_mass1": 0.499999991113,
    "reference_mass2": 0.499999918344,
    "reference_dimensionless_spin1": [
        1.15542283229e-09,
        -2.01959779464e-09,
        -1.09278691593e-06
    ],
    "reference_dimensionless_spin2": [
        -1.59710411935e-09,
        1.13561335599e-09,
        -1.15024685771e-06
    ],
    "reference_position1": [
        -0.13371515989,
        -9.08079589525,
        6.82386109674e-06
    ],
    "reference_position2": [
        0.133739524907,
        9.08084660328,
        6.82298038884e-06
    ],
    "reference_orbital_frequency": [
        -4.88505441013e-12,
        6.76333642129e-13,
        0.0124636092329
    ],
    "reference_eccentricity": 0.1544397,
    "reference_mean_anomaly": 1.622097,
    "common_horizon_time": 7936.62633456,
    "number_of_orbits": 24.8188486079,
    "remnant_mass": 0.951642202797,
    "remnant_dimensionless_spin": [
        -3.3261591901e-10,
        -1.04754834534e-10,
        0.6871183677
    ],
    "remnant_velocity": [
        -4.18489527297e-09,
        8.67060591915e-08,
        5.53600716198e-08
    ],
    "metadata_version": 1,
    "spec_revisions": "InitialCommit-31500-g7d82535c55",
    "spells_revision": "7d82535c55b37e5d835b6dc3c72414cd73f02304",
    "date_postprocessing": "2021-05-25T13:15:50-07:00",
    "date_run_earliest": "2021-04-18T18:24:45",
    "date_run_latest": "2021-04-23T20:11:03",
    "date_link_earliest": "2021-04-14T20:34:04-07:00"
}