{
    "simulation_name": "45/Lev2",
    "alternative_names": "BFI:SurveyMeanAno_v2:45",
    "keywords": [],
    "point_of_contact_email": "peter.nee@aei.mpg.de",
    "authors_emails": [],
    "simulation_bibtex_keys": "SXSCatalog",
    "code_bibtex_keys": [
        "Ossokine:2013zga",
        "Hemberger:2012jz",
        "Szilagyi:2009qz",
        "Boyle:2009vi",
        "Scheel:2008rj",
        "Boyle:2007ft",
        "Scheel:2006gg",
        "Lindblom:2005qh",
        "Pfeiffer:2002wt",
        "SpECwebsite"
    ],
    "initial_data_bibtex_keys": [
        "Buchman:2012dw",
        "Lovelace:2008tw",
        "Pfeiffer:2007yz",
        "Caudill:2006hw",
        "Cook:2004kt"
    ],
    "quasicircular_bibtex_keys": [
        "Mroue:2012kv",
        "Buonanno:2010yk",
        "Mroue:2010re",
        "Boyle:2007ft"
    ],
    "initial_data_type": "BBH_SKS",
    "initial_separation": 34.91983414,
    "initial_orbital_frequency": 0.00325617,
    "initial_adot": 1.23e-06,
    "object1": "bh",
    "object2": "bh",
    "initial_ADM_energy": 0.9954874209826494,
    "initial_ADM_linear_momentum": [
        -2.2239504e-08,
        1.04592916e-08,
        6.095e-13
    ],
    "initial_ADM_angular_momentum": [
        -2.8617e-12,
        -3.74197e-11,
        1.4540537108600609
    ],
    "initial_mass1": 0.6666666686531173,
    "initial_mass2": 0.3333333075707364,
    "initial_dimensionless_spin1": [
        4.221e-13,
        -2.951e-13,
        0.7999999915630929
    ],
    "initial_dimensionless_spin2": [
        -8.456e-13,
        3.959e-13,
        0.7999999374445939
    ],
    "initial_position1": [
        11.61849565118742,
        0.013206028109709,
        -3.033023e-10
    ],
    "initial_position2": [
        -23.30133848881258,
        0.013206028109709,
        -3.033023e-10
    ],
    "relaxation_time": 160.0,
    "reference_time": 160.0,
    "reference_mass1": 0.6666704111015688,
    "reference_mass2": 0.3333488364431991,
    "reference_dimensionless_spin1": [
        3.041675088557021e-09,
        -2.0554544307432936e-08,
        0.8000009825658213
    ],
    "reference_dimensionless_spin2": [
        1.531907169248255e-08,
        1.4327541572142134e-09,
        0.799947705512145
    ],
    "reference_position1": [
        8.383180382737917,
        5.699830073383739,
        3.8249898127242094e-07
    ],
    "reference_position2": [
        -16.824180054427014,
        -11.48892381529776,
        3.482898072439567e-08
    ],
    "reference_orbital_frequency": [
        2.0498199036743585e-10,
        -3.913829909159089e-10,
        0.004487965571635981
    ],
    "reference_eccentricity": "<9.4e+00",
    "reference_mean_anomaly": 5.614882,
    "common_horizon_time": 11463.884457243355,
    "number_of_orbits": 31.722174260196972,
    "remnant_mass": 0.9246076325109899,
    "remnant_dimensionless_spin": [
        8.210283793623058e-08,
        -3.44713116981672e-08,
        0.9013996046368992
    ],
    "remnant_velocity": [
        -4.4812773281021956e-05,
        -9.528526579094117e-06,
        2.0655506333358172e-08
    ],
    "metadata_version": 1,
    "spec_revisions": "InitialCommit-32542-g5a7ca5896e",
    "spells_revision": "5a7ca5896e65b8bba5a4841c4b37f99431d3e420",
    "date_postprocessing": "2024-07-31T13:03:53.295125-07:00",
    "date_run_earliest": "2024-06-16T04:44:03",
    "date_run_latest": "2024-07-08T01:30:02",
    "date_link_earliest": "2024-05-27T11:24:22+02:00"
}