{
    "simulation_name": "040/Lev3",
    "alternative_names": [
        "BFI:Ecc1dSur_rerun:040",
        "SXS:BBH:2609"
    ],
    "keywords": [],
    "point_of_contact_email": "sfield@astro.cornell.edu",
    "authors_emails": [],
    "simulation_bibtex_keys": [
        "SXSCatalog",
        "Islam:2021mha"
    ],
    "code_bibtex_keys": [
        "Ossokine:2013zga",
        "Hemberger:2012jz",
        "Szilagyi:2009qz",
        "Boyle:2009vi",
        "Scheel:2008rj",
        "Boyle:2007ft",
        "Scheel:2006gg",
        "Lindblom:2005qh",
        "Pfeiffer:2002wt",
        "SpECwebsite"
    ],
    "initial_data_bibtex_keys": [
        "Buchman:2012dw",
        "Lovelace:2008tw",
        "Pfeiffer:2007yz",
        "Caudill:2006hw",
        "Cook:2004kt"
    ],
    "quasicircular_bibtex_keys": [
        "Mroue:2012kv",
        "Buonanno:2010yk",
        "Mroue:2010re",
        "Boyle:2007ft"
    ],
    "initial_data_type": "BBH_SHK",
    "initial_separation": 24.51199406,
    "initial_orbital_frequency": 0.00688468,
    "initial_adot": -7e-16,
    "object1": "bh",
    "object2": "bh",
    "initial_ADM_energy": 0.9940385179281179,
    "initial_ADM_linear_momentum": [
        1.651161e-09,
        8.17537e-09,
        2.43881e-11
    ],
    "initial_ADM_angular_momentum": [
        -1.273167e-09,
        2.234002e-10,
        1.1744838608197976
    ],
    "initial_mass1": 0.4999999295231664,
    "initial_mass2": 0.4999999293899405,
    "initial_dimensionless_spin1": [
        1.96e-14,
        7.17e-14,
        -1.898332e-10
    ],
    "initial_dimensionless_spin2": [
        -6.501e-13,
        -2.766e-13,
        -7.052367e-10
    ],
    "initial_position1": [
        12.255998676004282,
        -3.628896147e-07,
        -1.435244267e-07
    ],
    "initial_position2": [
        -12.255995383995717,
        -3.628896147e-07,
        -1.435244267e-07
    ],
    "relaxation_time": 390.0,
    "reference_time": 390.0,
    "reference_mass1": 0.500000436496,
    "reference_mass2": 0.500000430082,
    "reference_dimensionless_spin1": [
        -2.10130294623e-10,
        -2.31039177846e-10,
        -7.76335163061e-07
    ],
    "reference_dimensionless_spin2": [
        2.27711409718e-10,
        2.00823151741e-10,
        -7.62496744538e-07
    ],
    "reference_position1": [
        1.64720292816,
        -7.56910399868,
        -2.3570834346e-07
    ],
    "reference_position2": [
        -1.64719847805,
        7.56911012381,
        -2.3643444365e-07
    ],
    "reference_orbital_frequency": [
        -4.88926301235e-13,
        7.12940694097e-13,
        0.0170821720604
    ],
    "reference_eccentricity": "<2.1e+00",
    "reference_mean_anomaly": 2.059289,
    "common_horizon_time": 8734.27118522,
    "number_of_orbits": 25.4843462465,
    "remnant_mass": 0.951346652963,
    "remnant_dimensionless_spin": [
        -3.8336324541e-11,
        8.80645703088e-12,
        0.685400560439
    ],
    "remnant_velocity": [
        -1.41354642757e-09,
        8.64814897116e-09,
        9.51784636694e-09
    ],
    "metadata_version": 1,
    "spec_revisions": "InitialCommit-31500-g7d82535c55",
    "spells_revision": "7d82535c55b37e5d835b6dc3c72414cd73f02304",
    "date_postprocessing": "2021-05-25T13:15:50-07:00",
    "date_run_earliest": "2021-04-15T18:41:01",
    "date_run_latest": "2021-04-23T11:36:57",
    "date_link_earliest": "2021-04-14T20:34:04-07:00"
}