{
    "simulation_name": "020/Lev3",
    "alternative_names": [
        "BFI:Ecc1dSur_rerun:020",
        "SXS:BBH:2589"
    ],
    "keywords": [],
    "point_of_contact_email": "sfield@astro.cornell.edu",
    "authors_emails": [],
    "simulation_bibtex_keys": [
        "SXSCatalog",
        "Islam:2021mha"
    ],
    "code_bibtex_keys": [
        "Ossokine:2013zga",
        "Hemberger:2012jz",
        "Szilagyi:2009qz",
        "Boyle:2009vi",
        "Scheel:2008rj",
        "Boyle:2007ft",
        "Scheel:2006gg",
        "Lindblom:2005qh",
        "Pfeiffer:2002wt",
        "SpECwebsite"
    ],
    "initial_data_bibtex_keys": [
        "Buchman:2012dw",
        "Lovelace:2008tw",
        "Pfeiffer:2007yz",
        "Caudill:2006hw",
        "Cook:2004kt"
    ],
    "quasicircular_bibtex_keys": [
        "Mroue:2012kv",
        "Buonanno:2010yk",
        "Mroue:2010re",
        "Boyle:2007ft"
    ],
    "initial_data_type": "BBH_SHK",
    "initial_separation": 18.45614234,
    "initial_orbital_frequency": 0.0115024,
    "initial_adot": -0.00130054,
    "object1": "bh",
    "object2": "bh",
    "initial_ADM_energy": 0.9935822669522187,
    "initial_ADM_linear_momentum": [
        -3.0785419e-09,
        8.61556551e-08,
        -1.55378025e-08
    ],
    "initial_ADM_angular_momentum": [
        -3.290756e-10,
        -1.881814e-10,
        1.1646319129496363
    ],
    "initial_mass1": 0.5000000582404875,
    "initial_mass2": 0.4999999863839141,
    "initial_dimensionless_spin1": [
        -1.92903e-10,
        -2.543014e-10,
        2.44599802e-08
    ],
    "initial_dimensionless_spin2": [
        -1.169618e-09,
        -1.5608675e-09,
        2.43637463e-08
    ],
    "initial_position1": [
        9.228083548211337,
        -2.7832985451e-06,
        1.18794145529e-05
    ],
    "initial_position2": [
        -9.228058791788662,
        -2.7832985451e-06,
        1.18794145529e-05
    ],
    "relaxation_time": 390.0,
    "reference_time": 390.0,
    "reference_mass1": 0.499999767347,
    "reference_mass2": 0.499999694399,
    "reference_dimensionless_spin1": [
        4.31964571151e-10,
        -2.79117590478e-09,
        1.00931160232e-06
    ],
    "reference_dimensionless_spin2": [
        -1.24581200253e-09,
        6.95465638648e-10,
        9.95973092263e-07
    ],
    "reference_position1": [
        6.96951761086,
        -6.87872899997,
        5.58160294916e-06
    ],
    "reference_position2": [
        -6.9694938486,
        6.87879319587,
        5.57879015728e-06
    ],
    "reference_orbital_frequency": [
        -1.03324551372e-12,
        1.15342228605e-12,
        0.0107617822522
    ],
    "reference_eccentricity": 0.1509875,
    "reference_mean_anomaly": 2.360933,
    "common_horizon_time": 7942.69845909,
    "number_of_orbits": 24.8317751779,
    "remnant_mass": 0.951622623904,
    "remnant_dimensionless_spin": [
        -1.16412405643e-10,
        -3.15197646044e-10,
        0.687153367371
    ],
    "remnant_velocity": [
        7.62564800092e-10,
        8.91217534476e-08,
        1.6582242174e-08
    ],
    "metadata_version": 1,
    "spec_revisions": "InitialCommit-31500-g7d82535c55",
    "spells_revision": "7d82535c55b37e5d835b6dc3c72414cd73f02304",
    "date_postprocessing": "2021-05-25T13:15:50-07:00",
    "date_run_earliest": "2021-04-18T18:24:41",
    "date_run_latest": "2021-04-24T20:09:47",
    "date_link_earliest": "2021-04-14T20:34:04-07:00"
}