{
    "simulation_name": "005/Lev3",
    "alternative_names": [
        "BFI:Ecc1dSur_rerun:005",
        "SXS:BBH:2574"
    ],
    "keywords": [],
    "point_of_contact_email": "sfield@astro.cornell.edu",
    "authors_emails": [],
    "simulation_bibtex_keys": [
        "SXSCatalog",
        "Islam:2021mha"
    ],
    "code_bibtex_keys": [
        "Ossokine:2013zga",
        "Hemberger:2012jz",
        "Szilagyi:2009qz",
        "Boyle:2009vi",
        "Scheel:2008rj",
        "Boyle:2007ft",
        "Scheel:2006gg",
        "Lindblom:2005qh",
        "Pfeiffer:2002wt",
        "SpECwebsite"
    ],
    "initial_data_bibtex_keys": [
        "Buchman:2012dw",
        "Lovelace:2008tw",
        "Pfeiffer:2007yz",
        "Caudill:2006hw",
        "Cook:2004kt"
    ],
    "quasicircular_bibtex_keys": [
        "Mroue:2012kv",
        "Buonanno:2010yk",
        "Mroue:2010re",
        "Boyle:2007ft"
    ],
    "initial_data_type": "BBH_SHK",
    "initial_separation": 16.96386833,
    "initial_orbital_frequency": 0.01353604,
    "initial_adot": -3.32037e-05,
    "object1": "bh",
    "object2": "bh",
    "initial_ADM_energy": 0.9936053181669711,
    "initial_ADM_linear_momentum": [
        -4.89809e-11,
        -3.6483957e-09,
        2.7437e-12
    ],
    "initial_ADM_angular_momentum": [
        -2.93521e-11,
        1.68462e-11,
        1.174181588221599
    ],
    "initial_mass1": 0.5000000095518311,
    "initial_mass2": 0.5000000118936547,
    "initial_dimensionless_spin1": [
        1.584e-13,
        -1.574e-13,
        -8.856809e-10
    ],
    "initial_dimensionless_spin2": [
        -4.75e-14,
        -1.54e-14,
        -6.496695e-10
    ],
    "initial_position1": [
        8.48193382571712,
        2.022408064e-07,
        5.0432479e-09
    ],
    "initial_position2": [
        -8.481934504282881,
        2.022408064e-07,
        5.0432479e-09
    ],
    "relaxation_time": 320.0,
    "reference_time": 320.0,
    "reference_mass1": 0.499999269619,
    "reference_mass2": 0.49999928773,
    "reference_dimensionless_spin1": [
        3.33029330565e-10,
        -1.53642012498e-10,
        -1.24149620611e-07
    ],
    "reference_dimensionless_spin2": [
        -3.19517905158e-10,
        1.8236449265e-10,
        -1.82806701642e-07
    ],
    "reference_position1": [
        -5.78749677717,
        -7.34657286803,
        -2.90098324211e-07
    ],
    "reference_position2": [
        5.78749179272,
        7.34656594897,
        -2.89920633417e-07
    ],
    "reference_orbital_frequency": [
        -4.74267356062e-13,
        2.29681314578e-13,
        0.0119021348181
    ],
    "reference_eccentricity": 0.0319242,
    "reference_mean_anomaly": 3.289183,
    "common_horizon_time": 8694.6377495,
    "number_of_orbits": 26.5527840492,
    "remnant_mass": 0.951663537284,
    "remnant_dimensionless_spin": [
        9.85657094878e-11,
        9.97979949468e-11,
        0.686410908831
    ],
    "remnant_velocity": [
        -1.72296566585e-08,
        -2.1579074888e-08,
        5.04830473273e-08
    ],
    "metadata_version": 1,
    "spec_revisions": "InitialCommit-31500-g7d82535c55",
    "spells_revision": "7d82535c55b37e5d835b6dc3c72414cd73f02304",
    "date_postprocessing": "2021-05-25T13:15:50-07:00",
    "date_run_earliest": "2021-04-18T18:28:06",
    "date_run_latest": "2021-04-26T00:01:50",
    "date_link_earliest": "2021-04-14T20:34:04-07:00"
}