{
    "simulation_name": "032/Lev2",
    "alternative_names": [
        "BFI:Ecc1dSur_rerun:032",
        "SXS:BBH:2601"
    ],
    "keywords": [],
    "point_of_contact_email": "sfield@astro.cornell.edu",
    "authors_emails": [],
    "simulation_bibtex_keys": [
        "SXSCatalog",
        "Islam:2021mha"
    ],
    "code_bibtex_keys": [
        "Ossokine:2013zga",
        "Hemberger:2012jz",
        "Szilagyi:2009qz",
        "Boyle:2009vi",
        "Scheel:2008rj",
        "Boyle:2007ft",
        "Scheel:2006gg",
        "Lindblom:2005qh",
        "Pfeiffer:2002wt",
        "SpECwebsite"
    ],
    "initial_data_bibtex_keys": [
        "Buchman:2012dw",
        "Lovelace:2008tw",
        "Pfeiffer:2007yz",
        "Caudill:2006hw",
        "Cook:2004kt"
    ],
    "quasicircular_bibtex_keys": [
        "Mroue:2012kv",
        "Buonanno:2010yk",
        "Mroue:2010re",
        "Boyle:2007ft"
    ],
    "initial_data_type": "BBH_SHK",
    "initial_separation": 22.38695596,
    "initial_orbital_frequency": 0.00815945,
    "initial_adot": -6e-16,
    "object1": "bh",
    "object2": "bh",
    "initial_ADM_energy": 0.9938632561552911,
    "initial_ADM_linear_momentum": [
        -1.2410188e-09,
        -5.8784848e-09,
        1.18304e-11
    ],
    "initial_ADM_angular_momentum": [
        1.246145e-10,
        -9.2359e-11,
        1.1759517174916465
    ],
    "initial_mass1": 0.4999999952009383,
    "initial_mass2": 0.4999999952141383,
    "initial_dimensionless_spin1": [
        -1.74796e-11,
        -1.13024e-11,
        -2.08892e-10
    ],
    "initial_dimensionless_spin2": [
        -1.27e-14,
        -1.42e-14,
        -9.74594e-11
    ],
    "initial_position1": [
        11.193476991059464,
        2.098709459e-07,
        -2.28815036e-08
    ],
    "initial_position2": [
        -11.193478968940537,
        2.098709459e-07,
        -2.28815036e-08
    ],
    "relaxation_time": 300.0,
    "reference_time": 300.0,
    "reference_mass1": 0.499999838726,
    "reference_mass2": 0.499999882331,
    "reference_dimensionless_spin1": [
        -6.97964290158e-09,
        -5.18355856452e-09,
        -7.93627166122e-07
    ],
    "reference_dimensionless_spin2": [
        6.99971335194e-09,
        2.48791021628e-09,
        -8.25156251037e-07
    ],
    "reference_position1": [
        -7.17878104524,
        -2.52549334174,
        1.63336323622e-07
    ],
    "reference_position2": [
        7.17877858761,
        2.5254956665,
        1.60226917654e-07
    ],
    "reference_orbital_frequency": [
        3.11876364775e-12,
        2.08914834542e-12,
        0.0177944279248
    ],
    "reference_eccentricity": 0.327126,
    "reference_mean_anomaly": 0.093539,
    "common_horizon_time": 8831.92394358,
    "number_of_orbits": 26.2067866679,
    "remnant_mass": 0.951699953105,
    "remnant_dimensionless_spin": [
        -2.21000925385e-10,
        7.6404410324e-10,
        0.687455702461
    ],
    "remnant_velocity": [
        1.79356406286e-09,
        1.0437338967e-08,
        8.96836784831e-08
    ],
    "metadata_version": 1,
    "spec_revisions": "InitialCommit-31500-g7d82535c55",
    "spells_revision": "7d82535c55b37e5d835b6dc3c72414cd73f02304",
    "date_postprocessing": "2021-05-25T13:15:50-07:00",
    "date_run_earliest": "2021-04-15T18:40:57",
    "date_run_latest": "2021-04-21T10:33:25",
    "date_link_earliest": "2021-04-14T20:34:04-07:00"
}