{
    "simulation_name": "012/Lev2",
    "alternative_names": [
        "BFI:Ecc1dSur_rerun:012",
        "SXS:BBH:2581"
    ],
    "keywords": [],
    "point_of_contact_email": "sfield@astro.cornell.edu",
    "authors_emails": [],
    "simulation_bibtex_keys": [
        "SXSCatalog",
        "Islam:2021mha"
    ],
    "code_bibtex_keys": [
        "Ossokine:2013zga",
        "Hemberger:2012jz",
        "Szilagyi:2009qz",
        "Boyle:2009vi",
        "Scheel:2008rj",
        "Boyle:2007ft",
        "Scheel:2006gg",
        "Lindblom:2005qh",
        "Pfeiffer:2002wt",
        "SpECwebsite"
    ],
    "initial_data_bibtex_keys": [
        "Buchman:2012dw",
        "Lovelace:2008tw",
        "Pfeiffer:2007yz",
        "Caudill:2006hw",
        "Cook:2004kt"
    ],
    "quasicircular_bibtex_keys": [
        "Mroue:2012kv",
        "Buonanno:2010yk",
        "Mroue:2010re",
        "Boyle:2007ft"
    ],
    "initial_data_type": "BBH_SHK",
    "initial_separation": 17.79815119,
    "initial_orbital_frequency": 0.01236891,
    "initial_adot": -0.000896874,
    "object1": "bh",
    "object2": "bh",
    "initial_ADM_energy": 0.9936052608417224,
    "initial_ADM_linear_momentum": [
        -2.273574e-10,
        9.25821e-11,
        8.48443e-11
    ],
    "initial_ADM_angular_momentum": [
        3.9651911e-09,
        7.030468e-10,
        1.171775928951553
    ],
    "initial_mass1": 0.4999999791227155,
    "initial_mass2": 0.4999999801265704,
    "initial_dimensionless_spin1": [
        2.98173938e-08,
        6.2425615e-09,
        -5.0457666e-09
    ],
    "initial_dimensionless_spin2": [
        -1.8833473e-09,
        -2.5774137e-09,
        -2.43333852e-08
    ],
    "initial_position1": [
        8.899075568909826,
        5.985911e-09,
        -6.25426788e-08
    ],
    "initial_position2": [
        -8.899075621090173,
        5.985911e-09,
        -6.25426788e-08
    ],
    "relaxation_time": 350.0,
    "reference_time": 350.0,
    "reference_mass1": 0.499999949288,
    "reference_mass2": 0.499999952596,
    "reference_dimensionless_spin1": [
        1.2906336607e-08,
        4.82415510936e-09,
        -2.28113608028e-06
    ],
    "reference_dimensionless_spin2": [
        -2.34996364739e-10,
        1.08459090675e-09,
        -2.27062223665e-06
    ],
    "reference_position1": [
        0.728550869004,
        -9.36107062574,
        -4.22111575255e-07
    ],
    "reference_position2": [
        -0.728550850904,
        9.36107039663,
        -3.99615245043e-07
    ],
    "reference_orbital_frequency": [
        7.4585572805e-12,
        -1.35563722493e-11,
        0.0117651273409
    ],
    "reference_eccentricity": 0.0848885,
    "reference_mean_anomaly": 2.071847,
    "common_horizon_time": 8471.62640015,
    "number_of_orbits": 26.0499558199,
    "remnant_mass": 0.951596136046,
    "remnant_dimensionless_spin": [
        3.02983288297e-09,
        4.24386002926e-11,
        0.686809370761
    ],
    "remnant_velocity": [
        1.00920769163e-09,
        9.45626232585e-10,
        6.61432721854e-08
    ],
    "metadata_version": 1,
    "spec_revisions": "InitialCommit-31500-g7d82535c55",
    "spells_revision": "7d82535c55b37e5d835b6dc3c72414cd73f02304",
    "date_postprocessing": "2021-05-25T13:15:50-07:00",
    "date_run_earliest": "2021-04-19T03:44:57",
    "date_run_latest": "2021-04-24T01:19:11",
    "date_link_earliest": "2021-04-14T20:34:04-07:00"
}