{
    "simulation_name": "66/Lev3",
    "alternative_names": "BFI:SurveyMeanAno_v2:66",
    "keywords": [],
    "point_of_contact_email": "peter.nee@aei.mpg.de",
    "authors_emails": [],
    "simulation_bibtex_keys": "SXSCatalog",
    "code_bibtex_keys": [
        "Ossokine:2013zga",
        "Hemberger:2012jz",
        "Szilagyi:2009qz",
        "Boyle:2009vi",
        "Scheel:2008rj",
        "Boyle:2007ft",
        "Scheel:2006gg",
        "Lindblom:2005qh",
        "Pfeiffer:2002wt",
        "SpECwebsite"
    ],
    "initial_data_bibtex_keys": [
        "Buchman:2012dw",
        "Lovelace:2008tw",
        "Pfeiffer:2007yz",
        "Caudill:2006hw",
        "Cook:2004kt"
    ],
    "quasicircular_bibtex_keys": [
        "Mroue:2012kv",
        "Buonanno:2010yk",
        "Mroue:2010re",
        "Boyle:2007ft"
    ],
    "initial_data_type": "BBH_SKS",
    "initial_separation": 21.88406379,
    "initial_orbital_frequency": 0.00871725,
    "initial_adot": -1.823e-05,
    "object1": "bh",
    "object2": "bh",
    "initial_ADM_energy": 0.9940897548248989,
    "initial_ADM_linear_momentum": [
        -1.37489091e-08,
        -4.24144195e-08,
        -9.8951e-12
    ],
    "initial_ADM_angular_momentum": [
        1.48633e-11,
        -8.2013e-12,
        1.2085742975318394
    ],
    "initial_mass1": 0.5000000709889133,
    "initial_mass2": 0.4999999878491349,
    "initial_dimensionless_spin1": [
        -5.4436e-12,
        5.1158e-12,
        -1.73446082e-08
    ],
    "initial_dimensionless_spin2": [
        -2.334e-13,
        9.44e-14,
        -7.379418e-10
    ],
    "initial_position1": [
        10.942030758839005,
        -1.8039919805e-06,
        5.3357483e-09
    ],
    "initial_position2": [
        -10.942033031160994,
        -1.8039919805e-06,
        5.3357483e-09
    ],
    "relaxation_time": 320.0,
    "reference_time": 320.0,
    "reference_mass1": 0.4999906842798077,
    "reference_mass2": 0.49999053168379104,
    "reference_dimensionless_spin1": [
        -7.978506506971463e-11,
        -1.1128051067787258e-08,
        2.386905487873547e-06
    ],
    "reference_dimensionless_spin2": [
        -7.974266598753248e-09,
        1.7003694444819742e-08,
        2.370839813633205e-06
    ],
    "reference_position1": [
        -8.058498971881242,
        -3.129029245125455,
        1.2930650801492583e-06
    ],
    "reference_position2": [
        8.058492516227592,
        3.1289937150438445,
        1.2199546820973915e-06
    ],
    "reference_orbital_frequency": [
        8.042469262721464e-11,
        -4.024854823152201e-11,
        0.014284257443371633
    ],
    "reference_eccentricity": 0.168989,
    "reference_mean_anomaly": 0.072439,
    "common_horizon_time": 11668.683900390748,
    "number_of_orbits": 31.90084633573085,
    "remnant_mass": 0.9517655888533129,
    "remnant_dimensionless_spin": [
        3.026669256907101e-09,
        -1.7972128410984531e-09,
        0.6862974153346052
    ],
    "remnant_velocity": [
        3.2436717039677306e-09,
        -7.416422932651975e-08,
        1.2277261402863001e-08
    ],
    "metadata_version": 1,
    "spec_revisions": "InitialCommit-32545-g3451778783",
    "spells_revision": "34517787835178f186435e8ebafe310ad2a3bfc5",
    "date_postprocessing": "2024-07-28T09:43:55.821136-07:00",
    "date_run_earliest": "2024-07-11T04:42:19",
    "date_run_latest": "2024-07-23T04:36:17",
    "date_link_earliest": "2024-07-07T12:46:27+02:00"
}