{
    "simulation_name": "12/Lev3",
    "alternative_names": "BFI:SurveyMeanAno_v2:12",
    "keywords": [],
    "point_of_contact_email": "peter.nee@aei.mpg.de",
    "authors_emails": [],
    "simulation_bibtex_keys": "SXSCatalog",
    "code_bibtex_keys": [
        "Ossokine:2013zga",
        "Hemberger:2012jz",
        "Szilagyi:2009qz",
        "Boyle:2009vi",
        "Scheel:2008rj",
        "Boyle:2007ft",
        "Scheel:2006gg",
        "Lindblom:2005qh",
        "Pfeiffer:2002wt",
        "SpECwebsite"
    ],
    "initial_data_bibtex_keys": [
        "Buchman:2012dw",
        "Lovelace:2008tw",
        "Pfeiffer:2007yz",
        "Caudill:2006hw",
        "Cook:2004kt"
    ],
    "quasicircular_bibtex_keys": [
        "Mroue:2012kv",
        "Buonanno:2010yk",
        "Mroue:2010re",
        "Boyle:2007ft"
    ],
    "initial_data_type": "BBH_SKS",
    "initial_separation": 38.33623378,
    "initial_orbital_frequency": 0.00300925,
    "initial_adot": 2.14e-06,
    "object1": "bh",
    "object2": "bh",
    "initial_ADM_energy": 0.9953678597423588,
    "initial_ADM_linear_momentum": [
        5.249695e-09,
        3.51107958e-08,
        6.6448e-12
    ],
    "initial_ADM_angular_momentum": [
        1.509652e-10,
        3.718641e-10,
        1.2023540932868735
    ],
    "initial_mass1": 0.4999999682359234,
    "initial_mass2": 0.5000000148615666,
    "initial_dimensionless_spin1": [
        5.25e-14,
        4.833e-13,
        -3.11145e-09
    ],
    "initial_dimensionless_spin2": [
        -1.96881e-11,
        4.55388e-11,
        -7.0217575e-09
    ],
    "initial_position1": [
        19.168124649033246,
        -1.869287556e-06,
        -2.745487299e-07
    ],
    "initial_position2": [
        -19.168109130966755,
        -1.869287556e-06,
        -2.745487299e-07
    ],
    "relaxation_time": 160.0,
    "reference_time": 160.0,
    "reference_mass1": 0.5000000376494402,
    "reference_mass2": 0.5000000849649483,
    "reference_dimensionless_spin1": [
        -2.053964496623004e-09,
        -3.247235175689502e-09,
        -4.323211630791428e-06
    ],
    "reference_dimensionless_spin2": [
        2.177379973649195e-09,
        3.082176615432665e-09,
        -4.315501236605679e-06
    ],
    "reference_position1": [
        15.290907466946894,
        8.506025977551301,
        -1.9835889506334176e-07
    ],
    "reference_position2": [
        -15.290890540616035,
        -8.506017876578568,
        -1.975960577229923e-07
    ],
    "reference_orbital_frequency": [
        1.7104606084687136e-12,
        -2.912986147491299e-12,
        0.0036090429700614077
    ],
    "reference_eccentricity": "<8.1e+00",
    "reference_mean_anomaly": 5.116029,
    "common_horizon_time": 11513.995669324424,
    "number_of_orbits": 27.107432833321187,
    "remnant_mass": 0.9524034422870847,
    "remnant_dimensionless_spin": [
        -1.827839662437046e-10,
        -2.5266573013910585e-10,
        0.6866468698076112
    ],
    "remnant_velocity": [
        -3.17716530412597e-09,
        7.698441718890265e-08,
        5.192077851764076e-09
    ],
    "metadata_version": 1,
    "spec_revisions": [
        "InitialCommit-32534-gec089a2f94",
        "InitialCommit-32539-g3b7a5a1097"
    ],
    "spells_revision": "ec089a2f9403004643c204dc5299b1de7726cd9b",
    "date_postprocessing": "2024-05-27T20:25:56.273421-07:00",
    "date_run_earliest": "2024-02-28T01:10:01",
    "date_run_latest": "2024-03-10T20:07:49",
    "date_link_earliest": "2024-02-26T14:13:43+01:00"
}