{
    "simulation_name": "20/Lev1",
    "alternative_names": "BFI:SurveyMeanAno_v2:20",
    "keywords": [],
    "point_of_contact_email": "peter.nee@aei.mpg.de",
    "authors_emails": [],
    "simulation_bibtex_keys": "SXSCatalog",
    "code_bibtex_keys": [
        "Ossokine:2013zga",
        "Hemberger:2012jz",
        "Szilagyi:2009qz",
        "Boyle:2009vi",
        "Scheel:2008rj",
        "Boyle:2007ft",
        "Scheel:2006gg",
        "Lindblom:2005qh",
        "Pfeiffer:2002wt",
        "SpECwebsite"
    ],
    "initial_data_bibtex_keys": [
        "Buchman:2012dw",
        "Lovelace:2008tw",
        "Pfeiffer:2007yz",
        "Caudill:2006hw",
        "Cook:2004kt"
    ],
    "quasicircular_bibtex_keys": [
        "Mroue:2012kv",
        "Buonanno:2010yk",
        "Mroue:2010re",
        "Boyle:2007ft"
    ],
    "initial_data_type": "BBH_SKS",
    "initial_separation": 37.61436672,
    "initial_orbital_frequency": 0.00309363,
    "initial_adot": 2.05e-06,
    "object1": "bh",
    "object2": "bh",
    "initial_ADM_energy": 0.9958056778441192,
    "initial_ADM_linear_momentum": [
        -1.73857496e-08,
        -4.50530073e-08,
        9.58718e-11
    ],
    "initial_ADM_angular_momentum": [
        2.758743e-10,
        8.52791e-11,
        1.0594960390362809
    ],
    "initial_mass1": 0.6666666423282973,
    "initial_mass2": 0.3333333281567827,
    "initial_dimensionless_spin1": [
        9.74e-14,
        1.318e-13,
        -3.739906e-10
    ],
    "initial_dimensionless_spin2": [
        -4.552e-13,
        2.97e-13,
        -6.282447e-10
    ],
    "initial_position1": [
        12.524173890223318,
        0.0116336138574891,
        -2.135814289e-07
    ],
    "initial_position2": [
        -25.090192829776683,
        0.0116336138574891,
        -2.135814289e-07
    ],
    "relaxation_time": 160.0,
    "reference_time": 160.0,
    "reference_mass1": 0.6666705976477043,
    "reference_mass2": 0.3333263267016842,
    "reference_dimensionless_spin1": [
        2.445745494550717e-08,
        -9.705084327365395e-08,
        -3.96583136366386e-06
    ],
    "reference_dimensionless_spin2": [
        -1.4735766630139418e-09,
        -3.2575447529679445e-09,
        5.679654351205387e-06
    ],
    "reference_position1": [
        9.820768465620919,
        5.66208502078523,
        -5.726687866313571e-07
    ],
    "reference_position2": [
        -19.710282754414155,
        -11.43019421088832,
        -1.9316250039885009e-07
    ],
    "reference_orbital_frequency": [
        5.753907737681969e-11,
        -1.6058489354733686e-11,
        0.0037541229454249366
    ],
    "reference_eccentricity": "<8.1e+00",
    "reference_mean_anomaly": 5.143455,
    "common_horizon_time": 11694.316983796592,
    "number_of_orbits": 28.12771475797923,
    "remnant_mass": 0.960712659730184,
    "remnant_dimensionless_spin": [
        5.516433899791113e-08,
        4.6994154406940926e-08,
        0.621903999603964
    ],
    "remnant_velocity": [
        0.00047395654423632315,
        -0.0001805086014641144,
        -1.68784580171439e-08
    ],
    "metadata_version": 1,
    "spec_revisions": [
        "InitialCommit-32539-g3b7a5a1097",
        "InitialCommit-32542-g5a7ca5896e"
    ],
    "spells_revision": "3b7a5a10976001a860eb62560a02d73ffa9ba537",
    "date_postprocessing": "2024-05-29T23:26:36.196382-07:00",
    "date_run_earliest": "2024-03-12T20:56:15",
    "date_run_latest": "2024-03-21T13:40:31",
    "date_link_earliest": "2024-03-08T09:40:29+01:00"
}