{
    "simulation_name": "80/Lev3",
    "alternative_names": "BFI:SurveyMeanAno_v2:80",
    "keywords": [],
    "point_of_contact_email": "peter.nee@aei.mpg.de",
    "authors_emails": [],
    "simulation_bibtex_keys": "SXSCatalog",
    "code_bibtex_keys": [
        "Ossokine:2013zga",
        "Hemberger:2012jz",
        "Szilagyi:2009qz",
        "Boyle:2009vi",
        "Scheel:2008rj",
        "Boyle:2007ft",
        "Scheel:2006gg",
        "Lindblom:2005qh",
        "Pfeiffer:2002wt",
        "SpECwebsite"
    ],
    "initial_data_bibtex_keys": [
        "Buchman:2012dw",
        "Lovelace:2008tw",
        "Pfeiffer:2007yz",
        "Caudill:2006hw",
        "Cook:2004kt"
    ],
    "quasicircular_bibtex_keys": [
        "Mroue:2012kv",
        "Buonanno:2010yk",
        "Mroue:2010re",
        "Boyle:2007ft"
    ],
    "initial_data_type": "BBH_SKS",
    "initial_separation": 30.98974246,
    "initial_orbital_frequency": 0.00452771,
    "initial_adot": 2.223e-05,
    "object1": "bh",
    "object2": "bh",
    "initial_ADM_energy": 0.9947843970253628,
    "initial_ADM_linear_momentum": [
        2.080245736e-07,
        1.0080637026e-06,
        1.187944e-10
    ],
    "initial_ADM_angular_momentum": [
        5.69155e-11,
        5.45237e-11,
        1.205715194173103
    ],
    "initial_mass1": 0.4999999241418139,
    "initial_mass2": 0.4999999794338294,
    "initial_dimensionless_spin1": [
        -1.2133e-12,
        8.312e-13,
        -1.2398045e-08
    ],
    "initial_dimensionless_spin2": [
        3.033e-13,
        2.188e-13,
        -1.6578225e-09
    ],
    "initial_position1": [
        15.494874035230229,
        -5.44756471e-06,
        -7.33765768e-08
    ],
    "initial_position2": [
        -15.49486842476977,
        -5.44756471e-06,
        -7.33765768e-08
    ],
    "relaxation_time": 160.0,
    "reference_time": 160.0,
    "reference_mass1": 0.4999933777264998,
    "reference_mass2": 0.49999343043857003,
    "reference_dimensionless_spin1": [
        -1.1700651186144506e-08,
        7.307190288144235e-09,
        3.3119661681154077e-06
    ],
    "reference_dimensionless_spin2": [
        1.1597557048997476e-08,
        -7.440185891233974e-09,
        3.3435588796754974e-06
    ],
    "reference_position1": [
        9.782575178892197,
        9.696817650011253,
        -4.7923873208933027e-08
    ],
    "reference_position2": [
        -9.782504544026397,
        -9.69651243506725,
        -5.56097426672495e-08
    ],
    "reference_orbital_frequency": [
        -3.513566705207607e-12,
        1.255704414035782e-12,
        0.005775653977632962
    ],
    "reference_eccentricity": "<1.3e+00",
    "reference_mean_anomaly": 5.397342,
    "common_horizon_time": 11552.394577054776,
    "number_of_orbits": 29.22845206289599,
    "remnant_mass": 0.9516525552270628,
    "remnant_dimensionless_spin": [
        -7.024258842713493e-10,
        -1.6890508681426032e-10,
        0.6846418231586889
    ],
    "remnant_velocity": [
        2.3252613479444754e-07,
        1.0014992898026323e-06,
        8.05597411654625e-09
    ],
    "metadata_version": 1,
    "spec_revisions": "InitialCommit-32545-g3451778783",
    "spells_revision": "34517787835178f186435e8ebafe310ad2a3bfc5",
    "date_postprocessing": "2024-07-31T00:12:23.825303-07:00",
    "date_run_earliest": "2024-07-10T03:42:19",
    "date_run_latest": "2024-07-19T16:49:20",
    "date_link_earliest": "2024-07-07T12:46:27+02:00"
}