{
    "simulation_name": "47/Lev2",
    "alternative_names": "BFI:SurveyMeanAno_v2:47",
    "keywords": [],
    "point_of_contact_email": "peter.nee@aei.mpg.de",
    "authors_emails": [],
    "simulation_bibtex_keys": "SXSCatalog",
    "code_bibtex_keys": [
        "Ossokine:2013zga",
        "Hemberger:2012jz",
        "Szilagyi:2009qz",
        "Boyle:2009vi",
        "Scheel:2008rj",
        "Boyle:2007ft",
        "Scheel:2006gg",
        "Lindblom:2005qh",
        "Pfeiffer:2002wt",
        "SpECwebsite"
    ],
    "initial_data_bibtex_keys": [
        "Buchman:2012dw",
        "Lovelace:2008tw",
        "Pfeiffer:2007yz",
        "Caudill:2006hw",
        "Cook:2004kt"
    ],
    "quasicircular_bibtex_keys": [
        "Mroue:2012kv",
        "Buonanno:2010yk",
        "Mroue:2010re",
        "Boyle:2007ft"
    ],
    "initial_data_type": "BBH_SKS",
    "initial_separation": 35.13423663,
    "initial_orbital_frequency": 0.00322203,
    "initial_adot": 1.2e-06,
    "object1": "bh",
    "object2": "bh",
    "initial_ADM_energy": 0.9955088176287648,
    "initial_ADM_linear_momentum": [
        -4.5983447e-08,
        -1.05640288e-08,
        3.7581e-12
    ],
    "initial_ADM_angular_momentum": [
        5.8387e-11,
        -2.53904e-11,
        1.4552945997656872
    ],
    "initial_mass1": 0.6666666696426475,
    "initial_mass2": 0.3333333334777773,
    "initial_dimensionless_spin1": [
        -1.387e-13,
        9.17e-14,
        0.800000025817144
    ],
    "initial_dimensionless_spin2": [
        2.401e-13,
        -1.278e-13,
        0.7999999437267915
    ],
    "initial_position1": [
        11.689912994785322,
        0.0131571672190194,
        1.7952158e-09
    ],
    "initial_position2": [
        -23.444323635214673,
        0.0131571672190194,
        1.7952158e-09
    ],
    "relaxation_time": 160.0,
    "reference_time": 160.0,
    "reference_mass1": 0.6666720262323435,
    "reference_mass2": 0.33335057377523186,
    "reference_dimensionless_spin1": [
        -1.2259261676910945e-09,
        -2.077641099815079e-08,
        0.7999965675786158
    ],
    "reference_dimensionless_spin2": [
        1.633445551974908e-08,
        1.4296391814282643e-09,
        0.7999375451713107
    ],
    "reference_position1": [
        8.490774705729702,
        5.685721704252214,
        4.067876041041608e-07
    ],
    "reference_position2": [
        -17.04118231523015,
        -11.460450863856405,
        4.2084373501466254e-08
    ],
    "reference_orbital_frequency": [
        1.469573313151105e-10,
        -3.129252035584238e-10,
        0.0044237646905532346
    ],
    "reference_eccentricity": "<9.5e+00",
    "reference_mean_anomaly": 5.471585,
    "common_horizon_time": 11598.284086874057,
    "number_of_orbits": 31.922539071228545,
    "remnant_mass": 0.9254504476290734,
    "remnant_dimensionless_spin": [
        8.203053844690806e-08,
        1.3526942237291212e-08,
        0.9020131405855708
    ],
    "remnant_velocity": [
        8.335304720367475e-06,
        -4.836997709272558e-05,
        1.3388688902092527e-08
    ],
    "metadata_version": 1,
    "spec_revisions": "InitialCommit-32542-g5a7ca5896e",
    "spells_revision": "5a7ca5896e65b8bba5a4841c4b37f99431d3e420",
    "date_postprocessing": "2024-07-26T11:27:42.705249-07:00",
    "date_run_earliest": "2024-06-16T07:19:33",
    "date_run_latest": "2024-07-07T00:26:07",
    "date_link_earliest": "2024-05-27T11:24:22+02:00"
}