{
    "simulation_name": "71/Lev2",
    "alternative_names": "BFI:SurveyMeanAno_v2:71",
    "keywords": [],
    "point_of_contact_email": "peter.nee@aei.mpg.de",
    "authors_emails": [],
    "simulation_bibtex_keys": "SXSCatalog",
    "code_bibtex_keys": [
        "Ossokine:2013zga",
        "Hemberger:2012jz",
        "Szilagyi:2009qz",
        "Boyle:2009vi",
        "Scheel:2008rj",
        "Boyle:2007ft",
        "Scheel:2006gg",
        "Lindblom:2005qh",
        "Pfeiffer:2002wt",
        "SpECwebsite"
    ],
    "initial_data_bibtex_keys": [
        "Buchman:2012dw",
        "Lovelace:2008tw",
        "Pfeiffer:2007yz",
        "Caudill:2006hw",
        "Cook:2004kt"
    ],
    "quasicircular_bibtex_keys": [
        "Mroue:2012kv",
        "Buonanno:2010yk",
        "Mroue:2010re",
        "Boyle:2007ft"
    ],
    "initial_data_type": "BBH_SKS",
    "initial_separation": 21.66247766,
    "initial_orbital_frequency": 0.00885349,
    "initial_adot": -1.885e-05,
    "object1": "bh",
    "object2": "bh",
    "initial_ADM_energy": 0.9940420610910589,
    "initial_ADM_linear_momentum": [
        -2.591449564e-07,
        -4.046922198e-07,
        2.26373e-11
    ],
    "initial_ADM_angular_momentum": [
        3.6503e-12,
        -9.6735e-12,
        1.204484569158982
    ],
    "initial_mass1": 0.5000000675039366,
    "initial_mass2": 0.5000000167224655,
    "initial_dimensionless_spin1": [
        -1.772e-13,
        6.998e-13,
        -4.6674957e-09
    ],
    "initial_dimensionless_spin2": [
        6.61e-13,
        -9.46e-13,
        -1.03632136e-08
    ],
    "initial_position1": [
        10.831237732991012,
        1.38581242619e-05,
        9.146012e-09
    ],
    "initial_position2": [
        -10.831239927008989,
        1.38581242619e-05,
        9.146012e-09
    ],
    "relaxation_time": 320.0,
    "reference_time": 320.0,
    "reference_mass1": 0.4999903053817497,
    "reference_mass2": 0.49999015166143485,
    "reference_dimensionless_spin1": [
        -3.506308249997388e-08,
        -1.0705730134276731e-07,
        2.402099490175172e-06
    ],
    "reference_dimensionless_spin2": [
        3.446251049415596e-08,
        1.031123122451672e-07,
        2.4322185112123936e-06
    ],
    "reference_position1": [
        -7.802066304347755,
        -3.5662886383933454,
        -2.717422458409427e-06
    ],
    "reference_position2": [
        7.801910213708309,
        3.5660643955041333,
        -2.71304781946779e-06
    ],
    "reference_orbital_frequency": [
        1.102774074033237e-12,
        -1.1274739717189837e-11,
        0.014448681163323153
    ],
    "reference_eccentricity": 0.167325,
    "reference_mean_anomaly": 0.115555,
    "common_horizon_time": 11271.040476965269,
    "number_of_orbits": 31.1764556186087,
    "remnant_mass": 0.9515136036009558,
    "remnant_dimensionless_spin": [
        5.578907906061844e-09,
        -5.511707416823497e-09,
        0.686876037486947
    ],
    "remnant_velocity": [
        -2.2566985186163907e-07,
        -4.155028775184931e-07,
        -1.3454598310132797e-08
    ],
    "metadata_version": 1,
    "spec_revisions": "InitialCommit-32545-g3451778783",
    "spells_revision": "34517787835178f186435e8ebafe310ad2a3bfc5",
    "date_postprocessing": "2024-07-30T06:37:57.896456-07:00",
    "date_run_earliest": "2024-07-11T04:54:05",
    "date_run_latest": "2024-07-21T00:13:43",
    "date_link_earliest": "2024-07-07T12:46:27+02:00"
}