{
    "simulation_name": "014/Lev3",
    "alternative_names": [
        "BFI:Ecc1dSur_rerun:014",
        "SXS:BBH:2583"
    ],
    "keywords": [],
    "point_of_contact_email": "sfield@astro.cornell.edu",
    "authors_emails": [],
    "simulation_bibtex_keys": [
        "SXSCatalog",
        "Islam:2021mha"
    ],
    "code_bibtex_keys": [
        "Ossokine:2013zga",
        "Hemberger:2012jz",
        "Szilagyi:2009qz",
        "Boyle:2009vi",
        "Scheel:2008rj",
        "Boyle:2007ft",
        "Scheel:2006gg",
        "Lindblom:2005qh",
        "Pfeiffer:2002wt",
        "SpECwebsite"
    ],
    "initial_data_bibtex_keys": [
        "Buchman:2012dw",
        "Lovelace:2008tw",
        "Pfeiffer:2007yz",
        "Caudill:2006hw",
        "Cook:2004kt"
    ],
    "quasicircular_bibtex_keys": [
        "Mroue:2012kv",
        "Buonanno:2010yk",
        "Mroue:2010re",
        "Boyle:2007ft"
    ],
    "initial_data_type": "BBH_SHK",
    "initial_separation": 17.69816736,
    "initial_orbital_frequency": 0.01253753,
    "initial_adot": 0.00118845,
    "object1": "bh",
    "object2": "bh",
    "initial_ADM_energy": 0.9936384856591749,
    "initial_ADM_linear_momentum": [
        2.6476414e-09,
        1.00218039e-08,
        -2.35258e-10
    ],
    "initial_ADM_angular_momentum": [
        -4.36966e-11,
        5.353e-11,
        1.1722571208044885
    ],
    "initial_mass1": 0.4999999893678435,
    "initial_mass2": 0.4999999916845154,
    "initial_dimensionless_spin1": [
        1.2536e-11,
        1.66157e-11,
        -1.20451765e-08
    ],
    "initial_dimensionless_spin2": [
        -1.6191e-12,
        -2.3249e-12,
        -8.332668e-10
    ],
    "initial_position1": [
        8.849083922677728,
        -6.16489068e-08,
        -2.213924483e-07
    ],
    "initial_position2": [
        -8.849083437322271,
        -6.16489068e-08,
        -2.213924483e-07
    ],
    "relaxation_time": 380.0,
    "reference_time": 380.0,
    "reference_mass1": 0.500000155582,
    "reference_mass2": 0.500000165253,
    "reference_dimensionless_spin1": [
        1.11349256982e-09,
        2.69825059012e-09,
        7.5515542563e-07
    ],
    "reference_dimensionless_spin2": [
        1.98182807553e-10,
        -2.53233715013e-09,
        7.96883276095e-07
    ],
    "reference_position1": [
        -3.24136980102,
        -7.88720295798,
        -1.77181589754e-07
    ],
    "reference_position2": [
        3.24137074875,
        7.88721112994,
        -1.75739335559e-07
    ],
    "reference_orbital_frequency": [
        -1.62631474918e-12,
        -6.33032930194e-13,
        0.0142337600444
    ],
    "reference_eccentricity": 0.1058413,
    "reference_mean_anomaly": 5.38849,
    "common_horizon_time": 8593.69938931,
    "number_of_orbits": 26.1544952396,
    "remnant_mass": 0.951760688304,
    "remnant_dimensionless_spin": [
        9.85986086643e-10,
        -1.10264313441e-09,
        0.686164036919
    ],
    "remnant_velocity": [
        -2.15507584766e-09,
        4.93408427889e-09,
        2.75041846283e-08
    ],
    "metadata_version": 1,
    "spec_revisions": "InitialCommit-31500-g7d82535c55",
    "spells_revision": "7d82535c55b37e5d835b6dc3c72414cd73f02304",
    "date_postprocessing": "2021-05-25T13:15:50-07:00",
    "date_run_earliest": "2021-04-18T18:27:11",
    "date_run_latest": "2021-04-26T03:20:36",
    "date_link_earliest": "2021-04-14T20:34:04-07:00"
}