{
    "simulation_name": "010/Lev3",
    "alternative_names": [
        "BFI:Ecc1dSur_rerun:010",
        "SXS:BBH:2579"
    ],
    "keywords": [],
    "point_of_contact_email": "sfield@astro.cornell.edu",
    "authors_emails": [],
    "simulation_bibtex_keys": [
        "SXSCatalog",
        "Islam:2021mha"
    ],
    "code_bibtex_keys": [
        "Ossokine:2013zga",
        "Hemberger:2012jz",
        "Szilagyi:2009qz",
        "Boyle:2009vi",
        "Scheel:2008rj",
        "Boyle:2007ft",
        "Scheel:2006gg",
        "Lindblom:2005qh",
        "Pfeiffer:2002wt",
        "SpECwebsite"
    ],
    "initial_data_bibtex_keys": [
        "Buchman:2012dw",
        "Lovelace:2008tw",
        "Pfeiffer:2007yz",
        "Caudill:2006hw",
        "Cook:2004kt"
    ],
    "quasicircular_bibtex_keys": [
        "Mroue:2012kv",
        "Buonanno:2010yk",
        "Mroue:2010re",
        "Boyle:2007ft"
    ],
    "initial_data_type": "BBH_SHK",
    "initial_separation": 17.61224776,
    "initial_orbital_frequency": 0.01266018,
    "initial_adot": 0.000850562,
    "object1": "bh",
    "object2": "bh",
    "initial_ADM_energy": 0.9936260940584641,
    "initial_ADM_linear_momentum": [
        2.7159501e-09,
        4.600651e-09,
        8.46712e-11
    ],
    "initial_ADM_angular_momentum": [
        -4.97641e-11,
        -1.94747e-11,
        1.173873669858189
    ],
    "initial_mass1": 0.5000000092481971,
    "initial_mass2": 0.5000000146191492,
    "initial_dimensionless_spin1": [
        -2.65729e-11,
        -4.18569e-11,
        -1.12771521e-08
    ],
    "initial_dimensionless_spin2": [
        -6.206e-13,
        -8.782e-13,
        -2.2226381e-09
    ],
    "initial_position1": [
        8.806124243264792,
        7.12681753e-08,
        -7.11143646e-08
    ],
    "initial_position2": [
        -8.806123516735207,
        7.12681753e-08,
        -7.11143646e-08
    ],
    "relaxation_time": 350.0,
    "reference_time": 350.0,
    "reference_mass1": 0.50000008645,
    "reference_mass2": 0.50000008775,
    "reference_dimensionless_spin1": [
        5.17151160519e-09,
        -5.75993828802e-10,
        8.58144916616e-07
    ],
    "reference_dimensionless_spin2": [
        -5.25212313218e-09,
        4.78636783361e-11,
        8.70052375127e-07
    ],
    "reference_position1": [
        -5.37013144087,
        -7.04826541074,
        -2.40025134084e-08
    ],
    "reference_position2": [
        5.37013341946,
        7.04827061814,
        -2.49301758432e-08
    ],
    "reference_orbital_frequency": [
        6.39304442894e-14,
        8.21863559967e-13,
        0.0132290138389
    ],
    "reference_eccentricity": 0.0756624,
    "reference_mean_anomaly": 5.09658,
    "common_horizon_time": 8703.65542093,
    "number_of_orbits": 26.4673883376,
    "remnant_mass": 0.951668373898,
    "remnant_dimensionless_spin": [
        -1.60396694419e-11,
        -1.05244610755e-10,
        0.686788498457
    ],
    "remnant_velocity": [
        -1.31993670048e-09,
        6.87603981679e-09,
        2.68510748206e-08
    ],
    "metadata_version": 1,
    "spec_revisions": "InitialCommit-31500-g7d82535c55",
    "spells_revision": "7d82535c55b37e5d835b6dc3c72414cd73f02304",
    "date_postprocessing": "2021-05-25T13:15:50-07:00",
    "date_run_earliest": "2021-04-18T18:27:15",
    "date_run_latest": "2021-04-26T03:27:08",
    "date_link_earliest": "2021-04-14T20:34:04-07:00"
}