{
    "simulation_name": "81/Lev2",
    "alternative_names": "BFI:SurveyMeanAno_v2:81",
    "keywords": [],
    "point_of_contact_email": "peter.nee@aei.mpg.de",
    "authors_emails": [],
    "simulation_bibtex_keys": "SXSCatalog",
    "code_bibtex_keys": [
        "Ossokine:2013zga",
        "Hemberger:2012jz",
        "Szilagyi:2009qz",
        "Boyle:2009vi",
        "Scheel:2008rj",
        "Boyle:2007ft",
        "Scheel:2006gg",
        "Lindblom:2005qh",
        "Pfeiffer:2002wt",
        "SpECwebsite"
    ],
    "initial_data_bibtex_keys": [
        "Buchman:2012dw",
        "Lovelace:2008tw",
        "Pfeiffer:2007yz",
        "Caudill:2006hw",
        "Cook:2004kt"
    ],
    "quasicircular_bibtex_keys": [
        "Mroue:2012kv",
        "Buonanno:2010yk",
        "Mroue:2010re",
        "Boyle:2007ft"
    ],
    "initial_data_type": "BBH_SKS",
    "initial_separation": 31.07346146,
    "initial_orbital_frequency": 0.00450687,
    "initial_adot": 2.14e-05,
    "object1": "bh",
    "object2": "bh",
    "initial_ADM_energy": 0.9947943111884009,
    "initial_ADM_linear_momentum": [
        3.274294145e-07,
        1.37274863e-06,
        8.5376e-11
    ],
    "initial_ADM_angular_momentum": [
        -6.63425e-11,
        5.79615e-11,
        1.2063294657234558
    ],
    "initial_mass1": 0.4999999236911655,
    "initial_mass2": 0.4999999808641849,
    "initial_dimensionless_spin1": [
        -1.0252e-12,
        1.2353e-12,
        -1.25524719e-08
    ],
    "initial_dimensionless_spin2": [
        -4.56e-14,
        3.211e-13,
        -1.7992572e-09
    ],
    "initial_position1": [
        15.536743613858729,
        -6.137329169e-06,
        1.140866025e-07
    ],
    "initial_position2": [
        -15.536717846141272,
        -6.137329169e-06,
        1.140866025e-07
    ],
    "relaxation_time": 160.0,
    "reference_time": 160.0,
    "reference_mass1": 0.4999938236048081,
    "reference_mass2": 0.49999387863475653,
    "reference_dimensionless_spin1": [
        -1.2151692542226041e-08,
        7.940071891327676e-09,
        3.0931029206124384e-06
    ],
    "reference_dimensionless_spin2": [
        1.201739094965434e-08,
        -8.022404643908222e-09,
        3.115423588456732e-06
    ],
    "reference_position1": [
        9.850811217754702,
        9.68943785172991,
        1.5132292788811628e-07
    ],
    "reference_position2": [
        -9.850682418099145,
        -9.689019656879346,
        1.434198322765605e-07
    ],
    "reference_orbital_frequency": [
        -3.337055345799099e-12,
        1.0504674835926563e-12,
        0.005743133753362489
    ],
    "reference_eccentricity": "<1.3e+00",
    "reference_mean_anomaly": 5.396886,
    "common_horizon_time": 11613.15344585853,
    "number_of_orbits": 29.328019812233183,
    "remnant_mass": 0.9519007802248318,
    "remnant_dimensionless_spin": [
        -1.6627427362493634e-10,
        -1.1291020373204524e-09,
        0.6849187372951323
    ],
    "remnant_velocity": [
        3.5252295175906084e-07,
        1.367395571454418e-06,
        2.8617250384289457e-10
    ],
    "metadata_version": 1,
    "spec_revisions": "InitialCommit-32545-g3451778783",
    "spells_revision": "34517787835178f186435e8ebafe310ad2a3bfc5",
    "date_postprocessing": "2024-07-31T00:53:00.919720-07:00",
    "date_run_earliest": "2024-07-09T15:16:18",
    "date_run_latest": "2024-07-16T12:01:06",
    "date_link_earliest": "2024-07-07T12:46:27+02:00"
}