{
    "simulation_name": "026/Lev2",
    "alternative_names": [
        "BFI:Ecc1dSur_rerun:026",
        "SXS:BBH:2595"
    ],
    "keywords": [],
    "point_of_contact_email": "sfield@astro.cornell.edu",
    "authors_emails": [],
    "simulation_bibtex_keys": [
        "SXSCatalog",
        "Islam:2021mha"
    ],
    "code_bibtex_keys": [
        "Ossokine:2013zga",
        "Hemberger:2012jz",
        "Szilagyi:2009qz",
        "Boyle:2009vi",
        "Scheel:2008rj",
        "Boyle:2007ft",
        "Scheel:2006gg",
        "Lindblom:2005qh",
        "Pfeiffer:2002wt",
        "SpECwebsite"
    ],
    "initial_data_bibtex_keys": [
        "Buchman:2012dw",
        "Lovelace:2008tw",
        "Pfeiffer:2007yz",
        "Caudill:2006hw",
        "Cook:2004kt"
    ],
    "quasicircular_bibtex_keys": [
        "Mroue:2012kv",
        "Buonanno:2010yk",
        "Mroue:2010re",
        "Boyle:2007ft"
    ],
    "initial_data_type": "BBH_SHK",
    "initial_separation": 18.38847028,
    "initial_orbital_frequency": 0.01172458,
    "initial_adot": 0.00179245,
    "object1": "bh",
    "object2": "bh",
    "initial_ADM_energy": 0.9937668618990594,
    "initial_ADM_linear_momentum": [
        -8.5599558e-09,
        -6.52605238e-08,
        4.18816e-11
    ],
    "initial_ADM_angular_momentum": [
        4.734195e-10,
        6.373854e-10,
        1.1743362216679243
    ],
    "initial_mass1": 0.4999998606044497,
    "initial_mass2": 0.4999999056553466,
    "initial_dimensionless_spin1": [
        1.6382604e-09,
        2.143243e-09,
        1.174576513e-07
    ],
    "initial_dimensionless_spin2": [
        5.93873e-11,
        7.31106e-11,
        -2.7163618e-09
    ],
    "initial_position1": [
        9.194235354079224,
        -5.07808486e-08,
        -1.57906165e-08
    ],
    "initial_position2": [
        -9.194234925920776,
        -5.07808486e-08,
        -1.57906165e-08
    ],
    "relaxation_time": 300.0,
    "reference_time": 300.0,
    "reference_mass1": 0.500000265231,
    "reference_mass2": 0.50000030579,
    "reference_dimensionless_spin1": [
        -9.08344703375e-10,
        -1.91733958527e-09,
        -2.98279392971e-06
    ],
    "reference_dimensionless_spin2": [
        2.10228777399e-09,
        4.25742689886e-09,
        -3.09478076012e-06
    ],
    "reference_position1": [
        -9.50581983398,
        2.48404031858,
        -4.10385757404e-07
    ],
    "reference_position2": [
        9.50581334814,
        -2.48408053,
        -4.2499152543e-07
    ],
    "reference_orbital_frequency": [
        6.83242861159e-12,
        -5.74203104061e-12,
        0.0108465867973
    ],
    "reference_eccentricity": 0.1755503,
    "reference_mean_anomaly": 4.468319,
    "common_horizon_time": 8776.13433265,
    "number_of_orbits": 26.2195391785,
    "remnant_mass": 0.951876723626,
    "remnant_dimensionless_spin": [
        1.1937475608e-10,
        -1.3598159125e-10,
        0.686421358187
    ],
    "remnant_velocity": [
        3.71640005324e-09,
        -6.86074598433e-09,
        6.38466289326e-08
    ],
    "metadata_version": 1,
    "spec_revisions": "InitialCommit-31500-g7d82535c55",
    "spells_revision": "7d82535c55b37e5d835b6dc3c72414cd73f02304",
    "date_postprocessing": "2021-05-25T13:15:50-07:00",
    "date_run_earliest": "2021-04-19T20:03:20",
    "date_run_latest": "2021-05-11T00:34:57",
    "date_link_earliest": "2021-04-14T20:34:04-07:00"
}