{
    "simulation_name": "021/Lev2",
    "alternative_names": [
        "BFI:Ecc1dSur_rerun:021",
        "SXS:BBH:2590"
    ],
    "keywords": [],
    "point_of_contact_email": "sfield@astro.cornell.edu",
    "authors_emails": [],
    "simulation_bibtex_keys": [
        "SXSCatalog",
        "Islam:2021mha"
    ],
    "code_bibtex_keys": [
        "Ossokine:2013zga",
        "Hemberger:2012jz",
        "Szilagyi:2009qz",
        "Boyle:2009vi",
        "Scheel:2008rj",
        "Boyle:2007ft",
        "Scheel:2006gg",
        "Lindblom:2005qh",
        "Pfeiffer:2002wt",
        "SpECwebsite"
    ],
    "initial_data_bibtex_keys": [
        "Buchman:2012dw",
        "Lovelace:2008tw",
        "Pfeiffer:2007yz",
        "Caudill:2006hw",
        "Cook:2004kt"
    ],
    "quasicircular_bibtex_keys": [
        "Mroue:2012kv",
        "Buonanno:2010yk",
        "Mroue:2010re",
        "Boyle:2007ft"
    ],
    "initial_data_type": "BBH_SHK",
    "initial_separation": 14.93404272,
    "initial_orbital_frequency": 0.01679102,
    "initial_adot": -0.000481073,
    "object1": "bh",
    "object2": "bh",
    "initial_ADM_energy": 0.993526961059842,
    "initial_ADM_linear_momentum": [
        8.084067e-10,
        -3.8596578e-09,
        3.47461e-11
    ],
    "initial_ADM_angular_momentum": [
        1.90894e-11,
        9.4284e-12,
        1.159547381636185
    ],
    "initial_mass1": 0.500000025186825,
    "initial_mass2": 0.5000000102442569,
    "initial_dimensionless_spin1": [
        9.0129e-11,
        1.47677e-10,
        -1.17484935e-08
    ],
    "initial_dimensionless_spin2": [
        2.83301e-11,
        5.5558e-11,
        9.1841166e-09
    ],
    "initial_position1": [
        7.467020614997432,
        1.081686679e-07,
        1.475994e-10
    ],
    "initial_position2": [
        -7.4670221050025685,
        1.081686679e-07,
        1.475994e-10
    ],
    "relaxation_time": 240.0,
    "reference_time": 240.0,
    "reference_mass1": 0.500000217472,
    "reference_mass2": 0.500000200423,
    "reference_dimensionless_spin1": [
        -3.42699934406e-09,
        -1.77021845715e-09,
        -7.49074824146e-07
    ],
    "reference_dimensionless_spin2": [
        3.37696828855e-09,
        1.5172970078e-09,
        -7.49240926348e-07
    ],
    "reference_position1": [
        -9.5010519216,
        -2.48317263596,
        7.16029750747e-08
    ],
    "reference_position2": [
        9.50105142219,
        2.48317074443,
        7.23281079009e-08
    ],
    "reference_orbital_frequency": [
        1.39405315806e-13,
        -2.09300758039e-12,
        0.0106816294128
    ],
    "reference_eccentricity": 0.0916941,
    "reference_mean_anomaly": 2.264399,
    "common_horizon_time": 7616.16191093,
    "number_of_orbits": 24.1320575088,
    "remnant_mass": 0.951838546512,
    "remnant_dimensionless_spin": [
        1.54665934832e-11,
        -5.28898534241e-10,
        0.6861299681
    ],
    "remnant_velocity": [
        -1.73914422689e-08,
        -1.07120336166e-08,
        1.35642354079e-07
    ],
    "metadata_version": 1,
    "spec_revisions": "InitialCommit-31500-g7d82535c55",
    "spells_revision": "7d82535c55b37e5d835b6dc3c72414cd73f02304",
    "date_postprocessing": "2021-05-25T13:15:50-07:00",
    "date_run_earliest": "2021-04-18T18:27:04",
    "date_run_latest": "2021-04-21T22:06:02",
    "date_link_earliest": "2021-04-14T20:34:04-07:00"
}