{
    "simulation_name": "44/Lev2",
    "alternative_names": "BFI:SurveyMeanAno_v2:44",
    "keywords": [],
    "point_of_contact_email": "peter.nee@aei.mpg.de",
    "authors_emails": [],
    "simulation_bibtex_keys": "SXSCatalog",
    "code_bibtex_keys": [
        "Ossokine:2013zga",
        "Hemberger:2012jz",
        "Szilagyi:2009qz",
        "Boyle:2009vi",
        "Scheel:2008rj",
        "Boyle:2007ft",
        "Scheel:2006gg",
        "Lindblom:2005qh",
        "Pfeiffer:2002wt",
        "SpECwebsite"
    ],
    "initial_data_bibtex_keys": [
        "Buchman:2012dw",
        "Lovelace:2008tw",
        "Pfeiffer:2007yz",
        "Caudill:2006hw",
        "Cook:2004kt"
    ],
    "quasicircular_bibtex_keys": [
        "Mroue:2012kv",
        "Buonanno:2010yk",
        "Mroue:2010re",
        "Boyle:2007ft"
    ],
    "initial_data_type": "BBH_SKS",
    "initial_separation": 34.79953826,
    "initial_orbital_frequency": 0.00327591,
    "initial_adot": -2e-08,
    "object1": "bh",
    "object2": "bh",
    "initial_ADM_energy": 0.9954757368967062,
    "initial_ADM_linear_momentum": [
        3.29755795e-08,
        6.4488868e-09,
        8.0164e-12
    ],
    "initial_ADM_angular_momentum": [
        -4.623234e-10,
        5.13473e-11,
        1.4534555570470344
    ],
    "initial_mass1": 0.6666666997688008,
    "initial_mass2": 0.3333332979124988,
    "initial_dimensionless_spin1": [
        -4.68e-14,
        8.64e-14,
        0.7999999986088611
    ],
    "initial_dimensionless_spin2": [
        1.946e-13,
        -1.538e-13,
        0.7999999956467256
    ],
    "initial_position1": [
        11.578423166018586,
        0.0132328529256842,
        6.010175e-10
    ],
    "initial_position2": [
        -23.22111509398141,
        0.0132328529256842,
        6.010175e-10
    ],
    "relaxation_time": 160.0,
    "reference_time": 160.0,
    "reference_mass1": 0.6666696218422122,
    "reference_mass2": 0.33334779087252714,
    "reference_dimensionless_spin1": [
        7.97819596727974e-09,
        -2.734537847127057e-08,
        0.8000027797494429
    ],
    "reference_dimensionless_spin2": [
        1.4873488152500289e-08,
        1.6757229423586318e-09,
        0.7999536417481806
    ],
    "reference_position1": [
        8.319753878047239,
        5.708012201228345,
        3.1463887145639554e-07
    ],
    "reference_position2": [
        -16.696183823465013,
        -11.505477255822292,
        2.8165817432538152e-08
    ],
    "reference_orbital_frequency": [
        2.306338108087097e-10,
        -4.1051442154556077e-10,
        0.004527003869902211
    ],
    "reference_eccentricity": "<9.2e+00",
    "reference_mean_anomaly": 5.754087,
    "common_horizon_time": 11398.380788413193,
    "number_of_orbits": 31.631399210151503,
    "remnant_mass": 0.9242307331413012,
    "remnant_dimensionless_spin": [
        1.154996128673403e-08,
        -2.2584438523343872e-08,
        0.9015323799714212
    ],
    "remnant_velocity": [
        -4.487999827041283e-05,
        1.8059927687578443e-05,
        -2.099836813478489e-08
    ],
    "metadata_version": 1,
    "spec_revisions": "InitialCommit-32542-g5a7ca5896e",
    "spells_revision": "5a7ca5896e65b8bba5a4841c4b37f99431d3e420",
    "date_postprocessing": "2024-07-31T11:25:12.149674-07:00",
    "date_run_earliest": "2024-06-19T07:19:25",
    "date_run_latest": "2024-07-12T03:46:42",
    "date_link_earliest": "2024-05-27T11:24:22+02:00"
}