{
    "simulation_name": "025/Lev2",
    "alternative_names": [
        "BFI:Ecc1dSur_rerun:025",
        "SXS:BBH:2594"
    ],
    "keywords": [],
    "point_of_contact_email": "sfield@astro.cornell.edu",
    "authors_emails": [],
    "simulation_bibtex_keys": [
        "SXSCatalog",
        "Islam:2021mha"
    ],
    "code_bibtex_keys": [
        "Ossokine:2013zga",
        "Hemberger:2012jz",
        "Szilagyi:2009qz",
        "Boyle:2009vi",
        "Scheel:2008rj",
        "Boyle:2007ft",
        "Scheel:2006gg",
        "Lindblom:2005qh",
        "Pfeiffer:2002wt",
        "SpECwebsite"
    ],
    "initial_data_bibtex_keys": [
        "Buchman:2012dw",
        "Lovelace:2008tw",
        "Pfeiffer:2007yz",
        "Caudill:2006hw",
        "Cook:2004kt"
    ],
    "quasicircular_bibtex_keys": [
        "Mroue:2012kv",
        "Buonanno:2010yk",
        "Mroue:2010re",
        "Boyle:2007ft"
    ],
    "initial_data_type": "BBH_SHK",
    "initial_separation": 14.05820799,
    "initial_orbital_frequency": 0.01841737,
    "initial_adot": -0.00102687,
    "object1": "bh",
    "object2": "bh",
    "initial_ADM_energy": 0.9933803796812479,
    "initial_ADM_linear_momentum": [
        -2.594766e-10,
        -9.615642e-10,
        -8.33627e-11
    ],
    "initial_ADM_angular_momentum": [
        1.106537e-10,
        -3.80528e-11,
        1.1432100376634005
    ],
    "initial_mass1": 0.4999998936610427,
    "initial_mass2": 0.4999999021084077,
    "initial_dimensionless_spin1": [
        3.53096e-11,
        6.81067e-11,
        3.7216973e-08
    ],
    "initial_dimensionless_spin2": [
        -5.29861e-11,
        -9.00535e-11,
        -9.22399062e-08
    ],
    "initial_position1": [
        7.029103868886818,
        4.44894295e-08,
        -6.49422637e-08
    ],
    "initial_position2": [
        -7.029104121113182,
        4.44894295e-08,
        -6.49422637e-08
    ],
    "relaxation_time": 450.0,
    "reference_time": 450.0,
    "reference_mass1": 0.499999440783,
    "reference_mass2": 0.499999450462,
    "reference_dimensionless_spin1": [
        -5.27336648152e-09,
        -4.45118161061e-09,
        2.53429889621e-06
    ],
    "reference_dimensionless_spin2": [
        4.93557880547e-09,
        4.68288205796e-09,
        2.47884655813e-06
    ],
    "reference_position1": [
        8.22600953272,
        -3.24885399181,
        5.38438505583e-07
    ],
    "reference_position2": [
        -8.22600991024,
        3.24885302179,
        5.34098209279e-07
    ],
    "reference_orbital_frequency": [
        -5.0190004773e-12,
        -4.08526265856e-12,
        0.0129087623709
    ],
    "reference_eccentricity": 0.1134142,
    "reference_mean_anomaly": 4.305573,
    "common_horizon_time": 6555.16990551,
    "number_of_orbits": 21.7641419267,
    "remnant_mass": 0.951880269625,
    "remnant_dimensionless_spin": [
        -8.20101779776e-11,
        -1.13051382078e-09,
        0.686222033201
    ],
    "remnant_velocity": [
        1.57245692627e-09,
        -6.28079127755e-10,
        9.2620004987e-08
    ],
    "metadata_version": 1,
    "spec_revisions": "InitialCommit-31500-g7d82535c55",
    "spells_revision": "7d82535c55b37e5d835b6dc3c72414cd73f02304",
    "date_postprocessing": "2021-05-25T13:15:50-07:00",
    "date_run_earliest": "2021-04-18T18:29:03",
    "date_run_latest": "2021-04-22T15:21:18",
    "date_link_earliest": "2021-04-14T20:34:04-07:00"
}