{
    "simulation_name": "49/Lev2",
    "alternative_names": "BFI:SurveyMeanAno_v2:49",
    "keywords": [],
    "point_of_contact_email": "peter.nee@aei.mpg.de",
    "authors_emails": [],
    "simulation_bibtex_keys": "SXSCatalog",
    "code_bibtex_keys": [
        "Ossokine:2013zga",
        "Hemberger:2012jz",
        "Szilagyi:2009qz",
        "Boyle:2009vi",
        "Scheel:2008rj",
        "Boyle:2007ft",
        "Scheel:2006gg",
        "Lindblom:2005qh",
        "Pfeiffer:2002wt",
        "SpECwebsite"
    ],
    "initial_data_bibtex_keys": [
        "Buchman:2012dw",
        "Lovelace:2008tw",
        "Pfeiffer:2007yz",
        "Caudill:2006hw",
        "Cook:2004kt"
    ],
    "quasicircular_bibtex_keys": [
        "Mroue:2012kv",
        "Buonanno:2010yk",
        "Mroue:2010re",
        "Boyle:2007ft"
    ],
    "initial_data_type": "BBH_SKS",
    "initial_separation": 35.34651239,
    "initial_orbital_frequency": 0.00318869,
    "initial_adot": 1.17e-06,
    "object1": "bh",
    "object2": "bh",
    "initial_ADM_energy": 0.9955296727230437,
    "initial_ADM_linear_momentum": [
        3.2403166e-09,
        3.81970622e-08,
        4.203e-13
    ],
    "initial_ADM_angular_momentum": [
        -4.57167e-11,
        -3.29371e-11,
        1.456490061383349
    ],
    "initial_mass1": 0.6666666774712392,
    "initial_mass2": 0.3333333187921464,
    "initial_dimensionless_spin1": [
        -1.217e-13,
        -2.19e-14,
        0.8000000055368723
    ],
    "initial_dimensionless_spin2": [
        3.221e-13,
        -5.16e-14,
        0.7999999893050074
    ],
    "initial_position1": [
        11.760625072384016,
        0.0131089648479448,
        1.3588798e-09
    ],
    "initial_position2": [
        -23.585887317615985,
        0.0131089648479448,
        1.3588798e-09
    ],
    "relaxation_time": 160.0,
    "reference_time": 160.0,
    "reference_mass1": 0.6666730096739398,
    "reference_mass2": 0.333353265415206,
    "reference_dimensionless_spin1": [
        -1.202733873946024e-10,
        -1.761167657670079e-08,
        0.7999927696018467
    ],
    "reference_dimensionless_spin2": [
        1.706458630108278e-08,
        8.208479416534817e-10,
        0.7999214769899742
    ],
    "reference_position1": [
        8.596656110539156,
        5.671510096858201,
        4.0372834057392834e-07
    ],
    "reference_position2": [
        -17.254781112949093,
        -11.431617988440752,
        1.2710786654504555e-08
    ],
    "reference_orbital_frequency": [
        1.5181066862747172e-10,
        -3.2918224932058583e-10,
        0.004361753549328854
    ],
    "reference_eccentricity": "<9.7e+00",
    "reference_mean_anomaly": 5.454704,
    "common_horizon_time": 11727.132165910958,
    "number_of_orbits": 32.10269887567685,
    "remnant_mass": 0.9256561929967095,
    "remnant_dimensionless_spin": [
        2.6326411427604935e-08,
        -3.4824913243046255e-08,
        0.9031512826714353
    ],
    "remnant_velocity": [
        6.742975339257654e-05,
        -2.1431799265802812e-05,
        5.899917062089005e-09
    ],
    "metadata_version": 1,
    "spec_revisions": "InitialCommit-32542-g5a7ca5896e",
    "spells_revision": "5a7ca5896e65b8bba5a4841c4b37f99431d3e420",
    "date_postprocessing": "2024-07-31T15:36:51.540072-07:00",
    "date_run_earliest": "2024-06-16T06:40:21",
    "date_run_latest": "2024-07-08T22:02:23",
    "date_link_earliest": "2024-05-27T11:24:22+02:00"
}