{
    "simulation_name": "72/Lev1",
    "alternative_names": "BFI:SurveyMeanAno_v2:72",
    "keywords": [],
    "point_of_contact_email": "peter.nee@aei.mpg.de",
    "authors_emails": [],
    "simulation_bibtex_keys": "SXSCatalog",
    "code_bibtex_keys": [
        "Ossokine:2013zga",
        "Hemberger:2012jz",
        "Szilagyi:2009qz",
        "Boyle:2009vi",
        "Scheel:2008rj",
        "Boyle:2007ft",
        "Scheel:2006gg",
        "Lindblom:2005qh",
        "Pfeiffer:2002wt",
        "SpECwebsite"
    ],
    "initial_data_bibtex_keys": [
        "Buchman:2012dw",
        "Lovelace:2008tw",
        "Pfeiffer:2007yz",
        "Caudill:2006hw",
        "Cook:2004kt"
    ],
    "quasicircular_bibtex_keys": [
        "Mroue:2012kv",
        "Buonanno:2010yk",
        "Mroue:2010re",
        "Boyle:2007ft"
    ],
    "initial_data_type": "BBH_SKS",
    "initial_separation": 21.68978256,
    "initial_orbital_frequency": 0.00883704,
    "initial_adot": -1.874e-05,
    "object1": "bh",
    "object2": "bh",
    "initial_ADM_energy": 0.9940486219391771,
    "initial_ADM_linear_momentum": [
        -1.072932473e-07,
        -4.668190575e-07,
        -9.4877e-12
    ],
    "initial_ADM_angular_momentum": [
        3.106e-13,
        3.00494e-11,
        1.2050618959930963
    ],
    "initial_mass1": 0.5000000542012226,
    "initial_mass2": 0.500000030537412,
    "initial_dimensionless_spin1": [
        -2.8032e-12,
        1.5732e-12,
        -9.4075158e-09
    ],
    "initial_dimensionless_spin2": [
        -1.443e-12,
        1.5739e-12,
        -6.0122159e-09
    ],
    "initial_position1": [
        10.844889293677488,
        1.720012786e-07,
        1.0642689e-09
    ],
    "initial_position2": [
        -10.844893266322513,
        1.720012786e-07,
        1.0642689e-09
    ],
    "relaxation_time": 320.0,
    "reference_time": 320.0,
    "reference_mass1": 0.4999902701192871,
    "reference_mass2": 0.4999901680681806,
    "reference_dimensionless_spin1": [
        1.737179720759491e-08,
        -3.027022717046548e-09,
        2.2017563985956906e-06
    ],
    "reference_dimensionless_spin2": [
        -2.072928899121542e-08,
        2.541238136467705e-09,
        2.183954067008321e-06
    ],
    "reference_position1": [
        -7.839748173405523,
        -3.508013619975161,
        2.269270069387768e-06
    ],
    "reference_position2": [
        7.83968104382857,
        3.507713091887595,
        2.2625644697594103e-06
    ],
    "reference_orbital_frequency": [
        1.389456797661038e-11,
        -1.7268404924830778e-11,
        0.014422048847344656
    ],
    "reference_eccentricity": 0.1640894,
    "reference_mean_anomaly": 0.083082,
    "common_horizon_time": 11325.868399428025,
    "number_of_orbits": 31.277728676940736,
    "remnant_mass": 0.9513644640094413,
    "remnant_dimensionless_spin": [
        2.0067083045795703e-08,
        1.8746808846456046e-08,
        0.6865982399590616
    ],
    "remnant_velocity": [
        -9.655087569919667e-08,
        -5.137634333189877e-07,
        1.216584911995511e-08
    ],
    "metadata_version": 1,
    "spec_revisions": "InitialCommit-32545-g3451778783",
    "spells_revision": "34517787835178f186435e8ebafe310ad2a3bfc5",
    "date_postprocessing": "2024-07-30T08:11:32.105970-07:00",
    "date_run_earliest": "2024-07-11T02:57:04",
    "date_run_latest": "2024-07-20T01:34:40",
    "date_link_earliest": "2024-07-07T12:46:27+02:00"
}