{
    "simulation_name": "48/Lev3",
    "alternative_names": "BFI:SurveyMeanAno_v2:48",
    "keywords": [],
    "point_of_contact_email": "peter.nee@aei.mpg.de",
    "authors_emails": [],
    "simulation_bibtex_keys": "SXSCatalog",
    "code_bibtex_keys": [
        "Ossokine:2013zga",
        "Hemberger:2012jz",
        "Szilagyi:2009qz",
        "Boyle:2009vi",
        "Scheel:2008rj",
        "Boyle:2007ft",
        "Scheel:2006gg",
        "Lindblom:2005qh",
        "Pfeiffer:2002wt",
        "SpECwebsite"
    ],
    "initial_data_bibtex_keys": [
        "Buchman:2012dw",
        "Lovelace:2008tw",
        "Pfeiffer:2007yz",
        "Caudill:2006hw",
        "Cook:2004kt"
    ],
    "quasicircular_bibtex_keys": [
        "Mroue:2012kv",
        "Buonanno:2010yk",
        "Mroue:2010re",
        "Boyle:2007ft"
    ],
    "initial_data_type": "BBH_SKS",
    "initial_separation": 35.24007844,
    "initial_orbital_frequency": 0.00320528,
    "initial_adot": 1.19e-06,
    "object1": "bh",
    "object2": "bh",
    "initial_ADM_energy": 0.9955191633263839,
    "initial_ADM_linear_momentum": [
        3.31947191e-08,
        8.8535467e-09,
        4.38094e-11
    ],
    "initial_ADM_angular_momentum": [
        3.05325e-11,
        -7.79487e-11,
        1.4558725274879043
    ],
    "initial_mass1": 0.666666666298205,
    "initial_mass2": 0.3333333210981316,
    "initial_dimensionless_spin1": [
        6.761e-13,
        1.104e-13,
        0.8000000118791768
    ],
    "initial_dimensionless_spin2": [
        -1.8968e-12,
        5.816e-13,
        0.7999999237785702
    ],
    "initial_position1": [
        11.725172112125373,
        0.0131269539205506,
        -6.8087119e-09
    ],
    "initial_position2": [
        -23.514906327874627,
        0.0131269539205506,
        -6.8087119e-09
    ],
    "relaxation_time": 160.0,
    "reference_time": 160.0,
    "reference_mass1": 0.666672827665726,
    "reference_mass2": 0.333351713250768,
    "reference_dimensionless_spin1": [
        -2.5776940152728677e-09,
        -2.043579898510148e-08,
        0.7999939884262014
    ],
    "reference_dimensionless_spin2": [
        1.6899341363392157e-08,
        1.4396674171934216e-09,
        0.7999307722117095
    ],
    "reference_position1": [
        8.543694408025573,
        5.6785267060695075,
        4.2444520253894936e-07
    ],
    "reference_position2": [
        -17.14782579423866,
        -11.445927489013743,
        3.826997960465088e-08
    ],
    "reference_orbital_frequency": [
        1.2813340963412728e-10,
        -2.9129408752518594e-10,
        0.004392591953554818
    ],
    "reference_eccentricity": "<9.6e+00",
    "reference_mean_anomaly": 5.466024,
    "common_horizon_time": 11660.559584931545,
    "number_of_orbits": 32.00847055920111,
    "remnant_mass": 0.9256535323334146,
    "remnant_dimensionless_spin": [
        9.114457721832119e-09,
        -4.5567910873199693e-08,
        0.9025588048093982
    ],
    "remnant_velocity": [
        4.123356639365157e-05,
        -4.2850651806728984e-05,
        5.720304523060412e-09
    ],
    "metadata_version": 1,
    "spec_revisions": "InitialCommit-32542-g5a7ca5896e",
    "spells_revision": "5a7ca5896e65b8bba5a4841c4b37f99431d3e420",
    "date_postprocessing": "2024-07-31T14:49:47.566509-07:00",
    "date_run_earliest": "2024-06-16T09:37:35",
    "date_run_latest": "2024-07-22T14:04:48",
    "date_link_earliest": "2024-05-27T11:24:22+02:00"
}