{
    "simulation_name": "03/Lev1",
    "alternative_names": "BFI:SurveyMeanAno_v2:03",
    "keywords": [],
    "point_of_contact_email": "peter.nee@aei.mpg.de",
    "authors_emails": [],
    "simulation_bibtex_keys": "SXSCatalog",
    "code_bibtex_keys": [
        "Ossokine:2013zga",
        "Hemberger:2012jz",
        "Szilagyi:2009qz",
        "Boyle:2009vi",
        "Scheel:2008rj",
        "Boyle:2007ft",
        "Scheel:2006gg",
        "Lindblom:2005qh",
        "Pfeiffer:2002wt",
        "SpECwebsite"
    ],
    "initial_data_bibtex_keys": [
        "Buchman:2012dw",
        "Lovelace:2008tw",
        "Pfeiffer:2007yz",
        "Caudill:2006hw",
        "Cook:2004kt"
    ],
    "quasicircular_bibtex_keys": [
        "Mroue:2012kv",
        "Buonanno:2010yk",
        "Mroue:2010re",
        "Boyle:2007ft"
    ],
    "initial_data_type": "BBH_SKS",
    "initial_separation": 37.02999011,
    "initial_orbital_frequency": 0.00319789,
    "initial_adot": 2.66e-06,
    "object1": "bh",
    "object2": "bh",
    "initial_ADM_energy": 0.9952459980372695,
    "initial_ADM_linear_momentum": [
        -3.03071832e-07,
        -8.20029862e-08,
        -3.64918e-11
    ],
    "initial_ADM_angular_momentum": [
        9.77315e-11,
        -7.8558e-12,
        1.1956212930707504
    ],
    "initial_mass1": 0.499999925947664,
    "initial_mass2": 0.4999999525211554,
    "initial_dimensionless_spin1": [
        3.245e-13,
        1.8561e-12,
        -4.1265889e-09
    ],
    "initial_dimensionless_spin2": [
        3.4471e-12,
        -5.3607e-12,
        -6.6687678e-09
    ],
    "initial_position1": [
        18.515008194432696,
        -7.037155664e-07,
        -1.095293977e-06
    ],
    "initial_position2": [
        -18.514981915567304,
        -7.037155664e-07,
        -1.095293977e-06
    ],
    "relaxation_time": 160.0,
    "reference_time": 160.0,
    "reference_mass1": 0.5000125913232576,
    "reference_mass2": 0.5000126146947461,
    "reference_dimensionless_spin1": [
        -1.6401600254448795e-09,
        -7.069871346862434e-10,
        5.371104115321705e-06
    ],
    "reference_dimensionless_spin2": [
        1.762429978487985e-09,
        1.1137218753368876e-09,
        5.374693863896697e-06
    ],
    "reference_position1": [
        14.375418007997736,
        8.66289869088467,
        -1.142467456236386e-06
    ],
    "reference_position2": [
        -14.375487396154593,
        -8.662925363091695,
        -1.1480627172190815e-06
    ],
    "reference_orbital_frequency": [
        2.8532415728279402e-12,
        -5.991656346335757e-12,
        0.0038920624364588313
    ],
    "reference_eccentricity": "<6.7e+00",
    "reference_mean_anomaly": 5.628303,
    "common_horizon_time": 10838.840116701767,
    "number_of_orbits": 26.208506709804066,
    "remnant_mass": 0.9514104731641326,
    "remnant_dimensionless_spin": [
        -2.3814022670163324e-08,
        2.508092654897862e-08,
        0.6890031270373096
    ],
    "remnant_velocity": [
        -2.9113494062631184e-07,
        -4.301769712575038e-08,
        1.2809901644574715e-08
    ],
    "metadata_version": 1,
    "spec_revisions": [
        "InitialCommit-32534-gec089a2f94",
        "InitialCommit-32539-g3b7a5a1097"
    ],
    "spells_revision": "ec089a2f9403004643c204dc5299b1de7726cd9b",
    "date_postprocessing": "2024-05-29T06:19:08.674717-07:00",
    "date_run_earliest": "2024-02-29T23:22:37",
    "date_run_latest": "2024-03-09T20:41:40",
    "date_link_earliest": "2024-02-26T05:47:11-08:00"
}