{
    "simulation_name": "33/Lev2",
    "alternative_names": "BFI:SurveyMeanAno_v2:33",
    "keywords": [],
    "point_of_contact_email": "peter.nee@aei.mpg.de",
    "authors_emails": [],
    "simulation_bibtex_keys": "SXSCatalog",
    "code_bibtex_keys": [
        "Ossokine:2013zga",
        "Hemberger:2012jz",
        "Szilagyi:2009qz",
        "Boyle:2009vi",
        "Scheel:2008rj",
        "Boyle:2007ft",
        "Scheel:2006gg",
        "Lindblom:2005qh",
        "Pfeiffer:2002wt",
        "SpECwebsite"
    ],
    "initial_data_bibtex_keys": [
        "Buchman:2012dw",
        "Lovelace:2008tw",
        "Pfeiffer:2007yz",
        "Caudill:2006hw",
        "Cook:2004kt"
    ],
    "quasicircular_bibtex_keys": [
        "Mroue:2012kv",
        "Buonanno:2010yk",
        "Mroue:2010re",
        "Boyle:2007ft"
    ],
    "initial_data_type": "BBH_SKS",
    "initial_separation": 25.30856063,
    "initial_orbital_frequency": 0.0066244,
    "initial_adot": -2.204e-05,
    "object1": "bh",
    "object2": "bh",
    "initial_ADM_energy": 0.9942937419022172,
    "initial_ADM_linear_momentum": [
        1.533060037e-07,
        5.353194753e-07,
        -4.99882e-11
    ],
    "initial_ADM_angular_momentum": [
        -7.31991e-11,
        -7.447e-13,
        1.204249094934462
    ],
    "initial_mass1": 0.499999952994483,
    "initial_mass2": 0.4999999449376742,
    "initial_dimensionless_spin1": [
        -3.0109e-12,
        3.00626e-11,
        -4.88847122e-08
    ],
    "initial_dimensionless_spin2": [
        9.7301e-12,
        -4.32909e-11,
        -3.6586174e-08
    ],
    "initial_position1": [
        12.654278410368205,
        -1.2531489166e-06,
        -1.98751545e-08
    ],
    "initial_position2": [
        -12.654282219631794,
        -1.2531489166e-06,
        -1.98751545e-08
    ],
    "relaxation_time": 160.0,
    "reference_time": 160.0,
    "reference_mass1": 0.5000047081567033,
    "reference_mass2": 0.5000047407054846,
    "reference_dimensionless_spin1": [
        -1.5406568419309577e-09,
        1.3528729912897076e-08,
        5.379429685773681e-07
    ],
    "reference_dimensionless_spin2": [
        3.1643093791145854e-09,
        -1.586054740963059e-08,
        4.3734810377634496e-07
    ],
    "reference_position1": [
        4.396530348569459,
        10.213475156392352,
        -2.1538772602209454e-07
    ],
    "reference_position2": [
        -4.3964818519081845,
        -10.213306534757036,
        -2.2720093973700325e-07
    ],
    "reference_orbital_frequency": [
        9.521980064898858e-12,
        -9.164686716092771e-12,
        0.008759527291328865
    ],
    "reference_eccentricity": 0.1462809,
    "reference_mean_anomaly": 5.881751,
    "common_horizon_time": 11277.992317218988,
    "number_of_orbits": 30.345680961227238,
    "remnant_mass": 0.951491079394339,
    "remnant_dimensionless_spin": [
        -3.456833157425276e-09,
        -1.3775449083041116e-09,
        0.6853778714072173
    ],
    "remnant_velocity": [
        9.408750866941368e-09,
        5.23026309380443e-07,
        -3.9926228010355874e-08
    ],
    "metadata_version": 1,
    "spec_revisions": "InitialCommit-32542-g5a7ca5896e",
    "spells_revision": "5a7ca5896e65b8bba5a4841c4b37f99431d3e420",
    "date_postprocessing": "2024-06-14T03:51:47.136391-07:00",
    "date_run_earliest": "2024-05-30T15:40:45",
    "date_run_latest": "2024-06-05T13:37:34",
    "date_link_earliest": "2024-05-27T11:24:22+02:00"
}