{
    "simulation_name": "040/Lev2",
    "alternative_names": [
        "BFI:Ecc1dSur_rerun:040",
        "SXS:BBH:2609"
    ],
    "keywords": [],
    "point_of_contact_email": "sfield@astro.cornell.edu",
    "authors_emails": [],
    "simulation_bibtex_keys": [
        "SXSCatalog",
        "Islam:2021mha"
    ],
    "code_bibtex_keys": [
        "Ossokine:2013zga",
        "Hemberger:2012jz",
        "Szilagyi:2009qz",
        "Boyle:2009vi",
        "Scheel:2008rj",
        "Boyle:2007ft",
        "Scheel:2006gg",
        "Lindblom:2005qh",
        "Pfeiffer:2002wt",
        "SpECwebsite"
    ],
    "initial_data_bibtex_keys": [
        "Buchman:2012dw",
        "Lovelace:2008tw",
        "Pfeiffer:2007yz",
        "Caudill:2006hw",
        "Cook:2004kt"
    ],
    "quasicircular_bibtex_keys": [
        "Mroue:2012kv",
        "Buonanno:2010yk",
        "Mroue:2010re",
        "Boyle:2007ft"
    ],
    "initial_data_type": "BBH_SHK",
    "initial_separation": 24.51199406,
    "initial_orbital_frequency": 0.00688468,
    "initial_adot": -7e-16,
    "object1": "bh",
    "object2": "bh",
    "initial_ADM_energy": 0.9940385179281179,
    "initial_ADM_linear_momentum": [
        1.651161e-09,
        8.17537e-09,
        2.43881e-11
    ],
    "initial_ADM_angular_momentum": [
        -1.273167e-09,
        2.234002e-10,
        1.1744838608197976
    ],
    "initial_mass1": 0.4999999295231664,
    "initial_mass2": 0.4999999293899405,
    "initial_dimensionless_spin1": [
        1.96e-14,
        7.17e-14,
        -1.898332e-10
    ],
    "initial_dimensionless_spin2": [
        -6.501e-13,
        -2.766e-13,
        -7.052367e-10
    ],
    "initial_position1": [
        12.255998676004282,
        -3.628896147e-07,
        -1.435244267e-07
    ],
    "initial_position2": [
        -12.255995383995717,
        -3.628896147e-07,
        -1.435244267e-07
    ],
    "relaxation_time": 320.0,
    "reference_time": 320.0,
    "reference_mass1": 0.499998632286,
    "reference_mass2": 0.499998627008,
    "reference_dimensionless_spin1": [
        -3.94586168206e-09,
        1.42285882294e-12,
        -1.07977818808e-06
    ],
    "reference_dimensionless_spin2": [
        3.56899063293e-09,
        -5.70843449834e-10,
        -1.07455498334e-06
    ],
    "reference_position1": [
        -6.46684732005,
        -3.05066234444,
        -8.79444951408e-08
    ],
    "reference_position2": [
        6.46685218267,
        3.05066724472,
        -8.63259101127e-08
    ],
    "reference_orbital_frequency": [
        -1.21050950869e-12,
        -2.74835549077e-12,
        0.0200329227964
    ],
    "reference_eccentricity": "<2.0e+00",
    "reference_mean_anomaly": 1.456101,
    "common_horizon_time": 8731.51997833,
    "number_of_orbits": 25.4785070302,
    "remnant_mass": 0.951345645215,
    "remnant_dimensionless_spin": [
        -2.70139207204e-10,
        -3.29838044831e-10,
        0.68542057269
    ],
    "remnant_velocity": [
        3.12538037708e-09,
        4.41224442527e-09,
        3.35232183497e-08
    ],
    "metadata_version": 1,
    "spec_revisions": "InitialCommit-31500-g7d82535c55",
    "spells_revision": "7d82535c55b37e5d835b6dc3c72414cd73f02304",
    "date_postprocessing": "2021-05-25T13:15:50-07:00",
    "date_run_earliest": "2021-04-15T18:40:55",
    "date_run_latest": "2021-04-24T06:34:52",
    "date_link_earliest": "2021-04-14T20:34:04-07:00"
}