{
    "simulation_name": "041/Lev3",
    "alternative_names": [
        "BFI:Ecc1dSur_rerun:041",
        "SXS:BBH:2610"
    ],
    "keywords": [],
    "point_of_contact_email": "sfield@astro.cornell.edu",
    "authors_emails": [],
    "simulation_bibtex_keys": [
        "SXSCatalog",
        "Islam:2021mha"
    ],
    "code_bibtex_keys": [
        "Ossokine:2013zga",
        "Hemberger:2012jz",
        "Szilagyi:2009qz",
        "Boyle:2009vi",
        "Scheel:2008rj",
        "Boyle:2007ft",
        "Scheel:2006gg",
        "Lindblom:2005qh",
        "Pfeiffer:2002wt",
        "SpECwebsite"
    ],
    "initial_data_bibtex_keys": [
        "Buchman:2012dw",
        "Lovelace:2008tw",
        "Pfeiffer:2007yz",
        "Caudill:2006hw",
        "Cook:2004kt"
    ],
    "quasicircular_bibtex_keys": [
        "Mroue:2012kv",
        "Buonanno:2010yk",
        "Mroue:2010re",
        "Boyle:2007ft"
    ],
    "initial_data_type": "BBH_SHK",
    "initial_separation": 20.1660156177,
    "initial_orbital_frequency": 0.00971216865435,
    "initial_adot": -0.00242163896135,
    "object1": "bh",
    "object2": "bh",
    "initial_ADM_energy": 0.9938768987823039,
    "initial_ADM_linear_momentum": [
        -4.379103e-10,
        8.2221836e-09,
        -3.499276e-10
    ],
    "initial_ADM_angular_momentum": [
        -2.501996e-09,
        -3.7703889e-09,
        1.1584270949621194
    ],
    "initial_mass1": 0.499999987148129,
    "initial_mass2": 0.4999999871158781,
    "initial_dimensionless_spin1": [
        3.0687921e-09,
        2.8855441e-09,
        1.42470281e-08
    ],
    "initial_dimensionless_spin2": [
        -2.4032444e-08,
        -2.90062602e-08,
        2.48127314e-08
    ],
    "initial_position1": [
        10.083008176709658,
        -7.34446362e-08,
        4.83941225e-08
    ],
    "initial_position2": [
        -10.083007440990343,
        -7.34446362e-08,
        4.83941225e-08
    ],
    "relaxation_time": 370.0,
    "reference_time": 370.0,
    "reference_mass1": 0.499999954517,
    "reference_mass2": 0.499999958672,
    "reference_dimensionless_spin1": [
        1.99804894461e-08,
        3.09361060512e-08,
        3.87151642807e-07
    ],
    "reference_dimensionless_spin2": [
        -4.39295898701e-08,
        -1.01649708033e-07,
        3.23088514051e-07
    ],
    "reference_position1": [
        8.48310426138,
        -6.81242381015,
        2.92595283492e-08
    ],
    "reference_position2": [
        -8.48310194007,
        6.81243009085,
        6.47611630879e-10
    ],
    "reference_orbital_frequency": [
        -9.39629927894e-12,
        6.56177092019e-12,
        0.00869647160189
    ],
    "reference_eccentricity": "<6.5e-01",
    "reference_mean_anomaly": 2.085371,
    "common_horizon_time": 7465.86735431,
    "number_of_orbits": 23.0517884253,
    "remnant_mass": 0.951681923045,
    "remnant_dimensionless_spin": [
        -1.93870564669e-09,
        -2.39155850649e-09,
        0.684915444501
    ],
    "remnant_velocity": [
        -3.42905959724e-10,
        8.22261718334e-09,
        2.0012672285e-08
    ],
    "metadata_version": 1,
    "spec_revisions": "InitialCommit-31500-g7d82535c55",
    "spells_revision": "7d82535c55b37e5d835b6dc3c72414cd73f02304",
    "date_postprocessing": "2021-05-25T13:15:50-07:00",
    "date_run_earliest": "2021-04-19T13:21:33",
    "date_run_latest": "2021-04-27T04:49:12",
    "date_link_earliest": "2021-04-14T20:34:04-07:00"
}