{
    "simulation_name": "025/Lev3",
    "alternative_names": [
        "BFI:Ecc1dSur_rerun:025",
        "SXS:BBH:2594"
    ],
    "keywords": [],
    "point_of_contact_email": "sfield@astro.cornell.edu",
    "authors_emails": [],
    "simulation_bibtex_keys": [
        "SXSCatalog",
        "Islam:2021mha"
    ],
    "code_bibtex_keys": [
        "Ossokine:2013zga",
        "Hemberger:2012jz",
        "Szilagyi:2009qz",
        "Boyle:2009vi",
        "Scheel:2008rj",
        "Boyle:2007ft",
        "Scheel:2006gg",
        "Lindblom:2005qh",
        "Pfeiffer:2002wt",
        "SpECwebsite"
    ],
    "initial_data_bibtex_keys": [
        "Buchman:2012dw",
        "Lovelace:2008tw",
        "Pfeiffer:2007yz",
        "Caudill:2006hw",
        "Cook:2004kt"
    ],
    "quasicircular_bibtex_keys": [
        "Mroue:2012kv",
        "Buonanno:2010yk",
        "Mroue:2010re",
        "Boyle:2007ft"
    ],
    "initial_data_type": "BBH_SHK",
    "initial_separation": 14.05820799,
    "initial_orbital_frequency": 0.01841737,
    "initial_adot": -0.00102687,
    "object1": "bh",
    "object2": "bh",
    "initial_ADM_energy": 0.9933803796812479,
    "initial_ADM_linear_momentum": [
        -2.594766e-10,
        -9.615642e-10,
        -8.33627e-11
    ],
    "initial_ADM_angular_momentum": [
        1.106537e-10,
        -3.80528e-11,
        1.1432100376634005
    ],
    "initial_mass1": 0.4999998936610427,
    "initial_mass2": 0.4999999021084077,
    "initial_dimensionless_spin1": [
        3.53096e-11,
        6.81067e-11,
        3.7216973e-08
    ],
    "initial_dimensionless_spin2": [
        -5.29861e-11,
        -9.00535e-11,
        -9.22399062e-08
    ],
    "initial_position1": [
        7.029103868886818,
        4.44894295e-08,
        -6.49422637e-08
    ],
    "initial_position2": [
        -7.029104121113182,
        4.44894295e-08,
        -6.49422637e-08
    ],
    "relaxation_time": 360.0,
    "reference_time": 360.0,
    "reference_mass1": 0.499999524584,
    "reference_mass2": 0.499999533884,
    "reference_dimensionless_spin1": [
        2.38299496689e-10,
        -1.27967888247e-09,
        2.67841212928e-06
    ],
    "reference_dimensionless_spin2": [
        -2.76918720206e-10,
        1.15136757721e-09,
        2.64214733169e-06
    ],
    "reference_position1": [
        1.66317995431,
        -9.76894046369,
        -1.63533652673e-07
    ],
    "reference_position2": [
        -1.66317602313,
        9.76894375107,
        -1.63351491449e-07
    ],
    "reference_orbital_frequency": [
        -9.92862234906e-13,
        -2.65487442233e-13,
        0.0103449550562
    ],
    "reference_eccentricity": 0.1377247,
    "reference_mean_anomaly": 3.55671,
    "common_horizon_time": 6558.33846752,
    "number_of_orbits": 21.7735583014,
    "remnant_mass": 0.951900528128,
    "remnant_dimensionless_spin": [
        2.63002029273e-10,
        3.5069052173e-10,
        0.686288561704
    ],
    "remnant_velocity": [
        2.52954875012e-09,
        1.02927391976e-08,
        7.45600661976e-08
    ],
    "metadata_version": 1,
    "spec_revisions": "InitialCommit-31500-g7d82535c55",
    "spells_revision": "7d82535c55b37e5d835b6dc3c72414cd73f02304",
    "date_postprocessing": "2021-05-25T13:15:50-07:00",
    "date_run_earliest": "2021-04-18T18:29:09",
    "date_run_latest": "2021-04-23T14:13:04",
    "date_link_earliest": "2021-04-14T20:34:04-07:00"
}