{
    "simulation_name": "53/Lev2",
    "alternative_names": "BFI:SurveyMeanAno_v2:53",
    "keywords": [],
    "point_of_contact_email": "peter.nee@aei.mpg.de",
    "authors_emails": [],
    "simulation_bibtex_keys": "SXSCatalog",
    "code_bibtex_keys": [
        "Ossokine:2013zga",
        "Hemberger:2012jz",
        "Szilagyi:2009qz",
        "Boyle:2009vi",
        "Scheel:2008rj",
        "Boyle:2007ft",
        "Scheel:2006gg",
        "Lindblom:2005qh",
        "Pfeiffer:2002wt",
        "SpECwebsite"
    ],
    "initial_data_bibtex_keys": [
        "Buchman:2012dw",
        "Lovelace:2008tw",
        "Pfeiffer:2007yz",
        "Caudill:2006hw",
        "Cook:2004kt"
    ],
    "quasicircular_bibtex_keys": [
        "Mroue:2012kv",
        "Buonanno:2010yk",
        "Mroue:2010re",
        "Boyle:2007ft"
    ],
    "initial_data_type": "BBH_SKS",
    "initial_separation": 34.37286883,
    "initial_orbital_frequency": 0.00334836,
    "initial_adot": 1.28e-06,
    "object1": "bh",
    "object2": "bh",
    "initial_ADM_energy": 0.9954346950545634,
    "initial_ADM_linear_momentum": [
        -9.40612439e-08,
        -5.781287629e-07,
        -3.2236e-12
    ],
    "initial_ADM_angular_momentum": [
        2.9709e-12,
        -2.86848e-11,
        1.451620500511969
    ],
    "initial_mass1": 0.6666666423598541,
    "initial_mass2": 0.3333333657702421,
    "initial_dimensionless_spin1": [
        1.957e-13,
        -3.73e-14,
        0.7999999373635172
    ],
    "initial_dimensionless_spin2": [
        -1.63e-13,
        -4.05e-14,
        0.8000000506937448
    ],
    "initial_position1": [
        11.436317310064437,
        0.0133462571128791,
        -1.125092e-10
    ],
    "initial_position2": [
        -22.936551519935563,
        0.0133462571128791,
        -1.125092e-10
    ],
    "relaxation_time": 160.0,
    "reference_time": 160.0,
    "reference_mass1": 0.666674620136644,
    "reference_mass2": 0.33335055838098804,
    "reference_dimensionless_spin1": [
        -1.75849994436246e-08,
        -1.0213606724521683e-07,
        0.7999834517474121
    ],
    "reference_dimensionless_spin2": [
        1.4348579081505587e-09,
        3.991935337845456e-09,
        0.7999220624291027
    ],
    "reference_position1": [
        8.105594392864818,
        5.740063285611282,
        1.4569360396102268e-06
    ],
    "reference_position2": [
        -16.265113264303665,
        -11.56899883179088,
        1.9988413186553947e-08
    ],
    "reference_orbital_frequency": [
        -4.4352154750043575e-11,
        -3.244607269979657e-10,
        0.004660576455602497
    ],
    "reference_eccentricity": "<8.8e+00",
    "reference_mean_anomaly": 5.618727,
    "common_horizon_time": 11191.579755503531,
    "number_of_orbits": 31.360683215030054,
    "remnant_mass": 0.924109734791475,
    "remnant_dimensionless_spin": [
        9.684829378757978e-09,
        -9.997453145776452e-08,
        0.9030202905937321
    ],
    "remnant_velocity": [
        2.6916129088298086e-05,
        3.154777120324799e-05,
        8.827101426551243e-09
    ],
    "metadata_version": 1,
    "spec_revisions": "InitialCommit-32542-g5a7ca5896e",
    "spells_revision": "5a7ca5896e65b8bba5a4841c4b37f99431d3e420",
    "date_postprocessing": "2024-07-31T20:17:20.354147-07:00",
    "date_run_earliest": "2024-06-16T11:54:53",
    "date_run_latest": "2024-07-08T21:22:32",
    "date_link_earliest": "2024-05-27T11:24:22+02:00"
}