{
    "simulation_name": "11/Lev3",
    "alternative_names": "BFI:SurveyMeanAno_v2:11",
    "keywords": [],
    "point_of_contact_email": "peter.nee@aei.mpg.de",
    "authors_emails": [],
    "simulation_bibtex_keys": "SXSCatalog",
    "code_bibtex_keys": [
        "Ossokine:2013zga",
        "Hemberger:2012jz",
        "Szilagyi:2009qz",
        "Boyle:2009vi",
        "Scheel:2008rj",
        "Boyle:2007ft",
        "Scheel:2006gg",
        "Lindblom:2005qh",
        "Pfeiffer:2002wt",
        "SpECwebsite"
    ],
    "initial_data_bibtex_keys": [
        "Buchman:2012dw",
        "Lovelace:2008tw",
        "Pfeiffer:2007yz",
        "Caudill:2006hw",
        "Cook:2004kt"
    ],
    "quasicircular_bibtex_keys": [
        "Mroue:2012kv",
        "Buonanno:2010yk",
        "Mroue:2010re",
        "Boyle:2007ft"
    ],
    "initial_data_type": "BBH_SKS",
    "initial_separation": 38.20705995,
    "initial_orbital_frequency": 0.00302673,
    "initial_adot": 2.19e-06,
    "object1": "bh",
    "object2": "bh",
    "initial_ADM_energy": 0.9953556351333501,
    "initial_ADM_linear_momentum": [
        -1.25645972e-08,
        1.32382862e-08,
        -1.68385e-11
    ],
    "initial_ADM_angular_momentum": [
        -1.113204e-10,
        9.28026e-11,
        1.2015379181997201
    ],
    "initial_mass1": 0.5000000018742835,
    "initial_mass2": 0.4999999981913616,
    "initial_dimensionless_spin1": [
        -1.60131e-11,
        -1.3686918e-09,
        -4.2563101e-09
    ],
    "initial_dimensionless_spin2": [
        6.702e-13,
        -1.3858e-12,
        -1.2133067e-09
    ],
    "initial_position1": [
        19.10353329878334,
        -7.669657681e-07,
        -1.6281968e-09
    ],
    "initial_position2": [
        -19.10352665121666,
        -7.669657681e-07,
        -1.6281968e-09
    ],
    "relaxation_time": 160.0,
    "reference_time": 160.0,
    "reference_mass1": 0.500002650641953,
    "reference_mass2": 0.5000026468519532,
    "reference_dimensionless_spin1": [
        -2.406499737548326e-09,
        -3.925261849943504e-09,
        -3.7220620472490073e-06
    ],
    "reference_dimensionless_spin2": [
        2.5227584260738475e-09,
        2.685925702057283e-09,
        -3.7246664414066938e-06
    ],
    "reference_position1": [
        15.201498601005575,
        8.520395790498801,
        7.507508320680483e-08
    ],
    "reference_position2": [
        -15.201495783913048,
        -8.520393244897438,
        7.786842517451019e-08
    ],
    "reference_orbital_frequency": [
        1.8207535827080397e-12,
        -2.6526003502451848e-12,
        0.003635057255803081
    ],
    "reference_eccentricity": "<8.0e+00",
    "reference_mean_anomaly": 4.952384,
    "common_horizon_time": 11427.324701889303,
    "number_of_orbits": 26.983472415384004,
    "remnant_mass": 0.9522956945195705,
    "remnant_dimensionless_spin": [
        -4.577873845575101e-11,
        -1.0264542471341363e-10,
        0.685104361914494
    ],
    "remnant_velocity": [
        -2.1813413422456998e-08,
        5.993811852323123e-08,
        4.047821536548786e-08
    ],
    "metadata_version": 1,
    "spec_revisions": [
        "InitialCommit-32534-gec089a2f94",
        "InitialCommit-32539-g3b7a5a1097"
    ],
    "spells_revision": "ec089a2f9403004643c204dc5299b1de7726cd9b",
    "date_postprocessing": "2024-05-27T16:23:10.596792-07:00",
    "date_run_earliest": "2024-02-28T12:01:21",
    "date_run_latest": "2024-03-10T22:19:12",
    "date_link_earliest": "2024-02-26T14:13:43+01:00"
}