{
    "simulation_name": "35/Lev3",
    "alternative_names": "BFI:SurveyMeanAno_v2:35",
    "keywords": [],
    "point_of_contact_email": "peter.nee@aei.mpg.de",
    "authors_emails": [],
    "simulation_bibtex_keys": "SXSCatalog",
    "code_bibtex_keys": [
        "Ossokine:2013zga",
        "Hemberger:2012jz",
        "Szilagyi:2009qz",
        "Boyle:2009vi",
        "Scheel:2008rj",
        "Boyle:2007ft",
        "Scheel:2006gg",
        "Lindblom:2005qh",
        "Pfeiffer:2002wt",
        "SpECwebsite"
    ],
    "initial_data_bibtex_keys": [
        "Buchman:2012dw",
        "Lovelace:2008tw",
        "Pfeiffer:2007yz",
        "Caudill:2006hw",
        "Cook:2004kt"
    ],
    "quasicircular_bibtex_keys": [
        "Mroue:2012kv",
        "Buonanno:2010yk",
        "Mroue:2010re",
        "Boyle:2007ft"
    ],
    "initial_data_type": "BBH_SKS",
    "initial_separation": 25.41153357,
    "initial_orbital_frequency": 0.00658069,
    "initial_adot": -2.193e-05,
    "object1": "bh",
    "object2": "bh",
    "initial_ADM_energy": 0.9943099462681608,
    "initial_ADM_linear_momentum": [
        4.627965667e-07,
        2.5270402696e-06,
        -3.456e-11
    ],
    "initial_ADM_angular_momentum": [
        2.334998e-10,
        -3.2989e-12,
        1.2054505752401845
    ],
    "initial_mass1": 0.4999999515360587,
    "initial_mass2": 0.4999999447257903,
    "initial_dimensionless_spin1": [
        6.2513e-12,
        -5.3114e-12,
        6.61442114e-08
    ],
    "initial_dimensionless_spin2": [
        3.4e-15,
        1.0005e-12,
        -9.083936e-10
    ],
    "initial_position1": [
        12.705765632483013,
        -1.8179453487e-06,
        8.761603e-09
    ],
    "initial_position2": [
        -12.705767937516987,
        -1.8179453487e-06,
        8.761603e-09
    ],
    "relaxation_time": 160.0,
    "reference_time": 160.0,
    "reference_mass1": 0.500004584084349,
    "reference_mass2": 0.5000046168591041,
    "reference_dimensionless_spin1": [
        -5.91788649011315e-09,
        1.653960588184665e-08,
        1.4015476632536828e-06
    ],
    "reference_dimensionless_spin2": [
        6.933221906906138e-09,
        -1.7180239889064094e-08,
        1.2453664905793332e-06
    ],
    "reference_position1": [
        4.503471664607953,
        10.224378176403677,
        -3.9740507711631456e-07
    ],
    "reference_position2": [
        -4.503320688354181,
        -10.223586873975258,
        -4.0993094878953774e-07
    ],
    "reference_orbital_frequency": [
        4.473737893264726e-12,
        -7.292756277914377e-12,
        0.008688257399136135
    ],
    "reference_eccentricity": 0.1517905,
    "reference_mean_anomaly": 5.874296,
    "common_horizon_time": 11398.056522036697,
    "number_of_orbits": 30.566902281502937,
    "remnant_mass": 0.9518271167175303,
    "remnant_dimensionless_spin": [
        1.3452680906107296e-09,
        -6.459624733518584e-10,
        0.6855177987151894
    ],
    "remnant_velocity": [
        3.285304048741465e-07,
        2.5347505648861185e-06,
        -4.946798025039941e-09
    ],
    "metadata_version": 1,
    "spec_revisions": "InitialCommit-32542-g5a7ca5896e",
    "spells_revision": "5a7ca5896e65b8bba5a4841c4b37f99431d3e420",
    "date_postprocessing": "2024-06-14T08:46:02.468943-07:00",
    "date_run_earliest": "2024-05-30T17:38:36",
    "date_run_latest": "2024-06-07T03:39:25",
    "date_link_earliest": "2024-05-27T11:24:22+02:00"
}