{
    "simulation_name": "36/Lev2",
    "alternative_names": "BFI:SurveyMeanAno_v2:36",
    "keywords": [],
    "point_of_contact_email": "peter.nee@aei.mpg.de",
    "authors_emails": [],
    "simulation_bibtex_keys": "SXSCatalog",
    "code_bibtex_keys": [
        "Ossokine:2013zga",
        "Hemberger:2012jz",
        "Szilagyi:2009qz",
        "Boyle:2009vi",
        "Scheel:2008rj",
        "Boyle:2007ft",
        "Scheel:2006gg",
        "Lindblom:2005qh",
        "Pfeiffer:2002wt",
        "SpECwebsite"
    ],
    "initial_data_bibtex_keys": [
        "Buchman:2012dw",
        "Lovelace:2008tw",
        "Pfeiffer:2007yz",
        "Caudill:2006hw",
        "Cook:2004kt"
    ],
    "quasicircular_bibtex_keys": [
        "Mroue:2012kv",
        "Buonanno:2010yk",
        "Mroue:2010re",
        "Boyle:2007ft"
    ],
    "initial_data_type": "BBH_SKS",
    "initial_separation": 25.46238743,
    "initial_orbital_frequency": 0.00655934,
    "initial_adot": -2.189e-05,
    "object1": "bh",
    "object2": "bh",
    "initial_ADM_energy": 0.9943180053098261,
    "initial_ADM_linear_momentum": [
        -2.511605269e-07,
        -1.739495035e-06,
        3.20765e-11
    ],
    "initial_ADM_angular_momentum": [
        -6.81419e-11,
        7.31e-13,
        1.2060555780674442
    ],
    "initial_mass1": 0.4999999584696264,
    "initial_mass2": 0.4999999393590644,
    "initial_dimensionless_spin1": [
        -1.5987e-12,
        6.5806e-12,
        -2.92712158e-08
    ],
    "initial_dimensionless_spin2": [
        6.8055e-12,
        -1.76642e-11,
        -3.68313905e-08
    ],
    "initial_position1": [
        12.731192626365809,
        -5.9938404911e-06,
        5.18821317e-08
    ],
    "initial_position2": [
        -12.73119480363419,
        -5.9938404911e-06,
        5.18821317e-08
    ],
    "relaxation_time": 160.0,
    "reference_time": 160.0,
    "reference_mass1": 0.5000042482766358,
    "reference_mass2": 0.5000042670049735,
    "reference_dimensionless_spin1": [
        -7.65947399740799e-09,
        1.5509530416123957e-08,
        2.852463823278361e-06
    ],
    "reference_dimensionless_spin2": [
        8.338049839613758e-09,
        -1.5690935333635773e-08,
        2.679391340846262e-06
    ],
    "reference_position1": [
        4.555978120363128,
        10.228841008521089,
        -3.7689869086905713e-07
    ],
    "reference_position2": [
        -4.556059704931357,
        -10.229394809645209,
        -3.861395201103713e-07
    ],
    "reference_orbital_frequency": [
        -7.996194826445588e-12,
        -3.471425876507781e-13,
        0.008653287767745018
    ],
    "reference_eccentricity": "<1.8e-01",
    "reference_mean_anomaly": 5.706308,
    "common_horizon_time": 11454.690968327934,
    "number_of_orbits": 30.66506909651798,
    "remnant_mass": 0.9519425220154443,
    "remnant_dimensionless_spin": [
        -3.775425522078385e-09,
        -7.774014012007922e-10,
        0.6859721821774115
    ],
    "remnant_velocity": [
        -3.6879741539935916e-07,
        -1.7737221497127222e-06,
        -2.5574259837122054e-08
    ],
    "metadata_version": 1,
    "spec_revisions": "InitialCommit-32542-g5a7ca5896e",
    "spells_revision": "5a7ca5896e65b8bba5a4841c4b37f99431d3e420",
    "date_postprocessing": "2024-06-14T11:04:42.049924-07:00",
    "date_run_earliest": "2024-05-30T15:55:41",
    "date_run_latest": "2024-06-05T23:21:56",
    "date_link_earliest": "2024-05-27T11:24:22+02:00"
}