{
    "simulation_name": "035/Lev3",
    "alternative_names": [
        "BFI:Ecc1dSur_rerun:035",
        "SXS:BBH:2604"
    ],
    "keywords": [],
    "point_of_contact_email": "sfield@astro.cornell.edu",
    "authors_emails": [],
    "simulation_bibtex_keys": [
        "SXSCatalog",
        "Islam:2021mha"
    ],
    "code_bibtex_keys": [
        "Ossokine:2013zga",
        "Hemberger:2012jz",
        "Szilagyi:2009qz",
        "Boyle:2009vi",
        "Scheel:2008rj",
        "Boyle:2007ft",
        "Scheel:2006gg",
        "Lindblom:2005qh",
        "Pfeiffer:2002wt",
        "SpECwebsite"
    ],
    "initial_data_bibtex_keys": [
        "Buchman:2012dw",
        "Lovelace:2008tw",
        "Pfeiffer:2007yz",
        "Caudill:2006hw",
        "Cook:2004kt"
    ],
    "quasicircular_bibtex_keys": [
        "Mroue:2012kv",
        "Buonanno:2010yk",
        "Mroue:2010re",
        "Boyle:2007ft"
    ],
    "initial_data_type": "BBH_SHK",
    "initial_separation": 18.50603875,
    "initial_orbital_frequency": 0.01151768,
    "initial_adot": 0.00228967,
    "object1": "bh",
    "object2": "bh",
    "initial_ADM_energy": 0.9937821565210927,
    "initial_ADM_linear_momentum": [
        -7.2530881e-09,
        -1.92098655e-08,
        -5.338112e-10
    ],
    "initial_ADM_angular_momentum": [
        -4.00971e-11,
        2.578429e-10,
        1.1662672204119287
    ],
    "initial_mass1": 0.5000001378945911,
    "initial_mass2": 0.5000000840719173,
    "initial_dimensionless_spin1": [
        3.43895e-11,
        4.37572e-11,
        -8.7380887e-09
    ],
    "initial_dimensionless_spin2": [
        4.793e-12,
        5.4379e-12,
        -1.4160076e-09
    ],
    "initial_position1": [
        9.253017775165839,
        3.37077625e-07,
        -2.666442482e-07
    ],
    "initial_position2": [
        -9.25302097483416,
        3.37077625e-07,
        -2.666442482e-07
    ],
    "relaxation_time": 480.0,
    "reference_time": 480.0,
    "reference_mass1": 0.500000733182,
    "reference_mass2": 0.50000068214,
    "reference_dimensionless_spin1": [
        -3.20035354517e-11,
        1.32460607988e-11,
        -1.74309169983e-06
    ],
    "reference_dimensionless_spin2": [
        3.77950502178e-10,
        5.1447215305e-10,
        -1.7383065512e-06
    ],
    "reference_position1": [
        4.37205967675,
        -5.82703074801,
        9.874265208e-08
    ],
    "reference_position2": [
        -4.37206324468,
        5.82701193051,
        9.50489306573e-08
    ],
    "reference_orbital_frequency": [
        -3.92207745817e-12,
        3.12957321065e-12,
        0.0191588100628
    ],
    "reference_eccentricity": 0.2868264,
    "reference_mean_anomaly": 0.316862,
    "common_horizon_time": 8203.49671613,
    "number_of_orbits": 24.7720594714,
    "remnant_mass": 0.951770562518,
    "remnant_dimensionless_spin": [
        -4.53477552142e-11,
        -2.6810595408e-10,
        0.685376875361
    ],
    "remnant_velocity": [
        4.48715443454e-09,
        -1.98986193439e-08,
        2.33517336738e-08
    ],
    "metadata_version": 1,
    "spec_revisions": "InitialCommit-31500-g7d82535c55",
    "spells_revision": "7d82535c55b37e5d835b6dc3c72414cd73f02304",
    "date_postprocessing": "2021-05-25T13:15:50-07:00",
    "date_run_earliest": "2021-04-15T18:45:47",
    "date_run_latest": "2021-05-08T18:13:22",
    "date_link_earliest": "2021-04-14T20:34:04-07:00"
}