{
    "simulation_name": "51/Lev3",
    "alternative_names": "BFI:SurveyMeanAno_v2:51",
    "keywords": [],
    "point_of_contact_email": "peter.nee@aei.mpg.de",
    "authors_emails": [],
    "simulation_bibtex_keys": "SXSCatalog",
    "code_bibtex_keys": [
        "Ossokine:2013zga",
        "Hemberger:2012jz",
        "Szilagyi:2009qz",
        "Boyle:2009vi",
        "Scheel:2008rj",
        "Boyle:2007ft",
        "Scheel:2006gg",
        "Lindblom:2005qh",
        "Pfeiffer:2002wt",
        "SpECwebsite"
    ],
    "initial_data_bibtex_keys": [
        "Buchman:2012dw",
        "Lovelace:2008tw",
        "Pfeiffer:2007yz",
        "Caudill:2006hw",
        "Cook:2004kt"
    ],
    "quasicircular_bibtex_keys": [
        "Mroue:2012kv",
        "Buonanno:2010yk",
        "Mroue:2010re",
        "Boyle:2007ft"
    ],
    "initial_data_type": "BBH_SKS",
    "initial_separation": 34.12836905,
    "initial_orbital_frequency": 0.0033901,
    "initial_adot": 1.31e-06,
    "object1": "bh",
    "object2": "bh",
    "initial_ADM_energy": 0.9954098656145325,
    "initial_ADM_linear_momentum": [
        -4.46613678e-08,
        -7.2969462e-09,
        4.2625e-12
    ],
    "initial_ADM_angular_momentum": [
        1.30583e-10,
        -4.04141e-11,
        1.4502889947115052
    ],
    "initial_mass1": 0.6666666649734408,
    "initial_mass2": 0.3333333333905963,
    "initial_dimensionless_spin1": [
        -1.572e-13,
        1.376e-13,
        0.8000000290133846
    ],
    "initial_dimensionless_spin2": [
        1.931e-13,
        -1.733e-13,
        0.7999999477804357
    ],
    "initial_position1": [
        11.354883074050717,
        0.0134010483716926,
        -1.914518e-10
    ],
    "initial_position2": [
        -22.773485975949285,
        0.0134010483716926,
        -1.914518e-10
    ],
    "relaxation_time": 160.0,
    "reference_time": 160.0,
    "reference_mass1": 0.6666762544647209,
    "reference_mass2": 0.3333511914344617,
    "reference_dimensionless_spin1": [
        -4.116219942926131e-10,
        -8.983406235017927e-08,
        0.7999852492597328
    ],
    "reference_dimensionless_spin2": [
        1.1331769880108327e-08,
        5.1322174555084835e-09,
        0.7999218172492942
    ],
    "reference_position1": [
        7.9799631469606105,
        5.75628729197821,
        8.644997773675023e-07
    ],
    "reference_position2": [
        -16.012048899299522,
        -11.601241782635377,
        6.137339708318433e-08
    ],
    "reference_orbital_frequency": [
        7.569834392496194e-11,
        -3.2398884016630677e-10,
        0.00474083559845148
    ],
    "reference_eccentricity": "<8.7e+00",
    "reference_mean_anomaly": 5.250285,
    "common_horizon_time": 11049.175380499211,
    "number_of_orbits": 31.15354525986757,
    "remnant_mass": 0.924963535551733,
    "remnant_dimensionless_spin": [
        1.9700557975068343e-08,
        -5.430425729493062e-08,
        0.9037675978141426
    ],
    "remnant_velocity": [
        6.119296045734627e-05,
        -1.5413830274278186e-05,
        8.564468090838581e-09
    ],
    "metadata_version": 1,
    "spec_revisions": "InitialCommit-32542-g5a7ca5896e",
    "spells_revision": "5a7ca5896e65b8bba5a4841c4b37f99431d3e420",
    "date_postprocessing": "2024-07-31T19:32:13.498761-07:00",
    "date_run_earliest": "2024-06-15T15:07:54",
    "date_run_latest": "2024-07-15T11:33:23",
    "date_link_earliest": "2024-05-27T11:24:22+02:00"
}