{
    "simulation_name": "84/Lev1",
    "alternative_names": "BFI:SurveyMeanAno_v2:84",
    "keywords": [],
    "point_of_contact_email": "peter.nee@aei.mpg.de",
    "authors_emails": [],
    "simulation_bibtex_keys": "SXSCatalog",
    "code_bibtex_keys": [
        "Ossokine:2013zga",
        "Hemberger:2012jz",
        "Szilagyi:2009qz",
        "Boyle:2009vi",
        "Scheel:2008rj",
        "Boyle:2007ft",
        "Scheel:2006gg",
        "Lindblom:2005qh",
        "Pfeiffer:2002wt",
        "SpECwebsite"
    ],
    "initial_data_bibtex_keys": [
        "Buchman:2012dw",
        "Lovelace:2008tw",
        "Pfeiffer:2007yz",
        "Caudill:2006hw",
        "Cook:2004kt"
    ],
    "quasicircular_bibtex_keys": [
        "Mroue:2012kv",
        "Buonanno:2010yk",
        "Mroue:2010re",
        "Boyle:2007ft"
    ],
    "initial_data_type": "BBH_SKS",
    "initial_separation": 31.3210754,
    "initial_orbital_frequency": 0.00444644,
    "initial_adot": 1.946e-05,
    "object1": "bh",
    "object2": "bh",
    "initial_ADM_energy": 0.9948238151907592,
    "initial_ADM_linear_momentum": [
        3.59515061e-08,
        -5.05850714e-08,
        -7.7777e-11
    ],
    "initial_ADM_angular_momentum": [
        -6.91806e-11,
        -3.4027e-12,
        1.2082312567457514
    ],
    "initial_mass1": 0.4999999534790683,
    "initial_mass2": 0.4999999618037887,
    "initial_dimensionless_spin1": [
        -4.357e-13,
        2.2645e-12,
        -2.5141162e-09
    ],
    "initial_dimensionless_spin2": [
        2.092e-13,
        -1.3238e-12,
        -4.1921028e-09
    ],
    "initial_position1": [
        15.660530847601972,
        -4.7069708216e-06,
        3.898518728e-07
    ],
    "initial_position2": [
        -15.66054455239803,
        -4.7069708216e-06,
        3.898518728e-07
    ],
    "relaxation_time": 160.0,
    "reference_time": 160.0,
    "reference_mass1": 0.4999954754885394,
    "reference_mass2": 0.49999547820971146,
    "reference_dimensionless_spin1": [
        -1.3652742884836495e-08,
        8.575108255113144e-09,
        1.8873787867581924e-06
    ],
    "reference_dimensionless_spin2": [
        1.4402888948974551e-08,
        -9.142782237744155e-09,
        1.9127541134442277e-06
    ],
    "reference_position1": [
        10.052816214469505,
        9.667745886376714,
        4.7116554255903744e-07
    ],
    "reference_position2": [
        -10.052818562269099,
        -9.667771112679935,
        4.643117650168995e-07
    ],
    "reference_orbital_frequency": [
        -3.4342640008399577e-12,
        1.5691206224118028e-12,
        0.00564773207498954
    ],
    "reference_eccentricity": "<1.3e+00",
    "reference_mean_anomaly": 5.391635,
    "common_horizon_time": 11809.199298131094,
    "number_of_orbits": 29.622501523807735,
    "remnant_mass": 0.9520501873415084,
    "remnant_dimensionless_spin": [
        -2.0237049913419776e-10,
        2.4805945875750803e-09,
        0.6874352527296673
    ],
    "remnant_velocity": [
        2.192820474795938e-08,
        -1.855475387909921e-08,
        -8.710691703138992e-09
    ],
    "metadata_version": 1,
    "spec_revisions": "InitialCommit-32545-g3451778783",
    "spells_revision": "34517787835178f186435e8ebafe310ad2a3bfc5",
    "date_postprocessing": "2024-07-31T22:36:29.678993-07:00",
    "date_run_earliest": "2024-07-09T16:50:17",
    "date_run_latest": "2024-07-15T08:08:22",
    "date_link_earliest": "2024-07-07T12:46:27+02:00"
}