{
    "simulation_name": "85/Lev2",
    "alternative_names": "BFI:SurveyMeanAno_v2:85",
    "keywords": [],
    "point_of_contact_email": "peter.nee@aei.mpg.de",
    "authors_emails": [],
    "simulation_bibtex_keys": "SXSCatalog",
    "code_bibtex_keys": [
        "Ossokine:2013zga",
        "Hemberger:2012jz",
        "Szilagyi:2009qz",
        "Boyle:2009vi",
        "Scheel:2008rj",
        "Boyle:2007ft",
        "Scheel:2006gg",
        "Lindblom:2005qh",
        "Pfeiffer:2002wt",
        "SpECwebsite"
    ],
    "initial_data_bibtex_keys": [
        "Buchman:2012dw",
        "Lovelace:2008tw",
        "Pfeiffer:2007yz",
        "Caudill:2006hw",
        "Cook:2004kt"
    ],
    "quasicircular_bibtex_keys": [
        "Mroue:2012kv",
        "Buonanno:2010yk",
        "Mroue:2010re",
        "Boyle:2007ft"
    ],
    "initial_data_type": "BBH_SKS",
    "initial_separation": 30.58190851,
    "initial_orbital_frequency": 0.00462567,
    "initial_adot": 2.559e-05,
    "object1": "bh",
    "object2": "bh",
    "initial_ADM_energy": 0.9947287530722845,
    "initial_ADM_linear_momentum": [
        2.49467196e-08,
        1.038504232e-07,
        -2.70777e-11
    ],
    "initial_ADM_angular_momentum": [
        -1.072268e-10,
        1.210528e-10,
        1.201208181761742
    ],
    "initial_mass1": 0.500000000791954,
    "initial_mass2": 0.500000004398793,
    "initial_dimensionless_spin1": [
        5.255e-13,
        -6.91025e-11,
        -1.33243992e-08
    ],
    "initial_dimensionless_spin2": [
        7.96e-14,
        -4.485e-13,
        -1.4560076e-09
    ],
    "initial_position1": [
        15.290955144692132,
        -7.566415165e-07,
        1.49290968e-08
    ],
    "initial_position2": [
        -15.29095336530787,
        -7.566415165e-07,
        1.49290968e-08
    ],
    "relaxation_time": 160.0,
    "reference_time": 160.0,
    "reference_mass1": 0.4999941551711073,
    "reference_mass2": 0.49999415241667644,
    "reference_dimensionless_spin1": [
        -9.852253626567795e-09,
        5.31513253445116e-09,
        3.532199365286782e-06
    ],
    "reference_dimensionless_spin2": [
        9.699886332329243e-09,
        -5.34223558989459e-09,
        3.5469745231068436e-06
    ],
    "reference_position1": [
        9.444317420085135,
        9.718415758489591,
        -6.860259593737336e-08
    ],
    "reference_position2": [
        -9.444309028636278,
        -9.718385212467611,
        -7.427382030787803e-08
    ],
    "reference_orbital_frequency": [
        -2.6727308187203256e-12,
        8.640231422690818e-13,
        0.00594058107759372
    ],
    "reference_eccentricity": "<1.2e+00",
    "reference_mean_anomaly": 5.445404,
    "common_horizon_time": 11118.096724580262,
    "number_of_orbits": 28.550330590601067,
    "remnant_mass": 0.9517579378733962,
    "remnant_dimensionless_spin": [
        1.3983485116842458e-09,
        1.1174909904390773e-09,
        0.6882520444099458
    ],
    "remnant_velocity": [
        5.6263519260626164e-08,
        1.0216270884840785e-07,
        -9.843945471468578e-09
    ],
    "metadata_version": 1,
    "spec_revisions": "InitialCommit-32545-g3451778783",
    "spells_revision": "34517787835178f186435e8ebafe310ad2a3bfc5",
    "date_postprocessing": "2024-08-01T02:54:42.841742-07:00",
    "date_run_earliest": "2024-07-10T03:58:25",
    "date_run_latest": "2024-07-18T12:42:26",
    "date_link_earliest": "2024-07-07T12:46:27+02:00"
}