{
    "simulation_name": "018/Lev2",
    "alternative_names": [
        "BFI:Ecc1dSur_rerun:018",
        "SXS:BBH:2587"
    ],
    "keywords": [],
    "point_of_contact_email": "sfield@astro.cornell.edu",
    "authors_emails": [],
    "simulation_bibtex_keys": [
        "SXSCatalog",
        "Islam:2021mha"
    ],
    "code_bibtex_keys": [
        "Ossokine:2013zga",
        "Hemberger:2012jz",
        "Szilagyi:2009qz",
        "Boyle:2009vi",
        "Scheel:2008rj",
        "Boyle:2007ft",
        "Scheel:2006gg",
        "Lindblom:2005qh",
        "Pfeiffer:2002wt",
        "SpECwebsite"
    ],
    "initial_data_bibtex_keys": [
        "Buchman:2012dw",
        "Lovelace:2008tw",
        "Pfeiffer:2007yz",
        "Caudill:2006hw",
        "Cook:2004kt"
    ],
    "quasicircular_bibtex_keys": [
        "Mroue:2012kv",
        "Buonanno:2010yk",
        "Mroue:2010re",
        "Boyle:2007ft"
    ],
    "initial_data_type": "BBH_SHK",
    "initial_separation": 18.08289492,
    "initial_orbital_frequency": 0.01208783,
    "initial_adot": 0.00144423,
    "object1": "bh",
    "object2": "bh",
    "initial_ADM_energy": 0.9937087123835261,
    "initial_ADM_linear_momentum": [
        -3.9748289e-09,
        -1.29450455e-08,
        -2.16598e-10
    ],
    "initial_ADM_angular_momentum": [
        -1.2966e-12,
        1.284326e-10,
        1.1748785979298317
    ],
    "initial_mass1": 0.4999999322698189,
    "initial_mass2": 0.4999999430940519,
    "initial_dimensionless_spin1": [
        -3.2085e-12,
        -5.1954e-12,
        -3.47136618e-08
    ],
    "initial_dimensionless_spin2": [
        3.636783e-10,
        4.633027e-10,
        1.772390624e-07
    ],
    "initial_position1": [
        9.041447149741106,
        6.38269531e-08,
        9.60214577e-08
    ],
    "initial_position2": [
        -9.041447770258895,
        6.38269531e-08,
        9.60214577e-08
    ],
    "relaxation_time": 420.0,
    "reference_time": 420.0,
    "reference_mass1": 0.500000114999,
    "reference_mass2": 0.50000008202,
    "reference_dimensionless_spin1": [
        3.43776377681e-10,
        -2.48788873322e-09,
        -2.37861116896e-06
    ],
    "reference_dimensionless_spin2": [
        -8.89129590539e-10,
        2.2847398547e-09,
        -2.12487196588e-06
    ],
    "reference_position1": [
        0.0339926635833,
        -8.14793325479,
        -1.3571677573e-06
    ],
    "reference_position2": [
        -0.0340074683046,
        8.14793297322,
        -1.34965195485e-06
    ],
    "reference_orbital_frequency": [
        7.09570569463e-12,
        -7.1530440626e-12,
        0.015573527765
    ],
    "reference_eccentricity": 0.1363568,
    "reference_mean_anomaly": 5.815886,
    "common_horizon_time": 8800.09174736,
    "number_of_orbits": 26.4450951179,
    "remnant_mass": 0.951695569654,
    "remnant_dimensionless_spin": [
        6.49375446129e-10,
        -6.52549131985e-10,
        0.68704641103
    ],
    "remnant_velocity": [
        -4.46922916457e-08,
        6.0712749633e-08,
        6.43395912364e-08
    ],
    "metadata_version": 1,
    "spec_revisions": "InitialCommit-31500-g7d82535c55",
    "spells_revision": "7d82535c55b37e5d835b6dc3c72414cd73f02304",
    "date_postprocessing": "2021-05-25T13:15:50-07:00",
    "date_run_earliest": "2021-04-18T18:27:12",
    "date_run_latest": "2021-04-24T03:28:00",
    "date_link_earliest": "2021-04-14T20:34:04-07:00"
}