{
    "simulation_name": "016/Lev3",
    "alternative_names": [
        "BFI:Ecc1dSur_rerun:016",
        "SXS:BBH:2585"
    ],
    "keywords": [],
    "point_of_contact_email": "sfield@astro.cornell.edu",
    "authors_emails": [],
    "simulation_bibtex_keys": [
        "SXSCatalog",
        "Islam:2021mha"
    ],
    "code_bibtex_keys": [
        "Ossokine:2013zga",
        "Hemberger:2012jz",
        "Szilagyi:2009qz",
        "Boyle:2009vi",
        "Scheel:2008rj",
        "Boyle:2007ft",
        "Scheel:2006gg",
        "Lindblom:2005qh",
        "Pfeiffer:2002wt",
        "SpECwebsite"
    ],
    "initial_data_bibtex_keys": [
        "Buchman:2012dw",
        "Lovelace:2008tw",
        "Pfeiffer:2007yz",
        "Caudill:2006hw",
        "Cook:2004kt"
    ],
    "quasicircular_bibtex_keys": [
        "Mroue:2012kv",
        "Buonanno:2010yk",
        "Mroue:2010re",
        "Boyle:2007ft"
    ],
    "initial_data_type": "BBH_SHK",
    "initial_separation": 18.01384884,
    "initial_orbital_frequency": 0.01208403,
    "initial_adot": -0.00117919,
    "object1": "bh",
    "object2": "bh",
    "initial_ADM_energy": 0.9936227731458402,
    "initial_ADM_linear_momentum": [
        -1.1410657e-09,
        -6.5544601e-09,
        1.186052e-10
    ],
    "initial_ADM_angular_momentum": [
        -6.5583712e-09,
        -8.0761138e-09,
        1.170585147323026
    ],
    "initial_mass1": 0.5000000363147243,
    "initial_mass2": 0.5000000471338754,
    "initial_dimensionless_spin1": [
        -8.16e-12,
        -5.7441e-12,
        6.2412948e-09
    ],
    "initial_dimensionless_spin2": [
        -3.38902076e-08,
        -4.44851907e-08,
        -1.15613024e-07
    ],
    "initial_position1": [
        9.006924434854986,
        1.575124686e-07,
        -1.49974077e-08
    ],
    "initial_position2": [
        -9.006924405145016,
        1.575124686e-07,
        -1.49974077e-08
    ],
    "relaxation_time": 370.0,
    "reference_time": 370.0,
    "reference_mass1": 0.4999996655,
    "reference_mass2": 0.499999678703,
    "reference_dimensionless_spin1": [
        -5.43982266202e-10,
        -1.03168927471e-09,
        1.17118520183e-06
    ],
    "reference_dimensionless_spin2": [
        -2.34341968911e-08,
        -5.86639161391e-08,
        1.08279203409e-06
    ],
    "reference_position1": [
        3.88068024717,
        -8.86228733335,
        1.54696955106e-07
    ],
    "reference_position2": [
        -3.88067812744,
        8.86228363644,
        1.05348252664e-07
    ],
    "reference_orbital_frequency": [
        -2.8699208218e-11,
        1.82869941621e-11,
        0.0110818307035
    ],
    "reference_eccentricity": 0.1172907,
    "reference_mean_anomaly": 2.210255,
    "common_horizon_time": 8379.84989793,
    "number_of_orbits": 25.8084566498,
    "remnant_mass": 0.951760268708,
    "remnant_dimensionless_spin": [
        -4.52007030629e-09,
        -5.41688334941e-09,
        0.686681193228
    ],
    "remnant_velocity": [
        7.533062512e-09,
        -3.38465343267e-09,
        2.46530717946e-08
    ],
    "metadata_version": 1,
    "spec_revisions": "InitialCommit-31500-g7d82535c55",
    "spells_revision": "7d82535c55b37e5d835b6dc3c72414cd73f02304",
    "date_postprocessing": "2021-05-25T13:15:50-07:00",
    "date_run_earliest": "2021-04-18T18:28:22",
    "date_run_latest": "2021-05-08T14:10:42",
    "date_link_earliest": "2021-04-14T20:34:04-07:00"
}