{
    "simulation_name": "046/Lev3",
    "alternative_names": [
        "BFI:Ecc1dSur_rerun:046",
        "SXS:BBH:2615"
    ],
    "keywords": [],
    "point_of_contact_email": "sfield@astro.cornell.edu",
    "authors_emails": [],
    "simulation_bibtex_keys": [
        "SXSCatalog",
        "Islam:2021mha"
    ],
    "code_bibtex_keys": [
        "Ossokine:2013zga",
        "Hemberger:2012jz",
        "Szilagyi:2009qz",
        "Boyle:2009vi",
        "Scheel:2008rj",
        "Boyle:2007ft",
        "Scheel:2006gg",
        "Lindblom:2005qh",
        "Pfeiffer:2002wt",
        "SpECwebsite"
    ],
    "initial_data_bibtex_keys": [
        "Buchman:2012dw",
        "Lovelace:2008tw",
        "Pfeiffer:2007yz",
        "Caudill:2006hw",
        "Cook:2004kt"
    ],
    "quasicircular_bibtex_keys": [
        "Mroue:2012kv",
        "Buonanno:2010yk",
        "Mroue:2010re",
        "Boyle:2007ft"
    ],
    "initial_data_type": "BBH_SHK",
    "initial_separation": 23.66403218,
    "initial_orbital_frequency": 0.00740484,
    "initial_adot": -6e-16,
    "object1": "bh",
    "object2": "bh",
    "initial_ADM_energy": 0.994024653037329,
    "initial_ADM_linear_momentum": [
        2.503885e-10,
        1.156361e-09,
        -2.259e-12
    ],
    "initial_ADM_angular_momentum": [
        -5.9821e-12,
        1.2964e-11,
        1.1830858397071078
    ],
    "initial_mass1": 0.5000000003226821,
    "initial_mass2": 0.5000000003241698,
    "initial_dimensionless_spin1": [
        -2.2e-15,
        -1.7e-15,
        -3.619e-12
    ],
    "initial_dimensionless_spin2": [
        -3e-16,
        6e-16,
        -2.6875e-12
    ],
    "initial_position1": [
        11.832016301364108,
        -4.38229104e-08,
        -7.1293731e-09
    ],
    "initial_position2": [
        -11.832015878635891,
        -4.38229104e-08,
        -7.1293731e-09
    ],
    "relaxation_time": 630.0,
    "reference_time": 630.0,
    "reference_mass1": 0.500000852785,
    "reference_mass2": 0.50000082997,
    "reference_dimensionless_spin1": [
        4.05441232824e-10,
        -2.49756503677e-10,
        -9.8154130957e-07
    ],
    "reference_dimensionless_spin2": [
        -2.16816374472e-10,
        -8.13804850684e-12,
        -9.98462630979e-07
    ],
    "reference_position1": [
        5.3657972238,
        10.4148008175,
        -3.74288413268e-08
    ],
    "reference_position2": [
        -5.36580637094,
        -10.4148045005,
        -3.66553045848e-08
    ],
    "reference_orbital_frequency": [
        -8.0131595339e-13,
        6.98764529893e-13,
        0.0076991613696
    ],
    "reference_eccentricity": "<1.4e+00",
    "reference_mean_anomaly": 4.669866,
    "common_horizon_time": 9408.74729803,
    "number_of_orbits": 27.1109911044,
    "remnant_mass": 0.951949624034,
    "remnant_dimensionless_spin": [
        6.88330325717e-11,
        2.49105022662e-10,
        0.68614853288
    ],
    "remnant_velocity": [
        -1.17570785461e-08,
        -6.09147010586e-09,
        8.35606334486e-09
    ],
    "metadata_version": 1,
    "spec_revisions": "InitialCommit-31500-g7d82535c55",
    "spells_revision": "7d82535c55b37e5d835b6dc3c72414cd73f02304",
    "date_postprocessing": "2021-05-25T13:15:50-07:00",
    "date_run_earliest": "2021-04-19T20:04:15",
    "date_run_latest": "2021-05-07T05:34:17",
    "date_link_earliest": "2021-04-14T20:34:04-07:00"
}