{
    "simulation_name": "034/Lev2",
    "alternative_names": [
        "BFI:Ecc1dSur_rerun:034",
        "SXS:BBH:2603"
    ],
    "keywords": [],
    "point_of_contact_email": "sfield@astro.cornell.edu",
    "authors_emails": [],
    "simulation_bibtex_keys": [
        "SXSCatalog",
        "Islam:2021mha"
    ],
    "code_bibtex_keys": [
        "Ossokine:2013zga",
        "Hemberger:2012jz",
        "Szilagyi:2009qz",
        "Boyle:2009vi",
        "Scheel:2008rj",
        "Boyle:2007ft",
        "Scheel:2006gg",
        "Lindblom:2005qh",
        "Pfeiffer:2002wt",
        "SpECwebsite"
    ],
    "initial_data_bibtex_keys": [
        "Buchman:2012dw",
        "Lovelace:2008tw",
        "Pfeiffer:2007yz",
        "Caudill:2006hw",
        "Cook:2004kt"
    ],
    "quasicircular_bibtex_keys": [
        "Mroue:2012kv",
        "Buonanno:2010yk",
        "Mroue:2010re",
        "Boyle:2007ft"
    ],
    "initial_data_type": "BBH_SHK",
    "initial_separation": 19.99780179,
    "initial_orbital_frequency": 0.01019402,
    "initial_adot": 0.00217103,
    "object1": "bh",
    "object2": "bh",
    "initial_ADM_energy": 0.9941029416414503,
    "initial_ADM_linear_momentum": [
        1.25331308e-08,
        1.67409341e-08,
        -3.89072e-11
    ],
    "initial_ADM_angular_momentum": [
        2.457399e-10,
        2.748791e-10,
        1.190023742793307
    ],
    "initial_mass1": 0.5000001281893316,
    "initial_mass2": 0.5000000937594367,
    "initial_dimensionless_spin1": [
        -1.73302963e-08,
        -2.08189918e-08,
        5.35358115e-08
    ],
    "initial_dimensionless_spin2": [
        3.102276e-10,
        3.542424e-10,
        -9.4619213e-09
    ],
    "initial_position1": [
        9.998900670971322,
        2.38530902e-07,
        -3.95780575e-08
    ],
    "initial_position2": [
        -9.998901119028679,
        2.38530902e-07,
        -3.95780575e-08
    ],
    "relaxation_time": 360.0,
    "reference_time": 360.0,
    "reference_mass1": 0.499998858204,
    "reference_mass2": 0.499998855813,
    "reference_dimensionless_spin1": [
        -4.91177844537e-09,
        -3.89252234247e-09,
        -1.19531301514e-06
    ],
    "reference_dimensionless_spin2": [
        5.18705258995e-09,
        4.64531534513e-09,
        -1.20877681256e-06
    ],
    "reference_position1": [
        -9.7713916032,
        1.92785932064,
        4.03007508101e-07
    ],
    "reference_position2": [
        9.77140112398,
        -1.92784536305,
        4.05051196876e-07
    ],
    "reference_orbital_frequency": [
        -1.49758920225e-12,
        -1.91329907527e-12,
        0.0107110042527
    ],
    "reference_eccentricity": 0.2672885,
    "reference_mean_anomaly": 4.806954,
    "common_horizon_time": 10088.2549411,
    "number_of_orbits": 28.2279479896,
    "remnant_mass": 0.951559517495,
    "remnant_dimensionless_spin": [
        2.44787187361e-10,
        -1.0958673331e-09,
        0.685277463499
    ],
    "remnant_velocity": [
        1.37652438653e-08,
        -4.90850243554e-08,
        4.93928917339e-08
    ],
    "metadata_version": 1,
    "spec_revisions": "InitialCommit-31500-g7d82535c55",
    "spells_revision": "7d82535c55b37e5d835b6dc3c72414cd73f02304",
    "date_postprocessing": "2021-05-25T13:15:50-07:00",
    "date_run_earliest": "2021-04-15T18:35:47",
    "date_run_latest": "2021-04-21T10:33:57",
    "date_link_earliest": "2021-04-14T20:34:04-07:00"
}