{
    "simulation_name": "022/Lev3",
    "alternative_names": [
        "BFI:Ecc1dSur_rerun:022",
        "SXS:BBH:2591"
    ],
    "keywords": [],
    "point_of_contact_email": "sfield@astro.cornell.edu",
    "authors_emails": [],
    "simulation_bibtex_keys": [
        "SXSCatalog",
        "Islam:2021mha"
    ],
    "code_bibtex_keys": [
        "Ossokine:2013zga",
        "Hemberger:2012jz",
        "Szilagyi:2009qz",
        "Boyle:2009vi",
        "Scheel:2008rj",
        "Boyle:2007ft",
        "Scheel:2006gg",
        "Lindblom:2005qh",
        "Pfeiffer:2002wt",
        "SpECwebsite"
    ],
    "initial_data_bibtex_keys": [
        "Buchman:2012dw",
        "Lovelace:2008tw",
        "Pfeiffer:2007yz",
        "Caudill:2006hw",
        "Cook:2004kt"
    ],
    "quasicircular_bibtex_keys": [
        "Mroue:2012kv",
        "Buonanno:2010yk",
        "Mroue:2010re",
        "Boyle:2007ft"
    ],
    "initial_data_type": "BBH_SHK",
    "initial_separation": 17.96782842,
    "initial_orbital_frequency": 0.01220666,
    "initial_adot": 0.00151707,
    "object1": "bh",
    "object2": "bh",
    "initial_ADM_energy": 0.9936891969005757,
    "initial_ADM_linear_momentum": [
        1.6462034e-09,
        1.3633448e-08,
        -1.585407e-10
    ],
    "initial_ADM_angular_momentum": [
        -1.237819e-10,
        2.50978e-11,
        1.1725985790455682
    ],
    "initial_mass1": 0.4999999803449027,
    "initial_mass2": 0.499999976228966,
    "initial_dimensionless_spin1": [
        -2.606e-13,
        -4.384e-13,
        -4.1059956e-09
    ],
    "initial_dimensionless_spin2": [
        6.1803e-12,
        8.4782e-12,
        -8.0732654e-09
    ],
    "initial_position1": [
        8.98391453505328,
        -8.19842371e-08,
        2.48016888e-08
    ],
    "initial_position2": [
        -8.98391388494672,
        -8.19842371e-08,
        2.48016888e-08
    ],
    "relaxation_time": 410.0,
    "reference_time": 410.0,
    "reference_mass1": 0.500000273386,
    "reference_mass2": 0.500000270938,
    "reference_dimensionless_spin1": [
        -1.77088784253e-09,
        1.50339741575e-09,
        -4.34091988525e-07
    ],
    "reference_dimensionless_spin2": [
        1.98044588624e-09,
        -1.74676039565e-09,
        -4.47506730438e-07
    ],
    "reference_position1": [
        -1.19418628726,
        -8.08091685971,
        2.03865615058e-07
    ],
    "reference_position2": [
        1.19418533207,
        8.08092981924,
        2.02907765249e-07
    ],
    "reference_orbital_frequency": [
        -1.04405397103e-12,
        1.07130729734e-12,
        0.015472901148
    ],
    "reference_eccentricity": 0.1455031,
    "reference_mean_anomaly": 5.679176,
    "common_horizon_time": 8633.36169826,
    "number_of_orbits": 26.0993690927,
    "remnant_mass": 0.951780595165,
    "remnant_dimensionless_spin": [
        -1.93033032927e-10,
        1.3454120461e-10,
        0.685962173921
    ],
    "remnant_velocity": [
        -7.62172564914e-09,
        1.06731706867e-08,
        2.26800780273e-08
    ],
    "metadata_version": 1,
    "spec_revisions": "InitialCommit-31500-g7d82535c55",
    "spells_revision": "7d82535c55b37e5d835b6dc3c72414cd73f02304",
    "date_postprocessing": "2021-05-25T13:15:50-07:00",
    "date_run_earliest": "2021-04-18T18:30:28",
    "date_run_latest": "2021-05-08T18:02:46",
    "date_link_earliest": "2021-04-14T20:34:04-07:00"
}