{
    "simulation_name": "002/Lev2",
    "alternative_names": [
        "BFI:Ecc1dSur_rerun:002",
        "SXS:BBH:2571"
    ],
    "keywords": [],
    "point_of_contact_email": "sfield@astro.cornell.edu",
    "authors_emails": [],
    "simulation_bibtex_keys": [
        "SXSCatalog",
        "Islam:2021mha"
    ],
    "code_bibtex_keys": [
        "Ossokine:2013zga",
        "Hemberger:2012jz",
        "Szilagyi:2009qz",
        "Boyle:2009vi",
        "Scheel:2008rj",
        "Boyle:2007ft",
        "Scheel:2006gg",
        "Lindblom:2005qh",
        "Pfeiffer:2002wt",
        "SpECwebsite"
    ],
    "initial_data_bibtex_keys": [
        "Buchman:2012dw",
        "Lovelace:2008tw",
        "Pfeiffer:2007yz",
        "Caudill:2006hw",
        "Cook:2004kt"
    ],
    "quasicircular_bibtex_keys": [
        "Mroue:2012kv",
        "Buonanno:2010yk",
        "Mroue:2010re",
        "Boyle:2007ft"
    ],
    "initial_data_type": "BBH_SHK",
    "initial_separation": 17.58060391,
    "initial_orbital_frequency": 0.01271234,
    "initial_adot": 0.000127527,
    "object1": "bh",
    "object2": "bh",
    "initial_ADM_energy": 0.9936209535873087,
    "initial_ADM_linear_momentum": [
        1.513049e-10,
        1.72128296e-08,
        -6.1134e-12
    ],
    "initial_ADM_angular_momentum": [
        -4.7048e-11,
        -1.417244e-10,
        1.1760737360418787
    ],
    "initial_mass1": 0.4999999673118917,
    "initial_mass2": 0.4999999701139344,
    "initial_dimensionless_spin1": [
        -3.24885e-11,
        -3.72839e-11,
        -9.036849e-10
    ],
    "initial_dimensionless_spin2": [
        -1.71751e-11,
        -3.94452e-11,
        2.05901614e-08
    ],
    "initial_position1": [
        8.790301780423151,
        3.03149766e-08,
        -1.282376471e-07
    ],
    "initial_position2": [
        -8.79030212957685,
        3.03149766e-08,
        -1.282376471e-07
    ],
    "relaxation_time": 510.0,
    "reference_time": 510.0,
    "reference_mass1": 0.499999720668,
    "reference_mass2": 0.499999732577,
    "reference_dimensionless_spin1": [
        4.39610408946e-09,
        -2.41650855523e-09,
        -3.08711135853e-06
    ],
    "reference_dimensionless_spin2": [
        -4.08823480484e-09,
        1.71000833298e-09,
        -2.96356762394e-06
    ],
    "reference_position1": [
        8.8148024776,
        1.28378155596,
        -1.05150928102e-06
    ],
    "reference_position2": [
        -8.81481995844,
        -1.28376632902,
        -1.0479905654e-06
    ],
    "reference_orbital_frequency": [
        2.35240474569e-12,
        1.7692728654e-12,
        0.0130771296314
    ],
    "reference_eccentricity": 0.014492,
    "reference_mean_anomaly": 0.305985,
    "common_horizon_time": 8835.93343034,
    "number_of_orbits": 26.8382362467,
    "remnant_mass": 0.951611717947,
    "remnant_dimensionless_spin": [
        2.92533142198e-10,
        -2.54826873816e-10,
        0.68644430108
    ],
    "remnant_velocity": [
        -3.1756036043e-08,
        1.1844602817e-08,
        7.47951978809e-08
    ],
    "metadata_version": 1,
    "spec_revisions": "InitialCommit-31500-g7d82535c55",
    "spells_revision": "7d82535c55b37e5d835b6dc3c72414cd73f02304",
    "date_postprocessing": "2021-05-25T13:15:50-07:00",
    "date_run_earliest": "2021-04-18T18:27:51",
    "date_run_latest": "2021-04-24T12:40:17",
    "date_link_earliest": "2021-04-14T20:34:04-07:00"
}