{
    "simulation_name": "045/Lev3",
    "alternative_names": [
        "BFI:Ecc1dSur_rerun:045",
        "SXS:BBH:2614"
    ],
    "keywords": [],
    "point_of_contact_email": "sfield@astro.cornell.edu",
    "authors_emails": [],
    "simulation_bibtex_keys": [
        "SXSCatalog",
        "Islam:2021mha"
    ],
    "code_bibtex_keys": [
        "Ossokine:2013zga",
        "Hemberger:2012jz",
        "Szilagyi:2009qz",
        "Boyle:2009vi",
        "Scheel:2008rj",
        "Boyle:2007ft",
        "Scheel:2006gg",
        "Lindblom:2005qh",
        "Pfeiffer:2002wt",
        "SpECwebsite"
    ],
    "initial_data_bibtex_keys": [
        "Buchman:2012dw",
        "Lovelace:2008tw",
        "Pfeiffer:2007yz",
        "Caudill:2006hw",
        "Cook:2004kt"
    ],
    "quasicircular_bibtex_keys": [
        "Mroue:2012kv",
        "Buonanno:2010yk",
        "Mroue:2010re",
        "Boyle:2007ft"
    ],
    "initial_data_type": "BBH_SHK",
    "initial_separation": 18.67102422,
    "initial_orbital_frequency": 0.01142233,
    "initial_adot": 0.00197189,
    "object1": "bh",
    "object2": "bh",
    "initial_ADM_energy": 0.993832939719531,
    "initial_ADM_linear_momentum": [
        2.34237e-11,
        1.2112992e-09,
        9.41441e-11
    ],
    "initial_ADM_angular_momentum": [
        -2.123602e-10,
        -2.942671e-10,
        1.176076683091798
    ],
    "initial_mass1": 0.4999999281501502,
    "initial_mass2": 0.4999999585956224,
    "initial_dimensionless_spin1": [
        -3.89353e-11,
        -4.90136e-11,
        -1.31583548e-08
    ],
    "initial_dimensionless_spin2": [
        -1.408055e-10,
        -1.698891e-10,
        -9.6789017e-09
    ],
    "initial_position1": [
        9.335511465691939,
        1.378220596e-07,
        5.66975877e-08
    ],
    "initial_position2": [
        -9.335512754308061,
        1.378220596e-07,
        5.66975877e-08
    ],
    "relaxation_time": 450.0,
    "reference_time": 450.0,
    "reference_mass1": 0.5000003196,
    "reference_mass2": 0.500000336179,
    "reference_dimensionless_spin1": [
        -3.92011878321e-10,
        -5.07521000917e-10,
        -2.01471074666e-06
    ],
    "reference_dimensionless_spin2": [
        -2.59497026448e-10,
        -3.75140776891e-10,
        -2.01844612602e-06
    ],
    "reference_position1": [
        0.59403305523,
        -7.71143938434,
        5.87749989855e-07
    ],
    "reference_position2": [
        -0.594031899097,
        7.71144058618,
        5.84555892624e-07
    ],
    "reference_orbital_frequency": [
        -1.11797292544e-12,
        3.48494148403e-12,
        0.017243075173
    ],
    "reference_eccentricity": 0.2394184,
    "reference_mean_anomaly": 6.176375,
    "common_horizon_time": 8927.20048535,
    "number_of_orbits": 26.3800478423,
    "remnant_mass": 0.951778566473,
    "remnant_dimensionless_spin": [
        -5.53706558595e-11,
        -3.50485808563e-10,
        0.68724554355
    ],
    "remnant_velocity": [
        4.30385063064e-08,
        -1.37860670893e-08,
        2.57088789329e-08
    ],
    "metadata_version": 1,
    "spec_revisions": "InitialCommit-31500-g7d82535c55",
    "spells_revision": "7d82535c55b37e5d835b6dc3c72414cd73f02304",
    "date_postprocessing": "2021-05-25T13:15:50-07:00",
    "date_run_earliest": "2021-04-19T20:02:41",
    "date_run_latest": "2021-05-06T18:34:34",
    "date_link_earliest": "2021-04-14T20:34:04-07:00"
}