{
    "simulation_name": "033/Lev2",
    "alternative_names": [
        "BFI:Ecc1dSur_rerun:033",
        "SXS:BBH:2602"
    ],
    "keywords": [],
    "point_of_contact_email": "sfield@astro.cornell.edu",
    "authors_emails": [],
    "simulation_bibtex_keys": [
        "SXSCatalog",
        "Islam:2021mha"
    ],
    "code_bibtex_keys": [
        "Ossokine:2013zga",
        "Hemberger:2012jz",
        "Szilagyi:2009qz",
        "Boyle:2009vi",
        "Scheel:2008rj",
        "Boyle:2007ft",
        "Scheel:2006gg",
        "Lindblom:2005qh",
        "Pfeiffer:2002wt",
        "SpECwebsite"
    ],
    "initial_data_bibtex_keys": [
        "Buchman:2012dw",
        "Lovelace:2008tw",
        "Pfeiffer:2007yz",
        "Caudill:2006hw",
        "Cook:2004kt"
    ],
    "quasicircular_bibtex_keys": [
        "Mroue:2012kv",
        "Buonanno:2010yk",
        "Mroue:2010re",
        "Boyle:2007ft"
    ],
    "initial_data_type": "BBH_SHK",
    "initial_separation": 20.69107047,
    "initial_orbital_frequency": 0.00932764,
    "initial_adot": -0.00150352,
    "object1": "bh",
    "object2": "bh",
    "initial_ADM_energy": 0.9937647859577379,
    "initial_ADM_linear_momentum": [
        3.218096e-10,
        7.8967059e-09,
        -7.31395e-11
    ],
    "initial_ADM_angular_momentum": [
        -1.722909e-10,
        -1.933372e-10,
        1.1647415304392315
    ],
    "initial_mass1": 0.5000000701768187,
    "initial_mass2": 0.5000000700957545,
    "initial_dimensionless_spin1": [
        -4.66634e-11,
        -5.23683e-11,
        2.3233405e-09
    ],
    "initial_dimensionless_spin2": [
        -2.69862e-11,
        -3.01294e-11,
        4.4062904e-09
    ],
    "initial_position1": [
        10.345535876911033,
        -1.356047827e-07,
        -7.1547217e-09
    ],
    "initial_position2": [
        -10.345534593088967,
        -1.356047827e-07,
        -7.1547217e-09
    ],
    "relaxation_time": 270.0,
    "reference_time": 270.0,
    "reference_mass1": 0.500000499178,
    "reference_mass2": 0.500000493286,
    "reference_dimensionless_spin1": [
        7.02987810549e-14,
        -1.37619198112e-09,
        -3.03067350146e-06
    ],
    "reference_dimensionless_spin2": [
        -5.8383015566e-10,
        6.00375069616e-10,
        -3.02491088701e-06
    ],
    "reference_position1": [
        -4.48240446425,
        -6.47675680951,
        -1.96438541739e-07
    ],
    "reference_position2": [
        4.48240565168,
        6.47676060212,
        -1.97690692191e-07
    ],
    "reference_orbital_frequency": [
        -1.01949805985e-12,
        2.29286205218e-12,
        0.0164205682752
    ],
    "reference_eccentricity": 0.3076147,
    "reference_mean_anomaly": 0.993897,
    "common_horizon_time": 7931.72828976,
    "number_of_orbits": 24.3904945399,
    "remnant_mass": 0.951801052655,
    "remnant_dimensionless_spin": [
        -1.04024314788e-10,
        -1.48094860063e-10,
        0.685380679648
    ],
    "remnant_velocity": [
        7.73355050772e-09,
        1.19738663543e-08,
        5.46819321016e-08
    ],
    "metadata_version": 1,
    "spec_revisions": "InitialCommit-31500-g7d82535c55",
    "spells_revision": "7d82535c55b37e5d835b6dc3c72414cd73f02304",
    "date_postprocessing": "2021-05-25T13:15:50-07:00",
    "date_run_earliest": "2021-04-15T18:41:51",
    "date_run_latest": "2021-04-21T13:09:29",
    "date_link_earliest": "2021-04-14T20:34:04-07:00"
}