{
    "simulation_name": "26/Lev1",
    "alternative_names": "BFI:SurveyMeanAno_v2:26",
    "keywords": [],
    "point_of_contact_email": "peter.nee@aei.mpg.de",
    "authors_emails": [],
    "simulation_bibtex_keys": "SXSCatalog",
    "code_bibtex_keys": [
        "Ossokine:2013zga",
        "Hemberger:2012jz",
        "Szilagyi:2009qz",
        "Boyle:2009vi",
        "Scheel:2008rj",
        "Boyle:2007ft",
        "Scheel:2006gg",
        "Lindblom:2005qh",
        "Pfeiffer:2002wt",
        "SpECwebsite"
    ],
    "initial_data_bibtex_keys": [
        "Buchman:2012dw",
        "Lovelace:2008tw",
        "Pfeiffer:2007yz",
        "Caudill:2006hw",
        "Cook:2004kt"
    ],
    "quasicircular_bibtex_keys": [
        "Mroue:2012kv",
        "Buonanno:2010yk",
        "Mroue:2010re",
        "Boyle:2007ft"
    ],
    "initial_data_type": "BBH_SKS",
    "initial_separation": 36.24519532,
    "initial_orbital_frequency": 0.0033424,
    "initial_adot": 3.27e-06,
    "object1": "bh",
    "object2": "bh",
    "initial_ADM_energy": 0.9951965461200118,
    "initial_ADM_linear_momentum": [
        8.39009703e-08,
        -3.5647578e-09,
        -1.68025e-11
    ],
    "initial_ADM_angular_momentum": [
        -1.109571e-10,
        1.427063e-10,
        1.1994982690793556
    ],
    "initial_mass1": 0.5000000116718255,
    "initial_mass2": 0.499999984571673,
    "initial_dimensionless_spin1": [
        8.558e-13,
        3.8071e-12,
        -3.8496717e-09
    ],
    "initial_dimensionless_spin2": [
        -2.803195e-10,
        -2.222969e-10,
        2.50794616e-08
    ],
    "initial_position1": [
        18.122599463650165,
        -4.0549400369e-06,
        1.546044203e-07
    ],
    "initial_position2": [
        -18.122595856349836,
        -4.0549400369e-06,
        1.546044203e-07
    ],
    "relaxation_time": 1240.0,
    "reference_time": 1240.0,
    "reference_mass1": 0.5000069893105428,
    "reference_mass2": 0.5000069509179429,
    "reference_dimensionless_spin1": [
        1.3735975954978196e-07,
        -7.722080979529797e-08,
        -1.991714964819958e-06
    ],
    "reference_dimensionless_spin2": [
        -1.3857332699125807e-07,
        8.11328503440274e-08,
        -1.9763738151713364e-06
    ],
    "reference_position1": [
        -8.018953199796737,
        -2.1049459522904823,
        6.924070272286778e-06
    ],
    "reference_position2": [
        8.019163088584351,
        2.105009858775955,
        6.8336274925193696e-06
    ],
    "reference_orbital_frequency": [
        7.342672929532624e-11,
        4.9679577229685895e-11,
        0.015333178077119295
    ],
    "reference_eccentricity": "<6.0e+00",
    "reference_mean_anomaly": 1.050467,
    "common_horizon_time": 11165.247649832061,
    "number_of_orbits": 27.051954931032036,
    "remnant_mass": 0.9522808336505508,
    "remnant_dimensionless_spin": [
        -6.144427192859586e-10,
        1.5234252987880938e-08,
        0.6858195370616468
    ],
    "remnant_velocity": [
        1.0400625139415664e-07,
        7.072083318821347e-09,
        4.793127450860836e-09
    ],
    "metadata_version": 1,
    "spec_revisions": "InitialCommit-32539-g3b7a5a1097",
    "spells_revision": "3b7a5a10976001a860eb62560a02d73ffa9ba537",
    "date_postprocessing": "2024-06-13T13:35:27.900184-07:00",
    "date_run_earliest": "2024-03-15T22:21:31",
    "date_run_latest": "2024-03-20T02:20:02",
    "date_link_earliest": "2024-03-08T09:40:29+01:00"
}