{
    "simulation_name": "007/Lev3",
    "alternative_names": [
        "BFI:Ecc1dSur_rerun:007",
        "SXS:BBH:2576"
    ],
    "keywords": [],
    "point_of_contact_email": "sfield@astro.cornell.edu",
    "authors_emails": [],
    "simulation_bibtex_keys": [
        "SXSCatalog",
        "Islam:2021mha"
    ],
    "code_bibtex_keys": [
        "Ossokine:2013zga",
        "Hemberger:2012jz",
        "Szilagyi:2009qz",
        "Boyle:2009vi",
        "Scheel:2008rj",
        "Boyle:2007ft",
        "Scheel:2006gg",
        "Lindblom:2005qh",
        "Pfeiffer:2002wt",
        "SpECwebsite"
    ],
    "initial_data_bibtex_keys": [
        "Buchman:2012dw",
        "Lovelace:2008tw",
        "Pfeiffer:2007yz",
        "Caudill:2006hw",
        "Cook:2004kt"
    ],
    "quasicircular_bibtex_keys": [
        "Mroue:2012kv",
        "Buonanno:2010yk",
        "Mroue:2010re",
        "Boyle:2007ft"
    ],
    "initial_data_type": "BBH_SHK",
    "initial_separation": 18.21531964,
    "initial_orbital_frequency": 0.01190081,
    "initial_adot": -1.77716e-05,
    "object1": "bh",
    "object2": "bh",
    "initial_ADM_energy": 0.9936036751023087,
    "initial_ADM_linear_momentum": [
        2.454935e-09,
        9.194161e-09,
        -3.6643e-12
    ],
    "initial_ADM_angular_momentum": [
        -3.50344e-11,
        8.6307e-12,
        1.1744330877468614
    ],
    "initial_mass1": 0.4999998915663126,
    "initial_mass2": 0.4999998760320228,
    "initial_dimensionless_spin1": [
        1.5541e-12,
        1.1911e-12,
        6.0317655e-09
    ],
    "initial_dimensionless_spin2": [
        -2.799e-13,
        -4.602e-13,
        -4.3941301e-09
    ],
    "initial_position1": [
        9.107659852229165,
        -2.965560914e-07,
        1.355403516e-07
    ],
    "initial_position2": [
        -9.107659787770835,
        -2.965560914e-07,
        1.355403516e-07
    ],
    "relaxation_time": 380.0,
    "reference_time": 380.0,
    "reference_mass1": 0.499999758046,
    "reference_mass2": 0.499999741744,
    "reference_dimensionless_spin1": [
        5.85397083196e-11,
        -9.43541329744e-10,
        9.79455967311e-07
    ],
    "reference_dimensionless_spin2": [
        -2.31259607039e-10,
        7.21058540226e-10,
        9.81223116768e-07
    ],
    "reference_position1": [
        1.40745382946,
        -8.74175320273,
        4.11220062791e-07
    ],
    "reference_position2": [
        -1.40745245916,
        8.74176188944,
        4.09589876759e-07
    ],
    "reference_orbital_frequency": [
        -7.22400088461e-13,
        1.11696146699e-12,
        0.0132266506995
    ],
    "reference_eccentricity": 0.046085,
    "reference_mean_anomaly": 1.46251,
    "common_horizon_time": 8712.05226349,
    "number_of_orbits": 26.585515747,
    "remnant_mass": 0.951567633247,
    "remnant_dimensionless_spin": [
        -1.42544654919e-10,
        -2.35476339545e-11,
        0.686418839503
    ],
    "remnant_velocity": [
        3.11360786851e-10,
        1.41702862463e-08,
        2.86615135087e-08
    ],
    "metadata_version": 1,
    "spec_revisions": "InitialCommit-31500-g7d82535c55",
    "spells_revision": "7d82535c55b37e5d835b6dc3c72414cd73f02304",
    "date_postprocessing": "2021-05-25T13:15:50-07:00",
    "date_run_earliest": "2021-04-18T18:25:40",
    "date_run_latest": "2021-04-27T18:29:03",
    "date_link_earliest": "2021-04-14T20:34:04-07:00"
}