{
    "simulation_name": "62/Lev1",
    "alternative_names": "BFI:SurveyMeanAno_v2:62",
    "keywords": [],
    "point_of_contact_email": "peter.nee@aei.mpg.de",
    "authors_emails": [],
    "simulation_bibtex_keys": "SXSCatalog",
    "code_bibtex_keys": [
        "Ossokine:2013zga",
        "Hemberger:2012jz",
        "Szilagyi:2009qz",
        "Boyle:2009vi",
        "Scheel:2008rj",
        "Boyle:2007ft",
        "Scheel:2006gg",
        "Lindblom:2005qh",
        "Pfeiffer:2002wt",
        "SpECwebsite"
    ],
    "initial_data_bibtex_keys": [
        "Buchman:2012dw",
        "Lovelace:2008tw",
        "Pfeiffer:2007yz",
        "Caudill:2006hw",
        "Cook:2004kt"
    ],
    "quasicircular_bibtex_keys": [
        "Mroue:2012kv",
        "Buonanno:2010yk",
        "Mroue:2010re",
        "Boyle:2007ft"
    ],
    "initial_data_type": "BBH_SKS",
    "initial_separation": 32.24377916,
    "initial_orbital_frequency": 0.00393211,
    "initial_adot": 2.31e-06,
    "object1": "bh",
    "object2": "bh",
    "initial_ADM_energy": 0.9973483676408892,
    "initial_ADM_linear_momentum": [
        -2.943079229e-07,
        2.4657207e-07,
        -3.566202e-10
    ],
    "initial_ADM_angular_momentum": [
        -1.81328e-10,
        6.842262e-10,
        0.5532543134804292
    ],
    "initial_mass1": 0.8571427797180594,
    "initial_mass2": 0.1428571446335395,
    "initial_dimensionless_spin1": [
        -2.711e-13,
        3.411e-13,
        -3.3821794e-09
    ],
    "initial_dimensionless_spin2": [
        2.1501e-12,
        -4.732e-13,
        -3.01237155e-08
    ],
    "initial_position1": [
        4.590701937777085,
        0.014793906299646,
        2.813101156e-07
    ],
    "initial_position2": [
        -27.65307722222292,
        0.014793906299646,
        2.813101156e-07
    ],
    "relaxation_time": 610.0,
    "reference_time": 610.0,
    "reference_mass1": 0.8571305187912958,
    "reference_mass2": 0.14285864476442522,
    "reference_dimensionless_spin1": [
        -7.202980629519655e-09,
        -1.6446555411179064e-08,
        1.037731952313853e-05
    ],
    "reference_dimensionless_spin2": [
        -1.5112488893221052e-09,
        -1.328263892132609e-08,
        -6.9254595740372865e-06
    ],
    "reference_position1": [
        2.3434339434859277,
        3.044405188781686,
        -4.257111260268951e-06
    ],
    "reference_position2": [
        -14.164182240363365,
        -18.614146038194722,
        -3.4679740313412285e-06
    ],
    "reference_orbital_frequency": [
        -2.4904191668949004e-10,
        3.866973319376775e-10,
        0.005403642664915479
    ],
    "reference_eccentricity": "<7.5e+00",
    "reference_mean_anomaly": 3.77416,
    "common_horizon_time": 11056.584058149141,
    "number_of_orbits": 31.919605912865354,
    "remnant_mass": 0.985651315141758,
    "remnant_dimensionless_spin": [
        -3.55632181283597e-08,
        2.74927018174248e-08,
        0.3734975346191185
    ],
    "remnant_velocity": [
        -0.00022440914623099117,
        -0.0003090175218960884,
        -5.719753301415012e-08
    ],
    "metadata_version": 1,
    "spec_revisions": "InitialCommit-32543-gd578e73d94",
    "spells_revision": "d578e73d94c79d97cab7482e1aea42b4cf1da0e9",
    "date_postprocessing": "2024-07-26T16:26:31.679594-07:00",
    "date_run_earliest": "2024-06-21T04:33:46",
    "date_run_latest": "2024-07-07T19:34:18",
    "date_link_earliest": "2024-06-11T12:01:00+02:00"
}