{
    "simulation_name": "05/Lev2",
    "alternative_names": "BFI:SurveyMeanAno_v2:05",
    "keywords": [],
    "point_of_contact_email": "peter.nee@aei.mpg.de",
    "authors_emails": [],
    "simulation_bibtex_keys": "SXSCatalog",
    "code_bibtex_keys": [
        "Ossokine:2013zga",
        "Hemberger:2012jz",
        "Szilagyi:2009qz",
        "Boyle:2009vi",
        "Scheel:2008rj",
        "Boyle:2007ft",
        "Scheel:2006gg",
        "Lindblom:2005qh",
        "Pfeiffer:2002wt",
        "SpECwebsite"
    ],
    "initial_data_bibtex_keys": [
        "Buchman:2012dw",
        "Lovelace:2008tw",
        "Pfeiffer:2007yz",
        "Caudill:2006hw",
        "Cook:2004kt"
    ],
    "quasicircular_bibtex_keys": [
        "Mroue:2012kv",
        "Buonanno:2010yk",
        "Mroue:2010re",
        "Boyle:2007ft"
    ],
    "initial_data_type": "BBH_SKS",
    "initial_separation": 37.28868696,
    "initial_orbital_frequency": 0.00315989,
    "initial_adot": 2.56e-06,
    "object1": "bh",
    "object2": "bh",
    "initial_ADM_energy": 0.9952717138708417,
    "initial_ADM_linear_momentum": [
        5.7894179e-09,
        2.0578424e-08,
        -3.00245e-11
    ],
    "initial_ADM_angular_momentum": [
        -2.3787191e-09,
        7.948285e-10,
        1.197268429727564
    ],
    "initial_mass1": 0.5000000004606814,
    "initial_mass2": 0.5000000078112952,
    "initial_dimensionless_spin1": [
        2.57462e-11,
        -7.02895e-11,
        1.13086171e-08
    ],
    "initial_dimensionless_spin2": [
        -7.676e-13,
        3.55e-14,
        -4.983475e-10
    ],
    "initial_position1": [
        18.64434341775447,
        -2.913617064e-07,
        3.2691271e-09
    ],
    "initial_position2": [
        -18.64434354224553,
        -2.913617064e-07,
        3.2691271e-09
    ],
    "relaxation_time": 160.0,
    "reference_time": 160.0,
    "reference_mass1": 0.5000134875932056,
    "reference_mass2": 0.500013501813418,
    "reference_dimensionless_spin1": [
        -2.6702582312317195e-09,
        -1.3983691665698226e-09,
        3.1412372521970217e-06
    ],
    "reference_dimensionless_spin2": [
        2.8593837436939965e-09,
        1.6385465103110568e-09,
        3.142110411500576e-06
    ],
    "reference_position1": [
        14.558895971803615,
        8.634076989742395,
        8.573675865833863e-09
    ],
    "reference_position2": [
        -14.558894104174442,
        -8.634071027240692,
        6.07562723241215e-09
    ],
    "reference_orbital_frequency": [
        2.2993570729552143e-12,
        -4.431726802084339e-12,
        0.0038331991223413773
    ],
    "reference_eccentricity": "<6.9e+00",
    "reference_mean_anomaly": 5.316076,
    "common_horizon_time": 10993.06115923749,
    "number_of_orbits": 26.38549411512844,
    "remnant_mass": 0.9509229578268826,
    "remnant_dimensionless_spin": [
        -2.6280472934425995e-10,
        8.660011599431955e-10,
        0.6872367323205281
    ],
    "remnant_velocity": [
        1.6107901789967447e-08,
        -2.3504476177768144e-08,
        1.347880355144252e-08
    ],
    "metadata_version": 1,
    "spec_revisions": [
        "InitialCommit-32534-gec089a2f94",
        "InitialCommit-32539-g3b7a5a1097"
    ],
    "spells_revision": "ec089a2f9403004643c204dc5299b1de7726cd9b",
    "date_postprocessing": "2024-05-29T11:09:12.712193-07:00",
    "date_run_earliest": "2024-03-01T05:07:49",
    "date_run_latest": "2024-03-10T01:30:19",
    "date_link_earliest": "2024-02-26T05:47:11-08:00"
}