{
    "simulation_name": "32/Lev2",
    "alternative_names": "BFI:SurveyMeanAno_v2:32",
    "keywords": [],
    "point_of_contact_email": "peter.nee@aei.mpg.de",
    "authors_emails": [],
    "simulation_bibtex_keys": "SXSCatalog",
    "code_bibtex_keys": [
        "Ossokine:2013zga",
        "Hemberger:2012jz",
        "Szilagyi:2009qz",
        "Boyle:2009vi",
        "Scheel:2008rj",
        "Boyle:2007ft",
        "Scheel:2006gg",
        "Lindblom:2005qh",
        "Pfeiffer:2002wt",
        "SpECwebsite"
    ],
    "initial_data_bibtex_keys": [
        "Buchman:2012dw",
        "Lovelace:2008tw",
        "Pfeiffer:2007yz",
        "Caudill:2006hw",
        "Cook:2004kt"
    ],
    "quasicircular_bibtex_keys": [
        "Mroue:2012kv",
        "Buonanno:2010yk",
        "Mroue:2010re",
        "Boyle:2007ft"
    ],
    "initial_data_type": "BBH_SKS",
    "initial_separation": 25.25788464,
    "initial_orbital_frequency": 0.00664606,
    "initial_adot": -2.208e-05,
    "object1": "bh",
    "object2": "bh",
    "initial_ADM_energy": 0.9942857025794902,
    "initial_ADM_linear_momentum": [
        4.873249822e-07,
        2.7023371501e-06,
        -2.3706e-11
    ],
    "initial_ADM_angular_momentum": [
        -4.81024e-11,
        2.86092e-11,
        1.2036530375524497
    ],
    "initial_mass1": 0.4999999492479958,
    "initial_mass2": 0.4999999465703096,
    "initial_dimensionless_spin1": [
        -7.0485e-12,
        7.7328e-12,
        -4.08416679e-08
    ],
    "initial_dimensionless_spin2": [
        -1.477e-13,
        -2.1912e-12,
        -2.60793995e-08
    ],
    "initial_position1": [
        12.62894519955991,
        -4.0768061714e-06,
        3.4816055e-09
    ],
    "initial_position2": [
        -12.62893944044009,
        -4.0768061714e-06,
        3.4816055e-09
    ],
    "relaxation_time": 160.0,
    "reference_time": 160.0,
    "reference_mass1": 0.5000044719083662,
    "reference_mass2": 0.5000044307246688,
    "reference_dimensionless_spin1": [
        -1.5876980674185876e-09,
        1.1762269682211522e-08,
        7.278379962420186e-07
    ],
    "reference_dimensionless_spin2": [
        2.4110543332307217e-09,
        -1.185488668051069e-08,
        7.892343972541489e-07
    ],
    "reference_position1": [
        4.343864951248035,
        10.20834077991284,
        -2.0170671842726079e-07
    ],
    "reference_position2": [
        -4.343703170226528,
        -10.207505488309375,
        -2.0939039349139282e-07
    ],
    "reference_orbital_frequency": [
        1.5899255707632555e-11,
        -1.0075656376925363e-11,
        0.008794904005948312
    ],
    "reference_eccentricity": 0.1430831,
    "reference_mean_anomaly": 5.885436,
    "common_horizon_time": 11221.175496529691,
    "number_of_orbits": 30.243059792523923,
    "remnant_mass": 0.9513531974507479,
    "remnant_dimensionless_spin": [
        -1.9797134084133394e-09,
        -1.6274105843153652e-09,
        0.6857534078443417
    ],
    "remnant_velocity": [
        6.157092546065951e-07,
        2.7471557533196546e-06,
        -3.214055294470689e-08
    ],
    "metadata_version": 1,
    "spec_revisions": "InitialCommit-32542-g5a7ca5896e",
    "spells_revision": "5a7ca5896e65b8bba5a4841c4b37f99431d3e420",
    "date_postprocessing": "2024-06-14T02:08:51.545112-07:00",
    "date_run_earliest": "2024-05-30T13:50:43",
    "date_run_latest": "2024-06-05T12:40:18",
    "date_link_earliest": "2024-05-27T11:24:22+02:00"
}