{
    "simulation_name": "30/Lev1",
    "alternative_names": "BFI:SurveyMeanAno_v2:30",
    "keywords": [],
    "point_of_contact_email": "peter.nee@aei.mpg.de",
    "authors_emails": [],
    "simulation_bibtex_keys": "SXSCatalog",
    "code_bibtex_keys": [
        "Ossokine:2013zga",
        "Hemberger:2012jz",
        "Szilagyi:2009qz",
        "Boyle:2009vi",
        "Scheel:2008rj",
        "Boyle:2007ft",
        "Scheel:2006gg",
        "Lindblom:2005qh",
        "Pfeiffer:2002wt",
        "SpECwebsite"
    ],
    "initial_data_bibtex_keys": [
        "Buchman:2012dw",
        "Lovelace:2008tw",
        "Pfeiffer:2007yz",
        "Caudill:2006hw",
        "Cook:2004kt"
    ],
    "quasicircular_bibtex_keys": [
        "Mroue:2012kv",
        "Buonanno:2010yk",
        "Mroue:2010re",
        "Boyle:2007ft"
    ],
    "initial_data_type": "BBH_SKS",
    "initial_separation": 25.7328357,
    "initial_orbital_frequency": 0.00645,
    "initial_adot": -2.151e-05,
    "object1": "bh",
    "object2": "bh",
    "initial_ADM_energy": 0.9943633455224937,
    "initial_ADM_linear_momentum": [
        -2.20080564e-08,
        -2.028399662e-07,
        1.56908e-11
    ],
    "initial_ADM_angular_momentum": [
        -9.8811e-12,
        -2.02984e-11,
        1.2097107976366754
    ],
    "initial_mass1": 0.4999999519116232,
    "initial_mass2": 0.4999999434513692,
    "initial_dimensionless_spin1": [
        7.047e-13,
        4.7996e-12,
        -3.72410345e-08
    ],
    "initial_dimensionless_spin2": [
        -1.7256e-12,
        -4.8451e-12,
        -2.82797484e-08
    ],
    "initial_position1": [
        12.866419358333054,
        -3.3503913649e-06,
        -1.3297509e-09
    ],
    "initial_position2": [
        -12.866416341666945,
        -3.3503913649e-06,
        -1.3297509e-09
    ],
    "relaxation_time": 160.0,
    "reference_time": 160.0,
    "reference_mass1": 0.500004521713022,
    "reference_mass2": 0.5000044783030317,
    "reference_dimensionless_spin1": [
        -4.767538751734152e-09,
        2.1783055095447175e-08,
        3.2488434859094586e-06
    ],
    "reference_dimensionless_spin2": [
        5.360775959227591e-09,
        -2.0989125331172168e-08,
        3.3273724817691814e-06
    ],
    "reference_position1": [
        4.8353322526753795,
        10.25878543609392,
        -4.5973688436030694e-07
    ],
    "reference_position2": [
        -4.835339148752459,
        -10.258858770485821,
        -4.603919191703064e-07
    ],
    "reference_orbital_frequency": [
        1.0901773303044052e-11,
        -5.40867911423908e-12,
        0.008466552162202459
    ],
    "reference_eccentricity": "<1.8e-01",
    "reference_mean_anomaly": 5.708156,
    "common_horizon_time": 11803.417100459983,
    "number_of_orbits": 31.210004214376507,
    "remnant_mass": 0.9513311892625461,
    "remnant_dimensionless_spin": [
        2.6625908346067117e-09,
        1.1974916374772055e-08,
        0.6870460743673067
    ],
    "remnant_velocity": [
        1.2441494439959904e-07,
        -1.9542380176193704e-07,
        -2.8426369532538135e-08
    ],
    "metadata_version": 1,
    "spec_revisions": "InitialCommit-32542-g5a7ca5896e",
    "spells_revision": "5a7ca5896e65b8bba5a4841c4b37f99431d3e420",
    "date_postprocessing": "2024-06-13T23:12:05.119005-07:00",
    "date_run_earliest": "2024-05-30T13:30:10",
    "date_run_latest": "2024-06-04T18:21:43",
    "date_link_earliest": "2024-05-27T11:24:22+02:00"
}