{
    "simulation_name": "042/Lev2",
    "alternative_names": [
        "BFI:Ecc1dSur_rerun:042",
        "SXS:BBH:2611"
    ],
    "keywords": [],
    "point_of_contact_email": "sfield@astro.cornell.edu",
    "authors_emails": [],
    "simulation_bibtex_keys": [
        "SXSCatalog",
        "Islam:2021mha"
    ],
    "code_bibtex_keys": [
        "Ossokine:2013zga",
        "Hemberger:2012jz",
        "Szilagyi:2009qz",
        "Boyle:2009vi",
        "Scheel:2008rj",
        "Boyle:2007ft",
        "Scheel:2006gg",
        "Lindblom:2005qh",
        "Pfeiffer:2002wt",
        "SpECwebsite"
    ],
    "initial_data_bibtex_keys": [
        "Buchman:2012dw",
        "Lovelace:2008tw",
        "Pfeiffer:2007yz",
        "Caudill:2006hw",
        "Cook:2004kt"
    ],
    "quasicircular_bibtex_keys": [
        "Mroue:2012kv",
        "Buonanno:2010yk",
        "Mroue:2010re",
        "Boyle:2007ft"
    ],
    "initial_data_type": "BBH_SHK",
    "initial_separation": 18.99986051,
    "initial_orbital_frequency": 0.01097398,
    "initial_adot": 0.00257766,
    "object1": "bh",
    "object2": "bh",
    "initial_ADM_energy": 0.9938812359816198,
    "initial_ADM_linear_momentum": [
        3.0726089e-09,
        6.9393309e-09,
        1.602699e-10
    ],
    "initial_ADM_angular_momentum": [
        5.845e-11,
        6.73095e-11,
        1.1655315660092191
    ],
    "initial_mass1": 0.5000001411875143,
    "initial_mass2": 0.500000086753095,
    "initial_dimensionless_spin1": [
        1.5965e-12,
        2.3603e-12,
        -7.139937e-10
    ],
    "initial_dimensionless_spin2": [
        -8.824e-13,
        -1.109e-12,
        -1.2370993e-09
    ],
    "initial_position1": [
        9.49993024193086,
        2.1268174e-08,
        7.3597709e-09
    ],
    "initial_position2": [
        -9.499930268069141,
        2.1268174e-08,
        7.3597709e-09
    ],
    "relaxation_time": 350.0,
    "reference_time": 350.0,
    "reference_mass1": 0.499999176004,
    "reference_mass2": 0.499999122218,
    "reference_dimensionless_spin1": [
        -5.21189152681e-10,
        -4.48523609208e-10,
        -2.80660416983e-06
    ],
    "reference_dimensionless_spin2": [
        2.94274656552e-10,
        5.64481418176e-10,
        -2.80622052758e-06
    ],
    "reference_position1": [
        -9.45211262581,
        1.6860109786,
        7.84329323133e-07
    ],
    "reference_position2": [
        9.45211688617,
        -1.68600606793,
        7.84942736594e-07
    ],
    "reference_orbital_frequency": [
        -2.14183693352e-13,
        8.49528525536e-13,
        0.0112707053358
    ],
    "reference_eccentricity": "<4.5e-01",
    "reference_mean_anomaly": 4.71134,
    "common_horizon_time": 8171.05828934,
    "number_of_orbits": 24.3886932727,
    "remnant_mass": 0.95120273548,
    "remnant_dimensionless_spin": [
        8.5443796108e-11,
        -8.53856949711e-10,
        0.686088602212
    ],
    "remnant_velocity": [
        -3.97719198491e-09,
        7.84589074767e-09,
        7.29139804971e-08
    ],
    "metadata_version": 1,
    "spec_revisions": "InitialCommit-31500-g7d82535c55",
    "spells_revision": "7d82535c55b37e5d835b6dc3c72414cd73f02304",
    "date_postprocessing": "2021-05-25T13:15:50-07:00",
    "date_run_earliest": "2021-04-18T19:02:58",
    "date_run_latest": "2021-04-23T19:14:53",
    "date_link_earliest": "2021-04-14T20:34:04-07:00"
}