{
    "simulation_name": "02/Lev3",
    "alternative_names": "BFI:SurveyMeanAno_v2:02",
    "keywords": [],
    "point_of_contact_email": "peter.nee@aei.mpg.de",
    "authors_emails": [],
    "simulation_bibtex_keys": "SXSCatalog",
    "code_bibtex_keys": [
        "Ossokine:2013zga",
        "Hemberger:2012jz",
        "Szilagyi:2009qz",
        "Boyle:2009vi",
        "Scheel:2008rj",
        "Boyle:2007ft",
        "Scheel:2006gg",
        "Lindblom:2005qh",
        "Pfeiffer:2002wt",
        "SpECwebsite"
    ],
    "initial_data_bibtex_keys": [
        "Buchman:2012dw",
        "Lovelace:2008tw",
        "Pfeiffer:2007yz",
        "Caudill:2006hw",
        "Cook:2004kt"
    ],
    "quasicircular_bibtex_keys": [
        "Mroue:2012kv",
        "Buonanno:2010yk",
        "Mroue:2010re",
        "Boyle:2007ft"
    ],
    "initial_data_type": "BBH_SKS",
    "initial_separation": 36.97702538,
    "initial_orbital_frequency": 0.00320505,
    "initial_adot": 2.68e-06,
    "object1": "bh",
    "object2": "bh",
    "initial_ADM_energy": 0.9952400101933165,
    "initial_ADM_linear_momentum": [
        1.09424134e-08,
        2.74656213e-08,
        2.1e-15
    ],
    "initial_ADM_angular_momentum": [
        -2.534935e-10,
        -3.8598e-12,
        1.19501820804592
    ],
    "initial_mass1": 0.500000010206143,
    "initial_mass2": 0.4999999962231514,
    "initial_dimensionless_spin1": [
        7.393e-13,
        -1.18273e-11,
        1.03622705e-08
    ],
    "initial_dimensionless_spin2": [
        -3.7876e-12,
        7.1893e-12,
        1.28203544e-08
    ],
    "initial_position1": [
        18.488514594361988,
        -1.8330264103e-06,
        -1.78649238e-08
    ],
    "initial_position2": [
        -18.488510785638013,
        -1.8330264103e-06,
        -1.78649238e-08
    ],
    "relaxation_time": 160.0,
    "reference_time": 160.0,
    "reference_mass1": 0.500011927056279,
    "reference_mass2": 0.5000119102299678,
    "reference_dimensionless_spin1": [
        -1.8289729827387038e-09,
        -5.253782661841324e-10,
        5.810809500637343e-06
    ],
    "reference_dimensionless_spin2": [
        1.917185251386463e-09,
        9.3324873923655e-10,
        5.805854023423185e-06
    ],
    "reference_position1": [
        14.337729069059815,
        8.66686912708737,
        -5.474960067346789e-08
    ],
    "reference_position2": [
        -14.337721566552721,
        -8.666864333622717,
        -5.8396370007331376e-08
    ],
    "reference_orbital_frequency": [
        2.265891990579457e-12,
        -4.5698061307754555e-12,
        0.0039038190280620824
    ],
    "reference_eccentricity": "<6.8e+00",
    "reference_mean_anomaly": 5.137177,
    "common_horizon_time": 10783.723103143857,
    "number_of_orbits": 26.141641278975197,
    "remnant_mass": 0.9517281114465278,
    "remnant_dimensionless_spin": [
        3.0791752337079762e-09,
        1.8255887006798826e-09,
        0.6890768683428167
    ],
    "remnant_velocity": [
        4.311340957809195e-09,
        7.271652815386173e-08,
        9.153880113728302e-09
    ],
    "metadata_version": 1,
    "spec_revisions": [
        "InitialCommit-32534-gec089a2f94",
        "InitialCommit-32539-g3b7a5a1097"
    ],
    "spells_revision": "ec089a2f9403004643c204dc5299b1de7726cd9b",
    "date_postprocessing": "2024-05-29T03:17:59.910548-07:00",
    "date_run_earliest": "2024-03-01T03:43:07",
    "date_run_latest": "2024-03-11T08:48:37",
    "date_link_earliest": "2024-02-26T05:47:11-08:00"
}