{
    "simulation_name": "13/Lev1",
    "alternative_names": "BFI:SurveyMeanAno_v2:13",
    "keywords": [],
    "point_of_contact_email": "peter.nee@aei.mpg.de",
    "authors_emails": [],
    "simulation_bibtex_keys": "SXSCatalog",
    "code_bibtex_keys": [
        "Ossokine:2013zga",
        "Hemberger:2012jz",
        "Szilagyi:2009qz",
        "Boyle:2009vi",
        "Scheel:2008rj",
        "Boyle:2007ft",
        "Scheel:2006gg",
        "Lindblom:2005qh",
        "Pfeiffer:2002wt",
        "SpECwebsite"
    ],
    "initial_data_bibtex_keys": [
        "Buchman:2012dw",
        "Lovelace:2008tw",
        "Pfeiffer:2007yz",
        "Caudill:2006hw",
        "Cook:2004kt"
    ],
    "quasicircular_bibtex_keys": [
        "Mroue:2012kv",
        "Buonanno:2010yk",
        "Mroue:2010re",
        "Boyle:2007ft"
    ],
    "initial_data_type": "BBH_SKS",
    "initial_separation": 36.67831819,
    "initial_orbital_frequency": 0.00323397,
    "initial_adot": 2.4e-06,
    "object1": "bh",
    "object2": "bh",
    "initial_ADM_energy": 0.9957264534040629,
    "initial_ADM_linear_momentum": [
        -1.350428427e-07,
        -2.080505968e-07,
        -2.47912e-11
    ],
    "initial_ADM_angular_momentum": [
        4.098944e-10,
        3.45245e-11,
        1.055405685519018
    ],
    "initial_mass1": 0.6666666531735612,
    "initial_mass2": 0.3333333223654331,
    "initial_dimensionless_spin1": [
        -2.0671e-12,
        7.0384e-12,
        3.9299201e-09
    ],
    "initial_dimensionless_spin2": [
        -9.79728e-11,
        -6.74516e-11,
        -5.9512002e-09
    ],
    "initial_position1": [
        12.212517879551186,
        0.0118412152714312,
        1.204769073e-07
    ],
    "initial_position2": [
        -24.465800310448813,
        0.0118412152714312,
        1.204769073e-07
    ],
    "relaxation_time": 220.0,
    "reference_time": 220.0,
    "reference_mass1": 0.6666715176746004,
    "reference_mass2": 0.3333391256873223,
    "reference_dimensionless_spin1": [
        2.568748619122767e-09,
        -2.3449788029206183e-09,
        7.502471690763858e-07
    ],
    "reference_dimensionless_spin2": [
        -1.7669304261515886e-09,
        -2.8895519576655196e-09,
        6.699042888542991e-06
    ],
    "reference_position1": [
        6.806593585307435,
        7.166974543214462,
        2.520097677601759e-07
    ],
    "reference_position2": [
        -13.620702048447,
        -14.433184846720284,
        -9.374677028761471e-08
    ],
    "reference_orbital_frequency": [
        3.536040575591962e-10,
        -4.125977993023e-10,
        0.004884950599475607
    ],
    "reference_eccentricity": "<7.3e+00",
    "reference_mean_anomaly": 5.499478,
    "common_horizon_time": 11202.694880047104,
    "number_of_orbits": 27.578009619155264,
    "remnant_mass": 0.9616652921456884,
    "remnant_dimensionless_spin": [
        4.838661390197642e-08,
        -2.6834669933723708e-08,
        0.6252846818297624
    ],
    "remnant_velocity": [
        -0.00036476839288905643,
        0.0003316467081938992,
        -1.9448196572006e-08
    ],
    "metadata_version": 1,
    "spec_revisions": [
        "InitialCommit-32539-g3b7a5a1097",
        "InitialCommit-32542-g5a7ca5896e"
    ],
    "spells_revision": "3b7a5a10976001a860eb62560a02d73ffa9ba537",
    "date_postprocessing": "2024-05-27T21:59:38.559351-07:00",
    "date_run_earliest": "2024-03-12T20:38:40",
    "date_run_latest": "2024-03-21T01:21:18",
    "date_link_earliest": "2024-03-08T09:40:29+01:00"
}