{
    "simulation_name": "06/Lev3",
    "alternative_names": "BFI:SurveyMeanAno_v2:06",
    "keywords": [],
    "point_of_contact_email": "peter.nee@aei.mpg.de",
    "authors_emails": [],
    "simulation_bibtex_keys": "SXSCatalog",
    "code_bibtex_keys": [
        "Ossokine:2013zga",
        "Hemberger:2012jz",
        "Szilagyi:2009qz",
        "Boyle:2009vi",
        "Scheel:2008rj",
        "Boyle:2007ft",
        "Scheel:2006gg",
        "Lindblom:2005qh",
        "Pfeiffer:2002wt",
        "SpECwebsite"
    ],
    "initial_data_bibtex_keys": [
        "Buchman:2012dw",
        "Lovelace:2008tw",
        "Pfeiffer:2007yz",
        "Caudill:2006hw",
        "Cook:2004kt"
    ],
    "quasicircular_bibtex_keys": [
        "Mroue:2012kv",
        "Buonanno:2010yk",
        "Mroue:2010re",
        "Boyle:2007ft"
    ],
    "initial_data_type": "BBH_SKS",
    "initial_separation": 37.44882184,
    "initial_orbital_frequency": 0.00313587,
    "initial_adot": 2.49e-06,
    "object1": "bh",
    "object2": "bh",
    "initial_ADM_energy": 0.9952863717225631,
    "initial_ADM_linear_momentum": [
        3.20541496e-08,
        -3.81802861e-08,
        1.43075e-11
    ],
    "initial_ADM_angular_momentum": [
        1.352037e-10,
        -1.399397e-10,
        1.1979580157132919
    ],
    "initial_mass1": 0.5000000504674922,
    "initial_mass2": 0.4999999859241995,
    "initial_dimensionless_spin1": [
        1.20894e-11,
        -3.5416e-12,
        1.37711245e-08
    ],
    "initial_dimensionless_spin2": [
        2.06883e-11,
        -5.23713e-11,
        1.24853323e-08
    ],
    "initial_position1": [
        18.724413564195384,
        -4.041761052e-06,
        -7.94206531e-08
    ],
    "initial_position2": [
        -18.724408275804617,
        -4.041761052e-06,
        -7.94206531e-08
    ],
    "relaxation_time": 160.0,
    "reference_time": 160.0,
    "reference_mass1": 0.5000130856847506,
    "reference_mass2": 0.5000130167646731,
    "reference_dimensionless_spin1": [
        -2.968259480500902e-09,
        -1.6266834133707191e-09,
        1.5799175725458601e-06
    ],
    "reference_dimensionless_spin2": [
        3.1325011810834196e-09,
        1.7916056404269009e-09,
        1.572384593830786e-06
    ],
    "reference_position1": [
        14.671855775658784,
        8.613812952195778,
        -5.852260777942059e-08
    ],
    "reference_position2": [
        -14.671839726938826,
        -8.613833986497793,
        -5.928539770012941e-08
    ],
    "reference_orbital_frequency": [
        1.3997373091743722e-12,
        -2.552286513113388e-12,
        0.003797147119585882
    ],
    "reference_eccentricity": "<7.1e+00",
    "reference_mean_anomaly": 5.341341,
    "common_horizon_time": 11061.670453916095,
    "number_of_orbits": 26.462762791965254,
    "remnant_mass": 0.9509151816371977,
    "remnant_dimensionless_spin": [
        -1.749852956816453e-10,
        2.2298182277637295e-10,
        0.6862174428196753
    ],
    "remnant_velocity": [
        2.3250843315688088e-08,
        7.453191811618475e-09,
        1.560988828947611e-08
    ],
    "metadata_version": 1,
    "spec_revisions": [
        "InitialCommit-32534-gec089a2f94",
        "InitialCommit-32539-g3b7a5a1097"
    ],
    "spells_revision": "ec089a2f9403004643c204dc5299b1de7726cd9b",
    "date_postprocessing": "2024-05-29T14:18:52.794663-07:00",
    "date_run_earliest": "2024-03-01T03:46:55",
    "date_run_latest": "2024-03-11T14:00:28",
    "date_link_earliest": "2024-02-26T05:47:11-08:00"
}