{
    "simulation_name": "08/Lev1",
    "alternative_names": "BFI:SurveyMeanAno_v2:08",
    "keywords": [],
    "point_of_contact_email": "peter.nee@aei.mpg.de",
    "authors_emails": [],
    "simulation_bibtex_keys": "SXSCatalog",
    "code_bibtex_keys": [
        "Ossokine:2013zga",
        "Hemberger:2012jz",
        "Szilagyi:2009qz",
        "Boyle:2009vi",
        "Scheel:2008rj",
        "Boyle:2007ft",
        "Scheel:2006gg",
        "Lindblom:2005qh",
        "Pfeiffer:2002wt",
        "SpECwebsite"
    ],
    "initial_data_bibtex_keys": [
        "Buchman:2012dw",
        "Lovelace:2008tw",
        "Pfeiffer:2007yz",
        "Caudill:2006hw",
        "Cook:2004kt"
    ],
    "quasicircular_bibtex_keys": [
        "Mroue:2012kv",
        "Buonanno:2010yk",
        "Mroue:2010re",
        "Boyle:2007ft"
    ],
    "initial_data_type": "BBH_SKS",
    "initial_separation": 37.73631671,
    "initial_orbital_frequency": 0.0030942,
    "initial_adot": 2.37e-06,
    "object1": "bh",
    "object2": "bh",
    "initial_ADM_energy": 0.9953133492481732,
    "initial_ADM_linear_momentum": [
        -8.0663403e-09,
        8.7637571e-09,
        -5.4852e-12
    ],
    "initial_ADM_angular_momentum": [
        4.09673e-11,
        -2.8242e-12,
        1.1994838188603807
    ],
    "initial_mass1": 0.4999999947881153,
    "initial_mass2": 0.4999999990136163,
    "initial_dimensionless_spin1": [
        5.2656e-12,
        1.065332e-10,
        -6.2272008e-09
    ],
    "initial_dimensionless_spin2": [
        -3.162e-13,
        2.33e-13,
        -6.760283e-10
    ],
    "initial_position1": [
        18.868159156759866,
        -1.1400119843e-06,
        2.37766562e-08
    ],
    "initial_position2": [
        -18.86815755324013,
        -1.1400119843e-06,
        2.37766562e-08
    ],
    "relaxation_time": 160.0,
    "reference_time": 160.0,
    "reference_mass1": 0.500010067187883,
    "reference_mass2": 0.5000100681314946,
    "reference_dimensionless_spin1": [
        -3.844965611939903e-09,
        -2.4045069273337328e-09,
        -9.957908117995977e-07
    ],
    "reference_dimensionless_spin2": [
        4.051934882822959e-09,
        2.550851354877929e-09,
        -1.005520515601364e-06
    ],
    "reference_position1": [
        14.87369244523132,
        8.579593728273894,
        8.297966891099536e-08
    ],
    "reference_position2": [
        -14.873693249188825,
        -8.579593192009519,
        8.38523730045017e-08
    ],
    "reference_orbital_frequency": [
        2.108928732553182e-12,
        -3.46613842600735e-12,
        0.003734369175207085
    ],
    "reference_eccentricity": "<7.2e+00",
    "reference_mean_anomaly": 4.997951,
    "common_horizon_time": 11208.416487108914,
    "number_of_orbits": 26.666399207768162,
    "remnant_mass": 0.9513237623807271,
    "remnant_dimensionless_spin": [
        -1.4331721267440195e-08,
        2.747447752249663e-08,
        0.6842511451428721
    ],
    "remnant_velocity": [
        -1.6614820608073917e-08,
        3.199634236445867e-08,
        1.4572244480967418e-08
    ],
    "metadata_version": 1,
    "spec_revisions": [
        "InitialCommit-32534-gec089a2f94",
        "InitialCommit-32539-g3b7a5a1097"
    ],
    "spells_revision": "ec089a2f9403004643c204dc5299b1de7726cd9b",
    "date_postprocessing": "2024-05-27T09:51:03.568255-07:00",
    "date_run_earliest": "2024-02-28T00:57:17",
    "date_run_latest": "2024-03-09T16:47:49",
    "date_link_earliest": "2024-02-26T14:13:43+01:00"
}