{
    "simulation_name": "046/Lev2",
    "alternative_names": [
        "BFI:Ecc1dSur_rerun:046",
        "SXS:BBH:2615"
    ],
    "keywords": [],
    "point_of_contact_email": "sfield@astro.cornell.edu",
    "authors_emails": [],
    "simulation_bibtex_keys": [
        "SXSCatalog",
        "Islam:2021mha"
    ],
    "code_bibtex_keys": [
        "Ossokine:2013zga",
        "Hemberger:2012jz",
        "Szilagyi:2009qz",
        "Boyle:2009vi",
        "Scheel:2008rj",
        "Boyle:2007ft",
        "Scheel:2006gg",
        "Lindblom:2005qh",
        "Pfeiffer:2002wt",
        "SpECwebsite"
    ],
    "initial_data_bibtex_keys": [
        "Buchman:2012dw",
        "Lovelace:2008tw",
        "Pfeiffer:2007yz",
        "Caudill:2006hw",
        "Cook:2004kt"
    ],
    "quasicircular_bibtex_keys": [
        "Mroue:2012kv",
        "Buonanno:2010yk",
        "Mroue:2010re",
        "Boyle:2007ft"
    ],
    "initial_data_type": "BBH_SHK",
    "initial_separation": 23.66403218,
    "initial_orbital_frequency": 0.00740484,
    "initial_adot": -6e-16,
    "object1": "bh",
    "object2": "bh",
    "initial_ADM_energy": 0.994024653037329,
    "initial_ADM_linear_momentum": [
        2.503885e-10,
        1.156361e-09,
        -2.259e-12
    ],
    "initial_ADM_angular_momentum": [
        -5.9821e-12,
        1.2964e-11,
        1.1830858397071078
    ],
    "initial_mass1": 0.5000000003226821,
    "initial_mass2": 0.5000000003241698,
    "initial_dimensionless_spin1": [
        -2.2e-15,
        -1.7e-15,
        -3.619e-12
    ],
    "initial_dimensionless_spin2": [
        -3e-16,
        6e-16,
        -2.6875e-12
    ],
    "initial_position1": [
        11.832016301364108,
        -4.38229104e-08,
        -7.1293731e-09
    ],
    "initial_position2": [
        -11.832015878635891,
        -4.38229104e-08,
        -7.1293731e-09
    ],
    "relaxation_time": 280.0,
    "reference_time": 280.0,
    "reference_mass1": 0.499999266298,
    "reference_mass2": 0.499999263144,
    "reference_dimensionless_spin1": [
        -1.03418854658e-09,
        -1.60509986961e-09,
        1.51133510871e-06
    ],
    "reference_dimensionless_spin2": [
        1.06105607794e-09,
        1.47515843937e-09,
        1.50841626129e-06
    ],
    "reference_position1": [
        -7.62219498968,
        1.92131435238,
        3.68020496427e-09
    ],
    "reference_position2": [
        7.62219575744,
        -1.92131345577,
        3.14707789877e-09
    ],
    "reference_orbital_frequency": [
        1.04352877692e-12,
        1.80275400899e-12,
        0.0168452294512
    ],
    "reference_eccentricity": "<1.5e+00",
    "reference_mean_anomaly": 1.279749,
    "common_horizon_time": 9405.77244473,
    "number_of_orbits": 27.1049775245,
    "remnant_mass": 0.951957392969,
    "remnant_dimensionless_spin": [
        -1.57493745459e-10,
        1.80250431147e-11,
        0.68609980464
    ],
    "remnant_velocity": [
        1.0152439831e-09,
        3.92091641477e-09,
        2.74476223681e-08
    ],
    "metadata_version": 1,
    "spec_revisions": "InitialCommit-31500-g7d82535c55",
    "spells_revision": "7d82535c55b37e5d835b6dc3c72414cd73f02304",
    "date_postprocessing": "2021-05-25T13:15:50-07:00",
    "date_run_earliest": "2021-04-19T20:03:20",
    "date_run_latest": "2021-05-08T12:54:50",
    "date_link_earliest": "2021-04-14T20:34:04-07:00"
}