{
    "simulation_name": "68/Lev3",
    "alternative_names": "BFI:SurveyMeanAno_v2:68",
    "keywords": [],
    "point_of_contact_email": "peter.nee@aei.mpg.de",
    "authors_emails": [],
    "simulation_bibtex_keys": "SXSCatalog",
    "code_bibtex_keys": [
        "Ossokine:2013zga",
        "Hemberger:2012jz",
        "Szilagyi:2009qz",
        "Boyle:2009vi",
        "Scheel:2008rj",
        "Boyle:2007ft",
        "Scheel:2006gg",
        "Lindblom:2005qh",
        "Pfeiffer:2002wt",
        "SpECwebsite"
    ],
    "initial_data_bibtex_keys": [
        "Buchman:2012dw",
        "Lovelace:2008tw",
        "Pfeiffer:2007yz",
        "Caudill:2006hw",
        "Cook:2004kt"
    ],
    "quasicircular_bibtex_keys": [
        "Mroue:2012kv",
        "Buonanno:2010yk",
        "Mroue:2010re",
        "Boyle:2007ft"
    ],
    "initial_data_type": "BBH_SKS",
    "initial_separation": 21.9476729,
    "initial_orbital_frequency": 0.00867836,
    "initial_adot": -1.807e-05,
    "object1": "bh",
    "object2": "bh",
    "initial_ADM_energy": 0.9941028041157184,
    "initial_ADM_linear_momentum": [
        8.462399e-10,
        2.010760871e-07,
        -3.66132e-11
    ],
    "initial_ADM_angular_momentum": [
        -1.17895e-11,
        1.31703e-11,
        1.2096869897785694
    ],
    "initial_mass1": 0.4999999906160859,
    "initial_mass2": 0.5000000678521346,
    "initial_dimensionless_spin1": [
        -5.315e-13,
        4.013e-13,
        -1.8632299e-09
    ],
    "initial_dimensionless_spin2": [
        -4.9108e-12,
        4.7669e-12,
        -1.87181499e-08
    ],
    "initial_position1": [
        10.973835408215269,
        6.5172190141e-06,
        1.6357468e-09
    ],
    "initial_position2": [
        -10.973837491784732,
        6.5172190141e-06,
        1.6357468e-09
    ],
    "relaxation_time": 320.0,
    "reference_time": 320.0,
    "reference_mass1": 0.49999078044304,
    "reference_mass2": 0.4999907500657636,
    "reference_dimensionless_spin1": [
        -8.51026474327487e-08,
        -1.3710223622849424e-08,
        2.754706781786084e-06
    ],
    "reference_dimensionless_spin2": [
        8.216553958444751e-08,
        1.7073983269481864e-08,
        2.7764373580251548e-06
    ],
    "reference_position1": [
        -8.124135972034022,
        -3.0054787537862335,
        -7.5999188191787295e-06
    ],
    "reference_position2": [
        8.124138166897188,
        3.00561537631526,
        -7.60766509138272e-06
    ],
    "reference_orbital_frequency": [
        9.059031440813866e-13,
        1.5903720498301925e-11,
        0.014241446809169141
    ],
    "reference_eccentricity": 0.1692914,
    "reference_mean_anomaly": 0.057431,
    "common_horizon_time": 11777.93514327258,
    "number_of_orbits": 32.09119333837155,
    "remnant_mass": 0.9517158139646769,
    "remnant_dimensionless_spin": [
        -2.602524198940903e-10,
        8.154749440470285e-10,
        0.6868486914266853
    ],
    "remnant_velocity": [
        4.4179975620215415e-08,
        1.8481403202206072e-07,
        -2.5411216745600333e-08
    ],
    "metadata_version": 1,
    "spec_revisions": "InitialCommit-32545-g3451778783",
    "spells_revision": "34517787835178f186435e8ebafe310ad2a3bfc5",
    "date_postprocessing": "2024-07-28T14:11:11.225380-07:00",
    "date_run_earliest": "2024-07-11T07:39:09",
    "date_run_latest": "2024-07-23T09:28:29",
    "date_link_earliest": "2024-07-07T12:46:27+02:00"
}