{
    "simulation_name": "90/Lev3",
    "alternative_names": "BFI:SurveyMeanAno_v2:90",
    "keywords": [],
    "point_of_contact_email": "peter.nee@aei.mpg.de",
    "authors_emails": [],
    "simulation_bibtex_keys": "SXSCatalog",
    "code_bibtex_keys": [
        "Ossokine:2013zga",
        "Hemberger:2012jz",
        "Szilagyi:2009qz",
        "Boyle:2009vi",
        "Scheel:2008rj",
        "Boyle:2007ft",
        "Scheel:2006gg",
        "Lindblom:2005qh",
        "Pfeiffer:2002wt",
        "SpECwebsite"
    ],
    "initial_data_bibtex_keys": [
        "Buchman:2012dw",
        "Lovelace:2008tw",
        "Pfeiffer:2007yz",
        "Caudill:2006hw",
        "Cook:2004kt"
    ],
    "quasicircular_bibtex_keys": [
        "Mroue:2012kv",
        "Buonanno:2010yk",
        "Mroue:2010re",
        "Boyle:2007ft"
    ],
    "initial_data_type": "BBH_SKS",
    "initial_separation": 38.5403112,
    "initial_orbital_frequency": 0.0030321,
    "initial_adot": 2.41e-06,
    "object1": "bh",
    "object2": "bh",
    "initial_ADM_energy": 0.9953861390529817,
    "initial_ADM_linear_momentum": [
        -4.973573e-10,
        -1.198733e-09,
        1.930203e-10
    ],
    "initial_ADM_angular_momentum": [
        1.56946e-11,
        1.025068e-10,
        1.2034315004440637
    ],
    "initial_mass1": 0.4999998465855776,
    "initial_mass2": 0.4999998317148145,
    "initial_dimensionless_spin1": [
        6.992e-12,
        1.369e-12,
        -2.5945204e-09
    ],
    "initial_dimensionless_spin2": [
        -1.311628e-10,
        1.7502e-12,
        1.11910712e-08
    ],
    "initial_position1": [
        19.27015218364531,
        8.990538859e-07,
        7.2728356e-09
    ],
    "initial_position2": [
        -19.27015901635469,
        8.990538859e-07,
        7.2728356e-09
    ],
    "relaxation_time": 160.0,
    "reference_time": 160.0,
    "reference_mass1": 0.4999947636429005,
    "reference_mass2": 0.49999475054603165,
    "reference_dimensionless_spin1": [
        -7.054120025326468e-10,
        -4.586680358191513e-09,
        -6.11389085033538e-06
    ],
    "reference_dimensionless_spin2": [
        8.155256145370507e-10,
        4.628278444677835e-09,
        -6.1133242830353286e-06
    ],
    "reference_position1": [
        15.416090714600994,
        8.483014571915492,
        2.903507297844639e-08
    ],
    "reference_position2": [
        -15.416097380542373,
        -8.483013515476253,
        2.887411531056062e-08
    ],
    "reference_orbital_frequency": [
        1.3060063258360343e-12,
        -2.4072927353914866e-12,
        0.003573383481242701
    ],
    "reference_eccentricity": "<7.4e+00",
    "reference_mean_anomaly": 5.151524,
    "common_horizon_time": 11626.063977146729,
    "number_of_orbits": 27.235335637872474,
    "remnant_mass": 0.9521628460322391,
    "remnant_dimensionless_spin": [
        1.1725382471891458e-10,
        -1.1676089145670363e-10,
        0.6883568154513889
    ],
    "remnant_velocity": [
        7.30525882656535e-10,
        -6.313956544707199e-10,
        1.81593705723446e-08
    ],
    "metadata_version": 1,
    "spec_revisions": "InitialCommit-32540-g1fb6ecfd6c",
    "spells_revision": "1fb6ecfd6c21617f7f344f92c727672bc60ca707",
    "date_postprocessing": "2024-08-15T02:48:57.389723-07:00",
    "date_run_earliest": "2024-08-04T18:56:24",
    "date_run_latest": "2024-08-12T08:43:16",
    "date_link_earliest": "2024-08-02T18:05:19+02:00"
}