{
    "simulation_name": "61/Lev2",
    "alternative_names": "BFI:SurveyMeanAno_v2:61",
    "keywords": [],
    "point_of_contact_email": "peter.nee@aei.mpg.de",
    "authors_emails": [],
    "simulation_bibtex_keys": "SXSCatalog",
    "code_bibtex_keys": [
        "Ossokine:2013zga",
        "Hemberger:2012jz",
        "Szilagyi:2009qz",
        "Boyle:2009vi",
        "Scheel:2008rj",
        "Boyle:2007ft",
        "Scheel:2006gg",
        "Lindblom:2005qh",
        "Pfeiffer:2002wt",
        "SpECwebsite"
    ],
    "initial_data_bibtex_keys": [
        "Buchman:2012dw",
        "Lovelace:2008tw",
        "Pfeiffer:2007yz",
        "Caudill:2006hw",
        "Cook:2004kt"
    ],
    "quasicircular_bibtex_keys": [
        "Mroue:2012kv",
        "Buonanno:2010yk",
        "Mroue:2010re",
        "Boyle:2007ft"
    ],
    "initial_data_type": "BBH_SKS",
    "initial_separation": 32.16764246,
    "initial_orbital_frequency": 0.00394769,
    "initial_adot": 2.35e-06,
    "object1": "bh",
    "object2": "bh",
    "initial_ADM_energy": 0.997343404294927,
    "initial_ADM_linear_momentum": [
        -6.4056234e-08,
        8.58528959e-08,
        -1.304072e-10
    ],
    "initial_ADM_angular_momentum": [
        -5.42156e-10,
        1.570564e-10,
        0.5529579128227591
    ],
    "initial_mass1": 0.8571428038279347,
    "initial_mass2": 0.1428571396304665,
    "initial_dimensionless_spin1": [
        4.145e-13,
        1.355e-13,
        -1.4746148e-09
    ],
    "initial_dimensionless_spin2": [
        1.133e-13,
        -2.421e-13,
        -2.5201892e-09
    ],
    "initial_position1": [
        4.579876078380481,
        0.0148137829646265,
        -1.2504559756e-06
    ],
    "initial_position2": [
        -27.587766381619524,
        0.0148137829646265,
        -1.2504559756e-06
    ],
    "relaxation_time": 630.0,
    "reference_time": 630.0,
    "reference_mass1": 0.8571309954939986,
    "reference_mass2": 0.14285895711615026,
    "reference_dimensionless_spin1": [
        -2.467625171083336e-08,
        -9.90089475050729e-09,
        1.1682628045590317e-05
    ],
    "reference_dimensionless_spin2": [
        2.854981189358023e-09,
        -3.9086178108969367e-10,
        -7.067275717009233e-06
    ],
    "reference_position1": [
        2.05345635067886,
        3.4170849799060856,
        -5.823313659199716e-06
    ],
    "reference_position2": [
        -12.390518123436859,
        -20.877120239011017,
        -3.590749889545775e-06
    ],
    "reference_orbital_frequency": [
        -9.371213937007529e-11,
        5.1840355131935e-10,
        0.005034851261934579
    ],
    "reference_eccentricity": "<7.5e+00",
    "reference_mean_anomaly": 4.085244,
    "common_horizon_time": 10972.480768629552,
    "number_of_orbits": 31.80663475279586,
    "remnant_mass": 0.9856209910906969,
    "remnant_dimensionless_spin": [
        -2.4215507541509376e-08,
        4.455746802710858e-08,
        0.37179148480845153
    ],
    "remnant_velocity": [
        -0.00037619693575760826,
        -7.700255933480562e-05,
        -1.4565148529519665e-08
    ],
    "metadata_version": 1,
    "spec_revisions": "InitialCommit-32543-gd578e73d94",
    "spells_revision": "d578e73d94c79d97cab7482e1aea42b4cf1da0e9",
    "date_postprocessing": "2024-07-26T14:46:35.603965-07:00",
    "date_run_earliest": "2024-06-16T17:02:20",
    "date_run_latest": "2024-07-05T12:32:14",
    "date_link_earliest": "2024-06-11T12:01:00+02:00"
}