{
    "simulation_name": "019/Lev2",
    "alternative_names": [
        "BFI:Ecc1dSur_rerun:019",
        "SXS:BBH:2588"
    ],
    "keywords": [],
    "point_of_contact_email": "sfield@astro.cornell.edu",
    "authors_emails": [],
    "simulation_bibtex_keys": [
        "SXSCatalog",
        "Islam:2021mha"
    ],
    "code_bibtex_keys": [
        "Ossokine:2013zga",
        "Hemberger:2012jz",
        "Szilagyi:2009qz",
        "Boyle:2009vi",
        "Scheel:2008rj",
        "Boyle:2007ft",
        "Scheel:2006gg",
        "Lindblom:2005qh",
        "Pfeiffer:2002wt",
        "SpECwebsite"
    ],
    "initial_data_bibtex_keys": [
        "Buchman:2012dw",
        "Lovelace:2008tw",
        "Pfeiffer:2007yz",
        "Caudill:2006hw",
        "Cook:2004kt"
    ],
    "quasicircular_bibtex_keys": [
        "Mroue:2012kv",
        "Buonanno:2010yk",
        "Mroue:2010re",
        "Boyle:2007ft"
    ],
    "initial_data_type": "BBH_SHK",
    "initial_separation": 20.74396725,
    "initial_orbital_frequency": 0.00940128,
    "initial_adot": -5e-16,
    "object1": "bh",
    "object2": "bh",
    "initial_ADM_energy": 0.9937404948751036,
    "initial_ADM_linear_momentum": [
        -3.5902261e-09,
        -2.40041137e-08,
        1.62832e-11
    ],
    "initial_ADM_angular_momentum": [
        1.58698e-11,
        -3.6165e-12,
        1.1769841722298457
    ],
    "initial_mass1": 0.5000000730478098,
    "initial_mass2": 0.5000000801895539,
    "initial_dimensionless_spin1": [
        2.23e-14,
        -3.86e-14,
        -2.7169053e-09
    ],
    "initial_dimensionless_spin2": [
        -1.191e-13,
        -3.37e-14,
        -1.912542e-09
    ],
    "initial_position1": [
        10.37198275448476,
        1.698454811e-07,
        1.06826571e-08
    ],
    "initial_position2": [
        -10.37198449551524,
        1.698454811e-07,
        1.06826571e-08
    ],
    "relaxation_time": 370.0,
    "reference_time": 370.0,
    "reference_mass1": 0.499999674212,
    "reference_mass2": 0.499999687188,
    "reference_dimensionless_spin1": [
        1.88151519645e-10,
        -3.37474748868e-10,
        -1.47952758831e-06
    ],
    "reference_dimensionless_spin2": [
        -3.33563857587e-10,
        2.58152406849e-10,
        -1.47066654067e-06
    ],
    "reference_position1": [
        0.284003838208,
        -8.26436558166,
        1.70988463065e-07
    ],
    "reference_position2": [
        -0.284008570156,
        8.26434748624,
        1.63681430829e-07
    ],
    "reference_orbital_frequency": [
        -6.35558199445e-13,
        6.66320829298e-12,
        0.0151217702838
    ],
    "reference_eccentricity": 0.2412378,
    "reference_mean_anomaly": 1.362393,
    "common_horizon_time": 8903.46010389,
    "number_of_orbits": 26.6652559853,
    "remnant_mass": 0.951474210894,
    "remnant_dimensionless_spin": [
        -7.54285375804e-11,
        9.21275000285e-11,
        0.686040449607
    ],
    "remnant_velocity": [
        -3.71593848077e-09,
        -2.50912622447e-08,
        6.67024312242e-08
    ],
    "metadata_version": 1,
    "spec_revisions": "InitialCommit-31500-g7d82535c55",
    "spells_revision": "7d82535c55b37e5d835b6dc3c72414cd73f02304",
    "date_postprocessing": "2021-05-25T13:15:50-07:00",
    "date_run_earliest": "2021-04-18T18:29:56",
    "date_run_latest": "2021-05-11T14:06:09",
    "date_link_earliest": "2021-04-14T20:34:04-07:00"
}