{
    "simulation_name": "18/Lev1",
    "alternative_names": "BFI:SurveyMeanAno_v2:18",
    "keywords": [],
    "point_of_contact_email": "peter.nee@aei.mpg.de",
    "authors_emails": [],
    "simulation_bibtex_keys": "SXSCatalog",
    "code_bibtex_keys": [
        "Ossokine:2013zga",
        "Hemberger:2012jz",
        "Szilagyi:2009qz",
        "Boyle:2009vi",
        "Scheel:2008rj",
        "Boyle:2007ft",
        "Scheel:2006gg",
        "Lindblom:2005qh",
        "Pfeiffer:2002wt",
        "SpECwebsite"
    ],
    "initial_data_bibtex_keys": [
        "Buchman:2012dw",
        "Lovelace:2008tw",
        "Pfeiffer:2007yz",
        "Caudill:2006hw",
        "Cook:2004kt"
    ],
    "quasicircular_bibtex_keys": [
        "Mroue:2012kv",
        "Buonanno:2010yk",
        "Mroue:2010re",
        "Boyle:2007ft"
    ],
    "initial_data_type": "BBH_SKS",
    "initial_separation": 37.35127209,
    "initial_orbital_frequency": 0.00313141,
    "initial_adot": 2.14e-06,
    "object1": "bh",
    "object2": "bh",
    "initial_ADM_energy": 0.9957829661559289,
    "initial_ADM_linear_momentum": [
        3.78289781e-08,
        -2.4068484e-08,
        3.40115e-11
    ],
    "initial_ADM_angular_momentum": [
        3.096023e-10,
        -2.963692e-10,
        1.058116510732853
    ],
    "initial_mass1": 0.6666666376877957,
    "initial_mass2": 0.3333333364531313,
    "initial_dimensionless_spin1": [
        2.12e-14,
        3.391e-13,
        -8.891529e-10
    ],
    "initial_dimensionless_spin2": [
        -1.32e-14,
        -1.03e-14,
        -6.918155e-10
    ],
    "initial_position1": [
        12.43656757223042,
        0.0116936800693122,
        -4.0403293e-09
    ],
    "initial_position2": [
        -24.914704517769582,
        0.0116936800693122,
        -4.0403293e-09
    ],
    "relaxation_time": 160.0,
    "reference_time": 160.0,
    "reference_mass1": 0.6666708230867101,
    "reference_mass2": 0.33332928615482854,
    "reference_dimensionless_spin1": [
        2.452013296951532e-08,
        -7.794865887852212e-08,
        -5.214436497953633e-06
    ],
    "reference_dimensionless_spin2": [
        -1.6148882077449273e-09,
        -2.9396938679145353e-09,
        3.268411549934443e-06
    ],
    "reference_position1": [
        9.697675217609538,
        5.681763658094379,
        -1.1970142697025341e-06
    ],
    "reference_position2": [
        -19.461957251360975,
        -11.469477625883647,
        -3.2020021226747274e-08
    ],
    "reference_orbital_frequency": [
        -4.7681134213486494e-11,
        3.4002328569819015e-10,
        0.003812428320245086
    ],
    "reference_eccentricity": "<7.6e+00",
    "reference_mean_anomaly": 5.59146,
    "common_horizon_time": 11534.03752744624,
    "number_of_orbits": 27.900851646088807,
    "remnant_mass": 0.960613776408982,
    "remnant_dimensionless_spin": [
        2.3522880434100047e-08,
        6.446213106796523e-08,
        0.6245558051909176
    ],
    "remnant_velocity": [
        -0.00010953510853642135,
        -0.0005012756959705432,
        -1.2436777505882488e-08
    ],
    "metadata_version": 1,
    "spec_revisions": [
        "InitialCommit-32539-g3b7a5a1097",
        "InitialCommit-32542-g5a7ca5896e"
    ],
    "spells_revision": "3b7a5a10976001a860eb62560a02d73ffa9ba537",
    "date_postprocessing": "2024-05-29T18:33:52.434627-07:00",
    "date_run_earliest": "2024-03-18T23:03:41",
    "date_run_latest": "2024-03-27T10:08:12",
    "date_link_earliest": "2024-03-08T09:40:29+01:00"
}