{
    "simulation_name": "52/Lev3",
    "alternative_names": "BFI:SurveyMeanAno_v2:52",
    "keywords": [],
    "point_of_contact_email": "peter.nee@aei.mpg.de",
    "authors_emails": [],
    "simulation_bibtex_keys": "SXSCatalog",
    "code_bibtex_keys": [
        "Ossokine:2013zga",
        "Hemberger:2012jz",
        "Szilagyi:2009qz",
        "Boyle:2009vi",
        "Scheel:2008rj",
        "Boyle:2007ft",
        "Scheel:2006gg",
        "Lindblom:2005qh",
        "Pfeiffer:2002wt",
        "SpECwebsite"
    ],
    "initial_data_bibtex_keys": [
        "Buchman:2012dw",
        "Lovelace:2008tw",
        "Pfeiffer:2007yz",
        "Caudill:2006hw",
        "Cook:2004kt"
    ],
    "quasicircular_bibtex_keys": [
        "Mroue:2012kv",
        "Buonanno:2010yk",
        "Mroue:2010re",
        "Boyle:2007ft"
    ],
    "initial_data_type": "BBH_SKS",
    "initial_separation": 34.23524652,
    "initial_orbital_frequency": 0.00337212,
    "initial_adot": -2e-08,
    "object1": "bh",
    "object2": "bh",
    "initial_ADM_energy": 0.9954211586140073,
    "initial_ADM_linear_momentum": [
        -5.2283095e-08,
        5.30112182e-08,
        5.734e-12
    ],
    "initial_ADM_angular_momentum": [
        1.3146e-12,
        -6.9912e-12,
        1.4509775252552428
    ],
    "initial_mass1": 0.6666666793213977,
    "initial_mass2": 0.3333333288488886,
    "initial_dimensionless_spin1": [
        7.1e-15,
        -1.13e-14,
        0.8000000377572631
    ],
    "initial_dimensionless_spin2": [
        -3.79e-14,
        4e-16,
        0.7999999240902245
    ],
    "initial_position1": [
        11.390481697863374,
        0.0133739020250633,
        1.6739166e-09
    ],
    "initial_position2": [
        -22.844764822136625,
        0.0133739020250633,
        1.6739166e-09
    ],
    "relaxation_time": 160.0,
    "reference_time": 160.0,
    "reference_mass1": 0.6666678503785121,
    "reference_mass2": 0.3333467044024307,
    "reference_dimensionless_spin1": [
        1.550398770148586e-08,
        -8.475947670806079e-09,
        0.8000032406928202
    ],
    "reference_dimensionless_spin2": [
        1.5105650185761562e-08,
        4.147131620046156e-09,
        0.7999558842882318
    ],
    "reference_position1": [
        8.032345545607923,
        5.749044969827993,
        -5.393519642698192e-08
    ],
    "reference_position2": [
        -16.116757613647884,
        -11.58823926961906,
        -2.587677711352617e-08
    ],
    "reference_orbital_frequency": [
        3.977029506789941e-10,
        -5.463414420270732e-10,
        0.004707774482910909
    ],
    "reference_eccentricity": "<8.7e+00",
    "reference_mean_anomaly": 5.623101,
    "common_horizon_time": 11130.20527299111,
    "number_of_orbits": 31.281205750563476,
    "remnant_mass": 0.9243448116844226,
    "remnant_dimensionless_spin": [
        1.506866570293363e-08,
        -3.268232922569897e-08,
        0.903455655347389
    ],
    "remnant_velocity": [
        4.957931919300866e-05,
        2.2893267440615216e-05,
        -1.7844535069230494e-08
    ],
    "metadata_version": 1,
    "spec_revisions": "InitialCommit-32542-g5a7ca5896e",
    "spells_revision": "5a7ca5896e65b8bba5a4841c4b37f99431d3e420",
    "date_postprocessing": "2024-07-28T07:17:08.113386-07:00",
    "date_run_earliest": "2024-06-18T21:55:09",
    "date_run_latest": "2024-07-24T11:58:03",
    "date_link_earliest": "2024-05-27T11:24:22+02:00"
}