{
    "simulation_name": "83/Lev3",
    "alternative_names": "BFI:SurveyMeanAno_v2:83",
    "keywords": [],
    "point_of_contact_email": "peter.nee@aei.mpg.de",
    "authors_emails": [],
    "simulation_bibtex_keys": "SXSCatalog",
    "code_bibtex_keys": [
        "Ossokine:2013zga",
        "Hemberger:2012jz",
        "Szilagyi:2009qz",
        "Boyle:2009vi",
        "Scheel:2008rj",
        "Boyle:2007ft",
        "Scheel:2006gg",
        "Lindblom:2005qh",
        "Pfeiffer:2002wt",
        "SpECwebsite"
    ],
    "initial_data_bibtex_keys": [
        "Buchman:2012dw",
        "Lovelace:2008tw",
        "Pfeiffer:2007yz",
        "Caudill:2006hw",
        "Cook:2004kt"
    ],
    "quasicircular_bibtex_keys": [
        "Mroue:2012kv",
        "Buonanno:2010yk",
        "Mroue:2010re",
        "Boyle:2007ft"
    ],
    "initial_data_type": "BBH_SKS",
    "initial_separation": 31.25837356,
    "initial_orbital_frequency": 0.00446118,
    "initial_adot": 1.987e-05,
    "object1": "bh",
    "object2": "bh",
    "initial_ADM_energy": 0.9948159551660742,
    "initial_ADM_linear_momentum": [
        -1.696292479e-07,
        -7.131098892e-07,
        -1.137117e-10
    ],
    "initial_ADM_angular_momentum": [
        5.843643e-10,
        -8.47614e-11,
        1.2076306495787807
    ],
    "initial_mass1": 0.5000000147094369,
    "initial_mass2": 0.5000000101956885,
    "initial_dimensionless_spin1": [
        4.257e-13,
        1.0735e-11,
        -1.19703269e-08
    ],
    "initial_dimensionless_spin2": [
        4.3584e-12,
        -9.2071e-12,
        -1.6672031e-08
    ],
    "initial_position1": [
        15.629186793242155,
        7.870578411e-07,
        -2.36290117e-08
    ],
    "initial_position2": [
        -15.629186766757844,
        7.870578411e-07,
        -2.36290117e-08
    ],
    "relaxation_time": 160.0,
    "reference_time": 160.0,
    "reference_mass1": 0.499995037966569,
    "reference_mass2": 0.4999950317838689,
    "reference_dimensionless_spin1": [
        -1.2683565827569675e-08,
        7.448765466543501e-09,
        2.3801596800622548e-06
    ],
    "reference_dimensionless_spin2": [
        1.2551722172456164e-08,
        -7.676111320736213e-09,
        2.3972718644820633e-06
    ],
    "reference_position1": [
        10.001482130741854,
        9.672113038993233,
        3.8155166796513725e-08
    ],
    "reference_position2": [
        -10.001536745530597,
        -9.672335054452006,
        3.0639942504068046e-08
    ],
    "reference_orbital_frequency": [
        -3.7820954523629044e-12,
        1.7073691545262099e-12,
        0.005671848381457434
    ],
    "reference_eccentricity": "<1.3e+00",
    "reference_mean_anomaly": 5.395478,
    "common_horizon_time": 11752.150002826107,
    "number_of_orbits": 29.542972503390654,
    "remnant_mass": 0.952118647609913,
    "remnant_dimensionless_spin": [
        5.449962882262461e-10,
        -2.6469933571395873e-10,
        0.6866546720385135
    ],
    "remnant_velocity": [
        -1.4536497925905445e-07,
        -7.255250731780225e-07,
        7.015294898197669e-09
    ],
    "metadata_version": 1,
    "spec_revisions": "InitialCommit-32545-g3451778783",
    "spells_revision": "34517787835178f186435e8ebafe310ad2a3bfc5",
    "date_postprocessing": "2024-07-31T05:06:33.686137-07:00",
    "date_run_earliest": "2024-07-10T02:05:08",
    "date_run_latest": "2024-07-19T12:21:29",
    "date_link_earliest": "2024-07-07T12:46:27+02:00"
}