{
    "simulation_name": "07/Lev2",
    "alternative_names": "BFI:SurveyMeanAno_v2:07",
    "keywords": [],
    "point_of_contact_email": "peter.nee@aei.mpg.de",
    "authors_emails": [],
    "simulation_bibtex_keys": "SXSCatalog",
    "code_bibtex_keys": [
        "Ossokine:2013zga",
        "Hemberger:2012jz",
        "Szilagyi:2009qz",
        "Boyle:2009vi",
        "Scheel:2008rj",
        "Boyle:2007ft",
        "Scheel:2006gg",
        "Lindblom:2005qh",
        "Pfeiffer:2002wt",
        "SpECwebsite"
    ],
    "initial_data_bibtex_keys": [
        "Buchman:2012dw",
        "Lovelace:2008tw",
        "Pfeiffer:2007yz",
        "Caudill:2006hw",
        "Cook:2004kt"
    ],
    "quasicircular_bibtex_keys": [
        "Mroue:2012kv",
        "Buonanno:2010yk",
        "Mroue:2010re",
        "Boyle:2007ft"
    ],
    "initial_data_type": "BBH_SKS",
    "initial_separation": 37.59031131,
    "initial_orbital_frequency": 0.0031155,
    "initial_adot": 2.44e-06,
    "object1": "bh",
    "object2": "bh",
    "initial_ADM_energy": 0.9952999682199836,
    "initial_ADM_linear_momentum": [
        -5.4943402e-09,
        3.911848e-09,
        6.4258e-12
    ],
    "initial_ADM_angular_momentum": [
        -8.01376e-10,
        6.97213e-11,
        1.1988048990667788
    ],
    "initial_mass1": 0.5000000058665208,
    "initial_mass2": 0.5000000037592885,
    "initial_dimensionless_spin1": [
        -1.466e-13,
        -9.053e-13,
        -2.3642244e-09
    ],
    "initial_dimensionless_spin2": [
        1.3846e-12,
        -1.2608e-12,
        -8.383804e-10
    ],
    "initial_position1": [
        18.795155798949217,
        1.922138267e-07,
        -5.202196e-09
    ],
    "initial_position2": [
        -18.79515551105078,
        1.922138267e-07,
        -5.202196e-09
    ],
    "relaxation_time": 160.0,
    "reference_time": 160.0,
    "reference_mass1": 0.5000121689715374,
    "reference_mass2": 0.5000121626151102,
    "reference_dimensionless_spin1": [
        -3.2328280533096035e-09,
        -1.7351432745208729e-09,
        5.549266939389717e-07
    ],
    "reference_dimensionless_spin2": [
        3.3688869720775967e-09,
        1.7834627703583782e-09,
        5.471080928780459e-07
    ],
    "reference_position1": [
        14.771372405167883,
        8.597664438189508,
        2.1763500146357885e-08
    ],
    "reference_position2": [
        -14.771373607627053,
        -8.597662801527648,
        2.1671747882652707e-08
    ],
    "reference_orbital_frequency": [
        1.670861343468106e-12,
        -2.8907497625692443e-12,
        0.0037661832949168104
    ],
    "reference_eccentricity": "<7.1e+00",
    "reference_mean_anomaly": 5.128205,
    "common_horizon_time": 11143.433680767623,
    "number_of_orbits": 26.579494522333196,
    "remnant_mass": 0.9510969502315462,
    "remnant_dimensionless_spin": [
        8.968773389095029e-10,
        1.3314126321786163e-09,
        0.6849042319396921
    ],
    "remnant_velocity": [
        -1.3455167770117804e-08,
        4.882252672720866e-08,
        1.496330071908979e-08
    ],
    "metadata_version": 1,
    "spec_revisions": [
        "InitialCommit-32534-gec089a2f94",
        "InitialCommit-32539-g3b7a5a1097"
    ],
    "spells_revision": "ec089a2f9403004643c204dc5299b1de7726cd9b",
    "date_postprocessing": "2024-05-27T06:49:05.859083-07:00",
    "date_run_earliest": "2024-02-29T05:53:52",
    "date_run_latest": "2024-03-10T02:49:51",
    "date_link_earliest": "2024-02-26T14:13:43+01:00"
}