{
    "simulation_name": "77/Lev2",
    "alternative_names": "BFI:SurveyMeanAno_v2:77",
    "keywords": [],
    "point_of_contact_email": "peter.nee@aei.mpg.de",
    "authors_emails": [],
    "simulation_bibtex_keys": "SXSCatalog",
    "code_bibtex_keys": [
        "Ossokine:2013zga",
        "Hemberger:2012jz",
        "Szilagyi:2009qz",
        "Boyle:2009vi",
        "Scheel:2008rj",
        "Boyle:2007ft",
        "Scheel:2006gg",
        "Lindblom:2005qh",
        "Pfeiffer:2002wt",
        "SpECwebsite"
    ],
    "initial_data_bibtex_keys": [
        "Buchman:2012dw",
        "Lovelace:2008tw",
        "Pfeiffer:2007yz",
        "Caudill:2006hw",
        "Cook:2004kt"
    ],
    "quasicircular_bibtex_keys": [
        "Mroue:2012kv",
        "Buonanno:2010yk",
        "Mroue:2010re",
        "Boyle:2007ft"
    ],
    "initial_data_type": "BBH_SKS",
    "initial_separation": 21.85096719,
    "initial_orbital_frequency": 0.00873759,
    "initial_adot": -1.831e-05,
    "object1": "bh",
    "object2": "bh",
    "initial_ADM_energy": 0.9940829307597778,
    "initial_ADM_linear_momentum": [
        -8.205964e-10,
        -3.14220023e-08,
        -1.52108e-11
    ],
    "initial_ADM_angular_momentum": [
        1.815e-12,
        -1.21758e-11,
        1.2079937894107384
    ],
    "initial_mass1": 0.500000031476731,
    "initial_mass2": 0.5000000279657888,
    "initial_dimensionless_spin1": [
        -2.6844e-12,
        2.4975e-12,
        -8.9886636e-09
    ],
    "initial_dimensionless_spin2": [
        -2.1753e-12,
        -6.851e-13,
        -7.808266e-09
    ],
    "initial_position1": [
        10.925473988240885,
        1.6668472238e-06,
        7.6733439e-09
    ],
    "initial_position2": [
        -10.925493201759114,
        1.6668472238e-06,
        7.6733439e-09
    ],
    "relaxation_time": 320.0,
    "reference_time": 320.0,
    "reference_mass1": 0.4999905800182224,
    "reference_mass2": 0.49999049752656655,
    "reference_dimensionless_spin1": [
        -9.6027352397184e-08,
        -2.5262585270968516e-08,
        2.486969785666167e-06
    ],
    "reference_dimensionless_spin2": [
        9.241716894766231e-08,
        2.192575397607331e-08,
        2.475908960368601e-06
    ],
    "reference_position1": [
        -8.023664872663673,
        -3.192836002902569,
        -1.0199352823509004e-05
    ],
    "reference_position2": [
        8.023649625482967,
        3.192816119666128,
        -1.018135924123232e-05
    ],
    "reference_orbital_frequency": [
        -7.55593895651053e-12,
        -2.1324360624189088e-11,
        0.014306349535510122
    ],
    "reference_eccentricity": 0.1686799,
    "reference_mean_anomaly": 0.077079,
    "common_horizon_time": 11604.928552341213,
    "number_of_orbits": 31.782137639575698,
    "remnant_mass": 0.9517463323696739,
    "remnant_dimensionless_spin": [
        6.874065050271056e-09,
        -9.150509044622096e-10,
        0.6859801940163953
    ],
    "remnant_velocity": [
        2.0513347562767335e-08,
        -5.3241785597159044e-08,
        -4.7647025195100726e-08
    ],
    "metadata_version": 1,
    "spec_revisions": "InitialCommit-32545-g3451778783",
    "spells_revision": "34517787835178f186435e8ebafe310ad2a3bfc5",
    "date_postprocessing": "2024-07-30T16:44:13.269428-07:00",
    "date_run_earliest": "2024-07-11T08:39:08",
    "date_run_latest": "2024-07-21T07:22:49",
    "date_link_earliest": "2024-07-07T12:46:27+02:00"
}