{
    "simulation_name": "003/Lev2",
    "alternative_names": [
        "BFI:Ecc1dSur_rerun:003",
        "SXS:BBH:2572"
    ],
    "keywords": [],
    "point_of_contact_email": "sfield@astro.cornell.edu",
    "authors_emails": [],
    "simulation_bibtex_keys": [
        "SXSCatalog",
        "Islam:2021mha"
    ],
    "code_bibtex_keys": [
        "Ossokine:2013zga",
        "Hemberger:2012jz",
        "Szilagyi:2009qz",
        "Boyle:2009vi",
        "Scheel:2008rj",
        "Boyle:2007ft",
        "Scheel:2006gg",
        "Lindblom:2005qh",
        "Pfeiffer:2002wt",
        "SpECwebsite"
    ],
    "initial_data_bibtex_keys": [
        "Buchman:2012dw",
        "Lovelace:2008tw",
        "Pfeiffer:2007yz",
        "Caudill:2006hw",
        "Cook:2004kt"
    ],
    "quasicircular_bibtex_keys": [
        "Mroue:2012kv",
        "Buonanno:2010yk",
        "Mroue:2010re",
        "Boyle:2007ft"
    ],
    "initial_data_type": "BBH_SHK",
    "initial_separation": 17.81539265,
    "initial_orbital_frequency": 0.01237168,
    "initial_adot": -1.90978e-05,
    "object1": "bh",
    "object2": "bh",
    "initial_ADM_energy": 0.9935773666162704,
    "initial_ADM_linear_momentum": [
        -3.5965991e-09,
        -1.87278218e-08,
        4.5955e-12
    ],
    "initial_ADM_angular_momentum": [
        -5.13176e-11,
        -1.933e-13,
        1.1726095624441537
    ],
    "initial_mass1": 0.5000000379844892,
    "initial_mass2": 0.5000000322351629,
    "initial_dimensionless_spin1": [
        -3.097e-13,
        -5.45e-13,
        -2.1740681e-09
    ],
    "initial_dimensionless_spin2": [
        4.44e-14,
        2.814e-13,
        -2.8183041e-09
    ],
    "initial_position1": [
        8.90769612999341,
        -9.06970221e-08,
        -6.21236666e-08
    ],
    "initial_position2": [
        -8.90769652000659,
        -9.06970221e-08,
        -6.21236666e-08
    ],
    "relaxation_time": 420.0,
    "reference_time": 420.0,
    "reference_mass1": 0.500000099651,
    "reference_mass2": 0.500000101469,
    "reference_dimensionless_spin1": [
        2.98346396527e-09,
        -2.51823386704e-09,
        -2.87335274489e-06
    ],
    "reference_dimensionless_spin2": [
        -2.74719577764e-09,
        2.668465081e-09,
        -2.87141839932e-06
    ],
    "reference_position1": [
        5.65420282121,
        -6.93367278878,
        -7.76449408568e-07
    ],
    "reference_position2": [
        -5.65420865825,
        6.93365619169,
        -7.72453825927e-07
    ],
    "reference_orbital_frequency": [
        1.74082273198e-12,
        -2.30801163607e-12,
        0.0129372612339
    ],
    "reference_eccentricity": 0.015052,
    "reference_mean_anomaly": 1.283999,
    "common_horizon_time": 8566.81805014,
    "number_of_orbits": 26.3072113199,
    "remnant_mass": 0.951625540772,
    "remnant_dimensionless_spin": [
        5.06893785081e-10,
        3.99170242316e-11,
        0.68647860057
    ],
    "remnant_velocity": [
        -7.73781575072e-09,
        -1.95504156636e-08,
        6.84092694062e-08
    ],
    "metadata_version": 1,
    "spec_revisions": "InitialCommit-31500-g7d82535c55",
    "spells_revision": "7d82535c55b37e5d835b6dc3c72414cd73f02304",
    "date_postprocessing": "2021-05-25T13:15:50-07:00",
    "date_run_earliest": "2021-04-18T18:27:01",
    "date_run_latest": "2021-04-23T20:05:57",
    "date_link_earliest": "2021-04-14T20:34:04-07:00"
}