{
    "simulation_name": "030/Lev2",
    "alternative_names": [
        "BFI:Ecc1dSur_rerun:030",
        "SXS:BBH:2599"
    ],
    "keywords": [],
    "point_of_contact_email": "sfield@astro.cornell.edu",
    "authors_emails": [],
    "simulation_bibtex_keys": [
        "SXSCatalog",
        "Islam:2021mha"
    ],
    "code_bibtex_keys": [
        "Ossokine:2013zga",
        "Hemberger:2012jz",
        "Szilagyi:2009qz",
        "Boyle:2009vi",
        "Scheel:2008rj",
        "Boyle:2007ft",
        "Scheel:2006gg",
        "Lindblom:2005qh",
        "Pfeiffer:2002wt",
        "SpECwebsite"
    ],
    "initial_data_bibtex_keys": [
        "Buchman:2012dw",
        "Lovelace:2008tw",
        "Pfeiffer:2007yz",
        "Caudill:2006hw",
        "Cook:2004kt"
    ],
    "quasicircular_bibtex_keys": [
        "Mroue:2012kv",
        "Buonanno:2010yk",
        "Mroue:2010re",
        "Boyle:2007ft"
    ],
    "initial_data_type": "BBH_SHK",
    "initial_separation": 19.20149595,
    "initial_orbital_frequency": 0.01098116,
    "initial_adot": 0.00193823,
    "object1": "bh",
    "object2": "bh",
    "initial_ADM_energy": 0.9940077668147959,
    "initial_ADM_linear_momentum": [
        -3.4920734e-09,
        -1.29167205e-08,
        2.398878e-10
    ],
    "initial_ADM_angular_momentum": [
        -1.9837397e-09,
        -2.8637114e-09,
        1.1902731954313035
    ],
    "initial_mass1": 0.5000000075574407,
    "initial_mass2": 0.4999999614065485,
    "initial_dimensionless_spin1": [
        2.31935e-11,
        2.70935e-11,
        -7.7249711e-09
    ],
    "initial_dimensionless_spin2": [
        -3.3139924e-09,
        -5.766354e-09,
        -5.04333143e-08
    ],
    "initial_position1": [
        9.600747370070712,
        1.282560553e-07,
        1.522528405e-07
    ],
    "initial_position2": [
        -9.60074857992929,
        1.282560553e-07,
        1.522528405e-07
    ],
    "relaxation_time": 320.0,
    "reference_time": 320.0,
    "reference_mass1": 0.499999243093,
    "reference_mass2": 0.499999219771,
    "reference_dimensionless_spin1": [
        3.25021193215e-11,
        7.11789565054e-10,
        -2.88073137621e-06
    ],
    "reference_dimensionless_spin2": [
        -5.21093218412e-09,
        -1.27378143887e-08,
        -2.88513502356e-06
    ],
    "reference_position1": [
        -9.74084747664,
        3.5322090552,
        1.16543386173e-06
    ],
    "reference_position2": [
        9.7408477837,
        -3.53221551855,
        1.17626161429e-06
    ],
    "reference_orbital_frequency": [
        -5.20777029175e-12,
        8.33648064454e-13,
        0.00991391677166
    ],
    "reference_eccentricity": 0.1897599,
    "reference_mean_anomaly": 4.335523,
    "common_horizon_time": 10085.6075594,
    "number_of_orbits": 28.55532102,
    "remnant_mass": 0.951896289968,
    "remnant_dimensionless_spin": [
        -1.30203943506e-09,
        -1.71205547928e-09,
        0.686141272031
    ],
    "remnant_velocity": [
        1.52198497675e-08,
        -8.48684488697e-09,
        8.17509642798e-08
    ],
    "metadata_version": 1,
    "spec_revisions": "InitialCommit-31500-g7d82535c55",
    "spells_revision": "7d82535c55b37e5d835b6dc3c72414cd73f02304",
    "date_postprocessing": "2021-05-25T13:15:50-07:00",
    "date_run_earliest": "2021-04-18T18:36:52",
    "date_run_latest": "2021-04-24T14:10:29",
    "date_link_earliest": "2021-04-14T20:34:04-07:00"
}