{
    "simulation_name": "030/Lev3",
    "alternative_names": [
        "BFI:Ecc1dSur_rerun:030",
        "SXS:BBH:2599"
    ],
    "keywords": [],
    "point_of_contact_email": "sfield@astro.cornell.edu",
    "authors_emails": [],
    "simulation_bibtex_keys": [
        "SXSCatalog",
        "Islam:2021mha"
    ],
    "code_bibtex_keys": [
        "Ossokine:2013zga",
        "Hemberger:2012jz",
        "Szilagyi:2009qz",
        "Boyle:2009vi",
        "Scheel:2008rj",
        "Boyle:2007ft",
        "Scheel:2006gg",
        "Lindblom:2005qh",
        "Pfeiffer:2002wt",
        "SpECwebsite"
    ],
    "initial_data_bibtex_keys": [
        "Buchman:2012dw",
        "Lovelace:2008tw",
        "Pfeiffer:2007yz",
        "Caudill:2006hw",
        "Cook:2004kt"
    ],
    "quasicircular_bibtex_keys": [
        "Mroue:2012kv",
        "Buonanno:2010yk",
        "Mroue:2010re",
        "Boyle:2007ft"
    ],
    "initial_data_type": "BBH_SHK",
    "initial_separation": 19.20149595,
    "initial_orbital_frequency": 0.01098116,
    "initial_adot": 0.00193823,
    "object1": "bh",
    "object2": "bh",
    "initial_ADM_energy": 0.9940077668147959,
    "initial_ADM_linear_momentum": [
        -3.4920734e-09,
        -1.29167205e-08,
        2.398878e-10
    ],
    "initial_ADM_angular_momentum": [
        -1.9837397e-09,
        -2.8637114e-09,
        1.1902731954313035
    ],
    "initial_mass1": 0.5000000075574407,
    "initial_mass2": 0.4999999614065485,
    "initial_dimensionless_spin1": [
        2.31935e-11,
        2.70935e-11,
        -7.7249711e-09
    ],
    "initial_dimensionless_spin2": [
        -3.3139924e-09,
        -5.766354e-09,
        -5.04333143e-08
    ],
    "initial_position1": [
        9.600747370070712,
        1.282560553e-07,
        1.522528405e-07
    ],
    "initial_position2": [
        -9.60074857992929,
        1.282560553e-07,
        1.522528405e-07
    ],
    "relaxation_time": 390.0,
    "reference_time": 390.0,
    "reference_mass1": 0.500000241817,
    "reference_mass2": 0.500000186997,
    "reference_dimensionless_spin1": [
        -4.47884275582e-10,
        1.86931910765e-10,
        -2.37148344728e-06
    ],
    "reference_dimensionless_spin2": [
        -3.97419672564e-09,
        -1.14182434044e-08,
        -2.460033348e-06
    ],
    "reference_position1": [
        -8.24876433175,
        -3.85858982583,
        6.09740580958e-07
    ],
    "reference_position2": [
        8.2487627119,
        3.85857899238,
        6.08561992943e-07
    ],
    "reference_orbital_frequency": [
        -1.15589571318e-12,
        4.41713332667e-12,
        0.0127426569722
    ],
    "reference_eccentricity": 0.2110135,
    "reference_mean_anomaly": 5.143408,
    "common_horizon_time": 10090.3768481,
    "number_of_orbits": 28.5668457853,
    "remnant_mass": 0.95188868459,
    "remnant_dimensionless_spin": [
        -9.55664070865e-10,
        -2.01753965957e-09,
        0.686214940751
    ],
    "remnant_velocity": [
        1.27932335641e-09,
        -1.00845361679e-08,
        3.02266518272e-08
    ],
    "metadata_version": 1,
    "spec_revisions": "InitialCommit-31500-g7d82535c55",
    "spells_revision": "7d82535c55b37e5d835b6dc3c72414cd73f02304",
    "date_postprocessing": "2021-05-25T13:15:50-07:00",
    "date_run_earliest": "2021-04-18T18:44:29",
    "date_run_latest": "2021-04-28T00:37:19",
    "date_link_earliest": "2021-04-14T20:34:04-07:00"
}