{
    "simulation_name": "88/Lev1",
    "alternative_names": "BFI:SurveyMeanAno_v2:88",
    "keywords": [],
    "point_of_contact_email": "peter.nee@aei.mpg.de",
    "authors_emails": [],
    "simulation_bibtex_keys": "SXSCatalog",
    "code_bibtex_keys": [
        "Ossokine:2013zga",
        "Hemberger:2012jz",
        "Szilagyi:2009qz",
        "Boyle:2009vi",
        "Scheel:2008rj",
        "Boyle:2007ft",
        "Scheel:2006gg",
        "Lindblom:2005qh",
        "Pfeiffer:2002wt",
        "SpECwebsite"
    ],
    "initial_data_bibtex_keys": [
        "Buchman:2012dw",
        "Lovelace:2008tw",
        "Pfeiffer:2007yz",
        "Caudill:2006hw",
        "Cook:2004kt"
    ],
    "quasicircular_bibtex_keys": [
        "Mroue:2012kv",
        "Buonanno:2010yk",
        "Mroue:2010re",
        "Boyle:2007ft"
    ],
    "initial_data_type": "BBH_SKS",
    "initial_separation": 30.70591865,
    "initial_orbital_frequency": 0.00459763,
    "initial_adot": 2.506e-05,
    "object1": "bh",
    "object2": "bh",
    "initial_ADM_energy": 0.9947483424496525,
    "initial_ADM_linear_momentum": [
        -6.04937982e-08,
        -2.24449235e-08,
        4.389061e-10
    ],
    "initial_ADM_angular_momentum": [
        1.509941e-10,
        1.080624e-10,
        1.203134208945849
    ],
    "initial_mass1": 0.4999999739791523,
    "initial_mass2": 0.4999999984834431,
    "initial_dimensionless_spin1": [
        9.513e-13,
        -4.989e-11,
        -9.0417033e-09
    ],
    "initial_dimensionless_spin2": [
        3.88e-14,
        -2.4857e-12,
        -5.7935642e-09
    ],
    "initial_position1": [
        15.353001260312995,
        -7.507646854e-07,
        7.507883853e-07
    ],
    "initial_position2": [
        -15.352917389687006,
        -7.507646854e-07,
        7.507883853e-07
    ],
    "relaxation_time": 160.0,
    "reference_time": 160.0,
    "reference_mass1": 0.49999344181676947,
    "reference_mass2": 0.49999346165186975,
    "reference_dimensionless_spin1": [
        -1.1103369871562428e-08,
        6.707371990899076e-09,
        3.667840221377016e-06
    ],
    "reference_dimensionless_spin2": [
        1.101037567389064e-08,
        -7.135155477914038e-09,
        3.682305796794093e-06
    ],
    "reference_position1": [
        9.549512018565009,
        9.716979453736222,
        7.836944252520463e-07
    ],
    "reference_position2": [
        -9.549448879108075,
        -9.716987375600864,
        7.738494982397005e-07
    ],
    "reference_orbital_frequency": [
        -2.9461472324558833e-12,
        -8.755657980003409e-14,
        0.005888303934228327
    ],
    "reference_eccentricity": "<1.3e+00",
    "reference_mean_anomaly": 5.407241,
    "common_horizon_time": 11293.431216561437,
    "number_of_orbits": 28.79759624361198,
    "remnant_mass": 0.9511002899898928,
    "remnant_dimensionless_spin": [
        -2.764433463946291e-07,
        1.043997933920475e-07,
        0.6872739852702755
    ],
    "remnant_velocity": [
        -4.6513699649998845e-08,
        -1.2636521175418735e-08,
        2.468136364187677e-08
    ],
    "metadata_version": 1,
    "spec_revisions": "InitialCommit-32545-g3451778783",
    "spells_revision": "34517787835178f186435e8ebafe310ad2a3bfc5",
    "date_postprocessing": "2024-08-01T09:38:00.351772-07:00",
    "date_run_earliest": "2024-07-10T04:06:08",
    "date_run_latest": "2024-07-17T05:15:43",
    "date_link_earliest": "2024-07-07T12:46:27+02:00"
}