{
    "simulation_name": "029/Lev3",
    "alternative_names": [
        "BFI:Ecc1dSur_rerun:029",
        "SXS:BBH:2598"
    ],
    "keywords": [],
    "point_of_contact_email": "sfield@astro.cornell.edu",
    "authors_emails": [],
    "simulation_bibtex_keys": [
        "SXSCatalog",
        "Islam:2021mha"
    ],
    "code_bibtex_keys": [
        "Ossokine:2013zga",
        "Hemberger:2012jz",
        "Szilagyi:2009qz",
        "Boyle:2009vi",
        "Scheel:2008rj",
        "Boyle:2007ft",
        "Scheel:2006gg",
        "Lindblom:2005qh",
        "Pfeiffer:2002wt",
        "SpECwebsite"
    ],
    "initial_data_bibtex_keys": [
        "Buchman:2012dw",
        "Lovelace:2008tw",
        "Pfeiffer:2007yz",
        "Caudill:2006hw",
        "Cook:2004kt"
    ],
    "quasicircular_bibtex_keys": [
        "Mroue:2012kv",
        "Buonanno:2010yk",
        "Mroue:2010re",
        "Boyle:2007ft"
    ],
    "initial_data_type": "BBH_SHK",
    "initial_separation": 17.65767004,
    "initial_orbital_frequency": 0.01262345,
    "initial_adot": -3.18574e-05,
    "object1": "bh",
    "object2": "bh",
    "initial_ADM_energy": 0.9936371775201098,
    "initial_ADM_linear_momentum": [
        3.1486699e-09,
        2.05834257e-08,
        6.624e-13
    ],
    "initial_ADM_angular_momentum": [
        6.61211e-11,
        5.7034e-12,
        1.1774347281973139
    ],
    "initial_mass1": 0.5000000591223271,
    "initial_mass2": 0.500000082663637,
    "initial_dimensionless_spin1": [
        1.0319e-12,
        3.6529e-12,
        1.64474399e-08
    ],
    "initial_dimensionless_spin2": [
        4.21428e-11,
        -8.732e-13,
        7.0499669e-09
    ],
    "initial_position1": [
        8.828835182226547,
        -2.24325335e-08,
        5.67569241e-08
    ],
    "initial_position2": [
        -8.828834857773453,
        -2.24325335e-08,
        5.67569241e-08
    ],
    "relaxation_time": 340.0,
    "reference_time": 340.0,
    "reference_mass1": 0.499999906413,
    "reference_mass2": 0.499999931422,
    "reference_dimensionless_spin1": [
        2.50191061699e-09,
        -1.10720964e-09,
        1.08359220018e-06
    ],
    "reference_dimensionless_spin2": [
        -2.4544696662e-09,
        9.33332336391e-10,
        1.0823136045e-06
    ],
    "reference_position1": [
        -3.86783681513,
        -8.26711378622,
        -8.34991162834e-08
    ],
    "reference_position2": [
        3.86783972699,
        8.26712784753,
        -8.35257955436e-08
    ],
    "reference_orbital_frequency": [
        -2.49888497447e-13,
        1.37100464073e-13,
        0.0125114268673
    ],
    "reference_eccentricity": 0.0036043,
    "reference_mean_anomaly": 3.371942,
    "common_horizon_time": 8943.23388204,
    "number_of_orbits": 27.061740361,
    "remnant_mass": 0.951608270439,
    "remnant_dimensionless_spin": [
        3.97547716521e-11,
        5.55191317671e-11,
        0.686444673114
    ],
    "remnant_velocity": [
        5.92512876685e-09,
        2.35938159563e-08,
        3.37859861281e-08
    ],
    "metadata_version": 1,
    "spec_revisions": "InitialCommit-31500-g7d82535c55",
    "spells_revision": "7d82535c55b37e5d835b6dc3c72414cd73f02304",
    "date_postprocessing": "2021-05-25T13:15:50-07:00",
    "date_run_earliest": "2021-04-18T18:29:43",
    "date_run_latest": "2021-05-08T14:08:01",
    "date_link_earliest": "2021-04-14T20:34:04-07:00"
}