{
    "simulation_name": "041/Lev2",
    "alternative_names": [
        "BFI:Ecc1dSur_rerun:041",
        "SXS:BBH:2610"
    ],
    "keywords": [],
    "point_of_contact_email": "sfield@astro.cornell.edu",
    "authors_emails": [],
    "simulation_bibtex_keys": [
        "SXSCatalog",
        "Islam:2021mha"
    ],
    "code_bibtex_keys": [
        "Ossokine:2013zga",
        "Hemberger:2012jz",
        "Szilagyi:2009qz",
        "Boyle:2009vi",
        "Scheel:2008rj",
        "Boyle:2007ft",
        "Scheel:2006gg",
        "Lindblom:2005qh",
        "Pfeiffer:2002wt",
        "SpECwebsite"
    ],
    "initial_data_bibtex_keys": [
        "Buchman:2012dw",
        "Lovelace:2008tw",
        "Pfeiffer:2007yz",
        "Caudill:2006hw",
        "Cook:2004kt"
    ],
    "quasicircular_bibtex_keys": [
        "Mroue:2012kv",
        "Buonanno:2010yk",
        "Mroue:2010re",
        "Boyle:2007ft"
    ],
    "initial_data_type": "BBH_SHK",
    "initial_separation": 20.1660156177,
    "initial_orbital_frequency": 0.00971216865435,
    "initial_adot": -0.00242163896135,
    "object1": "bh",
    "object2": "bh",
    "initial_ADM_energy": 0.9938768987823039,
    "initial_ADM_linear_momentum": [
        -4.379103e-10,
        8.2221836e-09,
        -3.499276e-10
    ],
    "initial_ADM_angular_momentum": [
        -2.501996e-09,
        -3.7703889e-09,
        1.1584270949621194
    ],
    "initial_mass1": 0.499999987148129,
    "initial_mass2": 0.4999999871158781,
    "initial_dimensionless_spin1": [
        3.0687921e-09,
        2.8855441e-09,
        1.42470281e-08
    ],
    "initial_dimensionless_spin2": [
        -2.4032444e-08,
        -2.90062602e-08,
        2.48127314e-08
    ],
    "initial_position1": [
        10.083008176709658,
        -7.34446362e-08,
        4.83941225e-08
    ],
    "initial_position2": [
        -10.083007440990343,
        -7.34446362e-08,
        4.83941225e-08
    ],
    "relaxation_time": 260.0,
    "reference_time": 260.0,
    "reference_mass1": 0.500000059314,
    "reference_mass2": 0.500000055917,
    "reference_dimensionless_spin1": [
        4.39256049393e-09,
        8.98603743264e-09,
        -1.89844291922e-06
    ],
    "reference_dimensionless_spin2": [
        -8.91137694619e-09,
        -2.18397104956e-08,
        -1.92159729232e-06
    ],
    "reference_position1": [
        -2.69180499865,
        -7.87044950227,
        7.13713152845e-08
    ],
    "reference_position2": [
        2.69180722393,
        7.87045283698,
        6.7697437709e-08
    ],
    "reference_orbital_frequency": [
        -1.55392642989e-11,
        8.73705993875e-12,
        0.0146634809982
    ],
    "reference_eccentricity": "<6.1e-01",
    "reference_mean_anomaly": 0.927251,
    "common_horizon_time": 7461.73866859,
    "number_of_orbits": 23.0386522992,
    "remnant_mass": 0.951665797426,
    "remnant_dimensionless_spin": [
        -2.12111864239e-09,
        -2.37325994522e-09,
        0.684883257451
    ],
    "remnant_velocity": [
        3.37039725087e-09,
        6.29907077721e-09,
        3.73963270227e-08
    ],
    "metadata_version": 1,
    "spec_revisions": "InitialCommit-31500-g7d82535c55",
    "spells_revision": "7d82535c55b37e5d835b6dc3c72414cd73f02304",
    "date_postprocessing": "2021-05-25T13:15:50-07:00",
    "date_run_earliest": "2021-04-19T10:11:38",
    "date_run_latest": "2021-04-24T13:44:42",
    "date_link_earliest": "2021-04-14T20:34:04-07:00"
}