{
    "simulation_name": "047/Lev2",
    "alternative_names": [
        "BFI:Ecc1dSur_rerun:047",
        "SXS:BBH:2616"
    ],
    "keywords": [],
    "point_of_contact_email": "sfield@astro.cornell.edu",
    "authors_emails": [],
    "simulation_bibtex_keys": [
        "SXSCatalog",
        "Islam:2021mha"
    ],
    "code_bibtex_keys": [
        "Ossokine:2013zga",
        "Hemberger:2012jz",
        "Szilagyi:2009qz",
        "Boyle:2009vi",
        "Scheel:2008rj",
        "Boyle:2007ft",
        "Scheel:2006gg",
        "Lindblom:2005qh",
        "Pfeiffer:2002wt",
        "SpECwebsite"
    ],
    "initial_data_bibtex_keys": [
        "Buchman:2012dw",
        "Lovelace:2008tw",
        "Pfeiffer:2007yz",
        "Caudill:2006hw",
        "Cook:2004kt"
    ],
    "quasicircular_bibtex_keys": [
        "Mroue:2012kv",
        "Buonanno:2010yk",
        "Mroue:2010re",
        "Boyle:2007ft"
    ],
    "initial_data_type": "BBH_SHK",
    "initial_separation": 23.726447,
    "initial_orbital_frequency": 0.00737632,
    "initial_adot": -6e-16,
    "object1": "bh",
    "object2": "bh",
    "initial_ADM_energy": 0.9940390981885049,
    "initial_ADM_linear_momentum": [
        -1.5044481e-09,
        -5.6049647e-09,
        -1.93855e-11
    ],
    "initial_ADM_angular_momentum": [
        -7.60307e-11,
        1.440144e-10,
        1.1843336492969374
    ],
    "initial_mass1": 0.5000000061245086,
    "initial_mass2": 0.5000000062166707,
    "initial_dimensionless_spin1": [
        1.4e-15,
        -4e-16,
        -5.57829e-11
    ],
    "initial_dimensionless_spin2": [
        -1.8e-15,
        9.1e-15,
        -1.09225e-11
    ],
    "initial_position1": [
        11.863223657300463,
        -5.34733128e-08,
        6.2582694e-09
    ],
    "initial_position2": [
        -11.863223342699538,
        -5.34733128e-08,
        6.2582694e-09
    ],
    "relaxation_time": 290.0,
    "reference_time": 290.0,
    "reference_mass1": 0.49999927115,
    "reference_mass2": 0.499999252538,
    "reference_dimensionless_spin1": [
        -1.33920382004e-09,
        4.35714363807e-10,
        1.48921229094e-06
    ],
    "reference_dimensionless_spin2": [
        1.36931591735e-09,
        1.84603005758e-09,
        1.43477088287e-06
    ],
    "reference_position1": [
        -7.72761628948,
        0.73061564497,
        1.95681239677e-08
    ],
    "reference_position2": [
        7.72761249381,
        -0.730617590048,
        3.16761756025e-08
    ],
    "reference_orbital_frequency": [
        -1.01650863671e-11,
        3.56000266418e-11,
        0.0172714557064
    ],
    "reference_eccentricity": "<1.5e+00",
    "reference_mean_anomaly": 1.159756,
    "common_horizon_time": 9508.13827873,
    "number_of_orbits": 27.2924237044,
    "remnant_mass": 0.951883190575,
    "remnant_dimensionless_spin": [
        -6.96390679127e-10,
        1.51950531389e-09,
        0.68721026182
    ],
    "remnant_velocity": [
        -1.19930998517e-08,
        -8.86966646067e-10,
        4.29903437554e-08
    ],
    "metadata_version": 1,
    "spec_revisions": "InitialCommit-31500-g7d82535c55",
    "spells_revision": "7d82535c55b37e5d835b6dc3c72414cd73f02304",
    "date_postprocessing": "2021-05-25T13:15:50-07:00",
    "date_run_earliest": "2021-04-19T06:24:32",
    "date_run_latest": "2021-04-25T19:17:43",
    "date_link_earliest": "2021-04-14T20:34:04-07:00"
}