{
    "simulation_name": "46/Lev1",
    "alternative_names": "BFI:SurveyMeanAno_v2:46",
    "keywords": [],
    "point_of_contact_email": "peter.nee@aei.mpg.de",
    "authors_emails": [],
    "simulation_bibtex_keys": "SXSCatalog",
    "code_bibtex_keys": [
        "Ossokine:2013zga",
        "Hemberger:2012jz",
        "Szilagyi:2009qz",
        "Boyle:2009vi",
        "Scheel:2008rj",
        "Boyle:2007ft",
        "Scheel:2006gg",
        "Lindblom:2005qh",
        "Pfeiffer:2002wt",
        "SpECwebsite"
    ],
    "initial_data_bibtex_keys": [
        "Buchman:2012dw",
        "Lovelace:2008tw",
        "Pfeiffer:2007yz",
        "Caudill:2006hw",
        "Cook:2004kt"
    ],
    "quasicircular_bibtex_keys": [
        "Mroue:2012kv",
        "Buonanno:2010yk",
        "Mroue:2010re",
        "Boyle:2007ft"
    ],
    "initial_data_type": "BBH_SKS",
    "initial_separation": 35.02800626,
    "initial_orbital_frequency": 0.0032389,
    "initial_adot": 1.21e-06,
    "object1": "bh",
    "object2": "bh",
    "initial_ADM_energy": 0.9954982735141195,
    "initial_ADM_linear_momentum": [
        -2.54705143e-07,
        -1.0386981763e-06,
        2.26462e-11
    ],
    "initial_ADM_angular_momentum": [
        -5.56336e-11,
        -2.5911e-11,
        1.4546883064628109
    ],
    "initial_mass1": 0.6666666489366426,
    "initial_mass2": 0.3333333466960228,
    "initial_dimensionless_spin1": [
        3.953e-13,
        -2.407e-13,
        0.7999999400040074
    ],
    "initial_dimensionless_spin2": [
        -6.963e-13,
        4.173e-13,
        0.7999999525263529
    ],
    "initial_position1": [
        11.654516359877071,
        0.0131843714157089,
        -1.62547077e-08
    ],
    "initial_position2": [
        -23.373489900122927,
        0.0131843714157089,
        -1.62547077e-08
    ],
    "relaxation_time": 570.0,
    "reference_time": 570.0,
    "reference_mass1": 0.6666679380667491,
    "reference_mass2": 0.3333441773174054,
    "reference_dimensionless_spin1": [
        -2.6164889329019455e-09,
        -1.0727323513264634e-07,
        0.7999957088525604
    ],
    "reference_dimensionless_spin2": [
        -3.202239529298859e-09,
        -2.0842502450492025e-08,
        0.7999544694065649
    ],
    "reference_position1": [
        7.980330952140881,
        -0.7026137975896325,
        2.330829282519509e-06
    ],
    "reference_position2": [
        -16.013236038378217,
        1.3918746872742287,
        3.0417611500185e-06
    ],
    "reference_orbital_frequency": [
        1.4806029349735083e-10,
        -6.904384699291199e-10,
        0.0070310675663238075
    ],
    "reference_eccentricity": "<9.6e+00",
    "reference_mean_anomaly": 3.076814,
    "common_horizon_time": 11523.612253646339,
    "number_of_orbits": 31.80199527762667,
    "remnant_mass": 0.9250307469414105,
    "remnant_dimensionless_spin": [
        3.623785361339265e-08,
        -1.109129535108156e-07,
        0.9015120320237524
    ],
    "remnant_velocity": [
        -3.516054898959076e-05,
        -3.476728939330782e-05,
        -2.6181744318027067e-08
    ],
    "metadata_version": 1,
    "spec_revisions": "InitialCommit-32542-g5a7ca5896e",
    "spells_revision": "5a7ca5896e65b8bba5a4841c4b37f99431d3e420",
    "date_postprocessing": "2024-07-28T04:49:05.805310-07:00",
    "date_run_earliest": "2024-06-16T19:36:15",
    "date_run_latest": "2024-07-05T19:12:03",
    "date_link_earliest": "2024-05-27T11:24:22+02:00"
}