{
    "simulation_name": "017/Lev3",
    "alternative_names": [
        "BFI:Ecc1dSur_rerun:017",
        "SXS:BBH:2586"
    ],
    "keywords": [],
    "point_of_contact_email": "sfield@astro.cornell.edu",
    "authors_emails": [],
    "simulation_bibtex_keys": [
        "SXSCatalog",
        "Islam:2021mha"
    ],
    "code_bibtex_keys": [
        "Ossokine:2013zga",
        "Hemberger:2012jz",
        "Szilagyi:2009qz",
        "Boyle:2009vi",
        "Scheel:2008rj",
        "Boyle:2007ft",
        "Scheel:2006gg",
        "Lindblom:2005qh",
        "Pfeiffer:2002wt",
        "SpECwebsite"
    ],
    "initial_data_bibtex_keys": [
        "Buchman:2012dw",
        "Lovelace:2008tw",
        "Pfeiffer:2007yz",
        "Caudill:2006hw",
        "Cook:2004kt"
    ],
    "quasicircular_bibtex_keys": [
        "Mroue:2012kv",
        "Buonanno:2010yk",
        "Mroue:2010re",
        "Boyle:2007ft"
    ],
    "initial_data_type": "BBH_SHK",
    "initial_separation": 14.93222754,
    "initial_orbital_frequency": 0.01676296,
    "initial_adot": -0.000489702,
    "object1": "bh",
    "object2": "bh",
    "initial_ADM_energy": 0.9934902856364379,
    "initial_ADM_linear_momentum": [
        -8.046637e-10,
        -4.5171901e-09,
        6.22712e-11
    ],
    "initial_ADM_angular_momentum": [
        5.76991e-11,
        -3.85618e-11,
        1.1573211106457726
    ],
    "initial_mass1": 0.499999983469322,
    "initial_mass2": 0.499999978143683,
    "initial_dimensionless_spin1": [
        -3.095259e-10,
        -5.488388e-10,
        -2.36043558e-08
    ],
    "initial_dimensionless_spin2": [
        5.02983e-11,
        9.48673e-11,
        -3.3213981e-08
    ],
    "initial_position1": [
        7.466113935733605,
        -1.216186064e-07,
        1.119737e-10
    ],
    "initial_position2": [
        -7.466113604266394,
        -1.216186064e-07,
        1.119737e-10
    ],
    "relaxation_time": 390.0,
    "reference_time": 390.0,
    "reference_mass1": 0.499999293856,
    "reference_mass2": 0.499999289649,
    "reference_dimensionless_spin1": [
        7.13359105427e-10,
        -1.14147424731e-09,
        3.00038688635e-06
    ],
    "reference_dimensionless_spin2": [
        -9.35763850131e-10,
        8.72315983033e-10,
        2.95094548817e-06
    ],
    "reference_position1": [
        2.77232442009,
        -9.20161055634,
        -2.50859421714e-07
    ],
    "reference_position2": [
        -2.77233023346,
        9.2016002985,
        -2.52375975068e-07
    ],
    "reference_orbital_frequency": [
        -1.50153362905e-12,
        4.64210869959e-13,
        0.0111228898784
    ],
    "reference_eccentricity": 0.1003789,
    "reference_mean_anomaly": 3.892579,
    "common_horizon_time": 7473.54490903,
    "number_of_orbits": 23.8433845075,
    "remnant_mass": 0.951569453862,
    "remnant_dimensionless_spin": [
        4.04111765989e-10,
        4.20945951431e-10,
        0.685763662364
    ],
    "remnant_velocity": [
        -1.14319243803e-08,
        -1.87744550015e-08,
        6.11048933416e-08
    ],
    "metadata_version": 1,
    "spec_revisions": "InitialCommit-31500-g7d82535c55",
    "spells_revision": "7d82535c55b37e5d835b6dc3c72414cd73f02304",
    "date_postprocessing": "2021-05-25T13:15:50-07:00",
    "date_run_earliest": "2021-04-18T18:26:38",
    "date_run_latest": "2021-04-22T15:15:08",
    "date_link_earliest": "2021-04-14T20:34:04-07:00"
}