{
    "simulation_name": "001/Lev3",
    "alternative_names": [
        "BFI:Ecc1dSur_rerun:001",
        "SXS:BBH:2570"
    ],
    "keywords": [],
    "point_of_contact_email": "sfield@astro.cornell.edu",
    "authors_emails": [],
    "simulation_bibtex_keys": [
        "SXSCatalog",
        "Islam:2021mha"
    ],
    "code_bibtex_keys": [
        "Ossokine:2013zga",
        "Hemberger:2012jz",
        "Szilagyi:2009qz",
        "Boyle:2009vi",
        "Scheel:2008rj",
        "Boyle:2007ft",
        "Scheel:2006gg",
        "Lindblom:2005qh",
        "Pfeiffer:2002wt",
        "SpECwebsite"
    ],
    "initial_data_bibtex_keys": [
        "Buchman:2012dw",
        "Lovelace:2008tw",
        "Pfeiffer:2007yz",
        "Caudill:2006hw",
        "Cook:2004kt"
    ],
    "quasicircular_bibtex_keys": [
        "Mroue:2012kv",
        "Buonanno:2010yk",
        "Mroue:2010re",
        "Boyle:2007ft"
    ],
    "initial_data_type": "BBH_SHK",
    "initial_separation": 17.39287751,
    "initial_orbital_frequency": 0.01297066,
    "initial_adot": -3.30644e-05,
    "object1": "bh",
    "object2": "bh",
    "initial_ADM_energy": 0.9936360674443226,
    "initial_ADM_linear_momentum": [
        3.0634414e-09,
        1.24025395e-08,
        2.329e-13
    ],
    "initial_ADM_angular_momentum": [
        2.3086137e-09,
        1.2002253e-09,
        1.1771528780543385
    ],
    "initial_mass1": 0.5000000863915285,
    "initial_mass2": 0.5000001141007326,
    "initial_dimensionless_spin1": [
        7.5503092e-09,
        4.268336e-09,
        -2.44452237e-08
    ],
    "initial_dimensionless_spin2": [
        -1.97774e-11,
        -6.9711e-12,
        1.04571786e-08
    ],
    "initial_position1": [
        8.6964384516935,
        2.092459495e-07,
        1.008109623e-07
    ],
    "initial_position2": [
        -8.696439058306503,
        2.092459495e-07,
        1.008109623e-07
    ],
    "relaxation_time": 340.0,
    "reference_time": 340.0,
    "reference_mass1": 0.499999933037,
    "reference_mass2": 0.499999958333,
    "reference_dimensionless_spin1": [
        1.3140232641e-08,
        1.00650249969e-08,
        1.07740190986e-06
    ],
    "reference_dimensionless_spin2": [
        -6.49396732196e-10,
        8.88339995102e-10,
        1.10636909107e-06
    ],
    "reference_position1": [
        -3.99321925078,
        -8.32873362389,
        -2.7267597436e-08
    ],
    "reference_position2": [
        3.99321856959,
        8.32874179549,
        -2.21318691306e-08
    ],
    "reference_orbital_frequency": [
        3.8028328863e-12,
        -5.59174058122e-12,
        0.0122228414671
    ],
    "reference_eccentricity": 0.0163745,
    "reference_mean_anomaly": 3.481693,
    "common_horizon_time": 8921.85416535,
    "number_of_orbits": 27.015979971,
    "remnant_mass": 0.951594646573,
    "remnant_dimensionless_spin": [
        1.63243299712e-09,
        6.15495836524e-10,
        0.686498453161
    ],
    "remnant_velocity": [
        -1.04014880499e-09,
        1.25354186754e-08,
        3.44503109128e-08
    ],
    "metadata_version": 1,
    "spec_revisions": "InitialCommit-31500-g7d82535c55",
    "spells_revision": "7d82535c55b37e5d835b6dc3c72414cd73f02304",
    "date_postprocessing": "2021-05-25T13:15:50-07:00",
    "date_run_earliest": "2021-04-18T18:26:41",
    "date_run_latest": "2021-04-26T22:54:21",
    "date_link_earliest": "2021-04-14T20:34:04-07:00"
}