{
    "simulation_name": "16/Lev3",
    "alternative_names": "BFI:SurveyMeanAno_v2:16",
    "keywords": [],
    "point_of_contact_email": "peter.nee@aei.mpg.de",
    "authors_emails": [],
    "simulation_bibtex_keys": "SXSCatalog",
    "code_bibtex_keys": [
        "Ossokine:2013zga",
        "Hemberger:2012jz",
        "Szilagyi:2009qz",
        "Boyle:2009vi",
        "Scheel:2008rj",
        "Boyle:2007ft",
        "Scheel:2006gg",
        "Lindblom:2005qh",
        "Pfeiffer:2002wt",
        "SpECwebsite"
    ],
    "initial_data_bibtex_keys": [
        "Buchman:2012dw",
        "Lovelace:2008tw",
        "Pfeiffer:2007yz",
        "Caudill:2006hw",
        "Cook:2004kt"
    ],
    "quasicircular_bibtex_keys": [
        "Mroue:2012kv",
        "Buonanno:2010yk",
        "Mroue:2010re",
        "Boyle:2007ft"
    ],
    "initial_data_type": "BBH_SKS",
    "initial_separation": 37.08861692,
    "initial_orbital_frequency": 0.00317072,
    "initial_adot": 2.24e-06,
    "object1": "bh",
    "object2": "bh",
    "initial_ADM_energy": 0.9957609712408144,
    "initial_ADM_linear_momentum": [
        7.06180479e-08,
        6.416562694e-07,
        2.0403443e-09
    ],
    "initial_ADM_angular_momentum": [
        -1.218952e-10,
        2.64596e-11,
        1.05702445943834
    ],
    "initial_mass1": 0.6666666490485026,
    "initial_mass2": 0.3333333268620797,
    "initial_dimensionless_spin1": [
        -1.827e-12,
        -2.727e-13,
        -6.729705e-10
    ],
    "initial_dimensionless_spin2": [
        5.01673e-11,
        2.020176e-10,
        1.93419384e-08
    ],
    "initial_position1": [
        12.349317201248056,
        0.0117079317329868,
        1.752179044e-06
    ],
    "initial_position2": [
        -24.739299718751944,
        0.0117079317329868,
        1.752179044e-06
    ],
    "relaxation_time": 160.0,
    "reference_time": 160.0,
    "reference_mass1": 0.666669373135533,
    "reference_mass2": 0.33333193933314503,
    "reference_dimensionless_spin1": [
        1.6751987171359033e-08,
        -7.67518744470412e-08,
        -4.719842445452107e-06
    ],
    "reference_dimensionless_spin2": [
        -1.4749920609635314e-09,
        -2.5495719099800244e-09,
        8.984868860091742e-07
    ],
    "reference_position1": [
        9.574237146729207,
        5.703079921255908,
        1.0747149548250248e-06
    ],
    "reference_position2": [
        -19.21249477877614,
        -11.511593048242412,
        2.0165327306986552e-06
    ],
    "reference_orbital_frequency": [
        -7.550886942229678e-11,
        3.3813804413363844e-10,
        0.003872598670019272
    ],
    "reference_eccentricity": "<7.6e+00",
    "reference_mean_anomaly": 5.319974,
    "common_horizon_time": 11407.254843239552,
    "number_of_orbits": 27.77028353119392,
    "remnant_mass": 0.9609256635425651,
    "remnant_dimensionless_spin": [
        2.8291256001106325e-08,
        8.616339319135535e-09,
        0.6259249570966541
    ],
    "remnant_velocity": [
        -0.0004336994943475394,
        -0.0002564108931618896,
        -4.2014120208086015e-09
    ],
    "metadata_version": 1,
    "spec_revisions": [
        "InitialCommit-32539-g3b7a5a1097",
        "InitialCommit-32542-g5a7ca5896e"
    ],
    "spells_revision": "3b7a5a10976001a860eb62560a02d73ffa9ba537",
    "date_postprocessing": "2024-05-28T05:56:07.106253-07:00",
    "date_run_earliest": "2024-03-18T22:20:09",
    "date_run_latest": "2024-03-30T11:53:15",
    "date_link_earliest": "2024-03-08T09:40:29+01:00"
}