{
    "simulation_name": "73/Lev2",
    "alternative_names": "BFI:SurveyMeanAno_v2:73",
    "keywords": [],
    "point_of_contact_email": "peter.nee@aei.mpg.de",
    "authors_emails": [],
    "simulation_bibtex_keys": "SXSCatalog",
    "code_bibtex_keys": [
        "Ossokine:2013zga",
        "Hemberger:2012jz",
        "Szilagyi:2009qz",
        "Boyle:2009vi",
        "Scheel:2008rj",
        "Boyle:2007ft",
        "Scheel:2006gg",
        "Lindblom:2005qh",
        "Pfeiffer:2002wt",
        "SpECwebsite"
    ],
    "initial_data_bibtex_keys": [
        "Buchman:2012dw",
        "Lovelace:2008tw",
        "Pfeiffer:2007yz",
        "Caudill:2006hw",
        "Cook:2004kt"
    ],
    "quasicircular_bibtex_keys": [
        "Mroue:2012kv",
        "Buonanno:2010yk",
        "Mroue:2010re",
        "Boyle:2007ft"
    ],
    "initial_data_type": "BBH_SKS",
    "initial_separation": 21.72072388,
    "initial_orbital_frequency": 0.00881791,
    "initial_adot": -1.867e-05,
    "object1": "bh",
    "object2": "bh",
    "initial_ADM_energy": 0.9940553460428547,
    "initial_ADM_linear_momentum": [
        4.42881334e-08,
        3.24199223e-08,
        -4.27905e-11
    ],
    "initial_ADM_angular_momentum": [
        -1.5305e-11,
        -1.421e-11,
        1.2056397390360412
    ],
    "initial_mass1": 0.5000000128443265,
    "initial_mass2": 0.5000000474832369,
    "initial_dimensionless_spin1": [
        -1.8202e-12,
        1.4714e-12,
        -6.0937239e-09
    ],
    "initial_dimensionless_spin2": [
        -2.9832e-12,
        1.1142e-12,
        -1.02935364e-08
    ],
    "initial_position1": [
        10.860364407776776,
        -2.9095989496e-06,
        -4.2602e-12
    ],
    "initial_position2": [
        -10.860359472223225,
        -2.9095989496e-06,
        -4.2602e-12
    ],
    "relaxation_time": 320.0,
    "reference_time": 320.0,
    "reference_mass1": 0.49999034737007997,
    "reference_mass2": 0.499990477414498,
    "reference_dimensionless_spin1": [
        3.9121627290801606e-08,
        -1.1166678750965457e-07,
        1.9501474157956976e-06
    ],
    "reference_dimensionless_spin2": [
        -4.1068092158725805e-08,
        1.0499964331139872e-07,
        1.9654973394592035e-06
    ],
    "reference_position1": [
        -7.87693568394902,
        -3.4467490429881695,
        9.628791155822616e-06
    ],
    "reference_position2": [
        7.876960888736894,
        3.446765671472383,
        9.642615139639381e-06
    ],
    "reference_orbital_frequency": [
        -6.931231568709524e-12,
        -1.3034706778997738e-11,
        0.01439880506754408
    ],
    "reference_eccentricity": 0.1685367,
    "reference_mean_anomaly": 0.110078,
    "common_horizon_time": 11378.846315805766,
    "number_of_orbits": 31.364446525577588,
    "remnant_mass": 0.9514622589923136,
    "remnant_dimensionless_spin": [
        5.454923587370481e-09,
        -5.726467095285812e-09,
        0.6863456325243477
    ],
    "remnant_velocity": [
        1.7697074488581892e-08,
        4.4440536774761315e-08,
        5.384533549941501e-08
    ],
    "metadata_version": 1,
    "spec_revisions": "InitialCommit-32545-g3451778783",
    "spells_revision": "34517787835178f186435e8ebafe310ad2a3bfc5",
    "date_postprocessing": "2024-07-30T09:45:35.627897-07:00",
    "date_run_earliest": "2024-07-11T05:36:32",
    "date_run_latest": "2024-07-28T16:32:07",
    "date_link_earliest": "2024-07-07T12:46:27+02:00"
}