{
    "simulation_name": "018/Lev3",
    "alternative_names": [
        "BFI:Ecc1dSur_rerun:018",
        "SXS:BBH:2587"
    ],
    "keywords": [],
    "point_of_contact_email": "sfield@astro.cornell.edu",
    "authors_emails": [],
    "simulation_bibtex_keys": [
        "SXSCatalog",
        "Islam:2021mha"
    ],
    "code_bibtex_keys": [
        "Ossokine:2013zga",
        "Hemberger:2012jz",
        "Szilagyi:2009qz",
        "Boyle:2009vi",
        "Scheel:2008rj",
        "Boyle:2007ft",
        "Scheel:2006gg",
        "Lindblom:2005qh",
        "Pfeiffer:2002wt",
        "SpECwebsite"
    ],
    "initial_data_bibtex_keys": [
        "Buchman:2012dw",
        "Lovelace:2008tw",
        "Pfeiffer:2007yz",
        "Caudill:2006hw",
        "Cook:2004kt"
    ],
    "quasicircular_bibtex_keys": [
        "Mroue:2012kv",
        "Buonanno:2010yk",
        "Mroue:2010re",
        "Boyle:2007ft"
    ],
    "initial_data_type": "BBH_SHK",
    "initial_separation": 18.08289492,
    "initial_orbital_frequency": 0.01208783,
    "initial_adot": 0.00144423,
    "object1": "bh",
    "object2": "bh",
    "initial_ADM_energy": 0.9937087123835261,
    "initial_ADM_linear_momentum": [
        -3.9748289e-09,
        -1.29450455e-08,
        -2.16598e-10
    ],
    "initial_ADM_angular_momentum": [
        -1.2966e-12,
        1.284326e-10,
        1.1748785979298317
    ],
    "initial_mass1": 0.4999999322698189,
    "initial_mass2": 0.4999999430940519,
    "initial_dimensionless_spin1": [
        -3.2085e-12,
        -5.1954e-12,
        -3.47136618e-08
    ],
    "initial_dimensionless_spin2": [
        3.636783e-10,
        4.633027e-10,
        1.772390624e-07
    ],
    "initial_position1": [
        9.041447149741106,
        6.38269531e-08,
        9.60214577e-08
    ],
    "initial_position2": [
        -9.041447770258895,
        6.38269531e-08,
        9.60214577e-08
    ],
    "relaxation_time": 420.0,
    "reference_time": 420.0,
    "reference_mass1": 0.500000176575,
    "reference_mass2": 0.50000018377,
    "reference_dimensionless_spin1": [
        -1.02417540988e-10,
        1.08248400583e-10,
        -7.36373053922e-08
    ],
    "reference_dimensionless_spin2": [
        1.1575193472e-10,
        -1.77307073852e-10,
        -1.13081129776e-07
    ],
    "reference_position1": [
        0.0354249529117,
        -8.14728942618,
        2.10438443619e-07
    ],
    "reference_position2": [
        -0.0354256354502,
        8.14727609345,
        2.08663066322e-07
    ],
    "reference_orbital_frequency": [
        8.09225923291e-13,
        1.70056818294e-12,
        0.0155756669838
    ],
    "reference_eccentricity": 0.1421649,
    "reference_mean_anomaly": 5.818202,
    "common_horizon_time": 8805.6025278,
    "number_of_orbits": 26.4574368083,
    "remnant_mass": 0.951678406824,
    "remnant_dimensionless_spin": [
        6.41197402325e-10,
        -3.40811898378e-10,
        0.687096051393
    ],
    "remnant_velocity": [
        5.11489909394e-09,
        -1.6126426581e-08,
        2.19637150418e-08
    ],
    "metadata_version": 1,
    "spec_revisions": "InitialCommit-31500-g7d82535c55",
    "spells_revision": "7d82535c55b37e5d835b6dc3c72414cd73f02304",
    "date_postprocessing": "2021-05-25T13:15:50-07:00",
    "date_run_earliest": "2021-04-18T18:27:14",
    "date_run_latest": "2021-04-27T18:22:40",
    "date_link_earliest": "2021-04-14T20:34:04-07:00"
}