{
    "simulation_name": "028/Lev3",
    "alternative_names": [
        "BFI:Ecc1dSur_rerun:028",
        "SXS:BBH:2597"
    ],
    "keywords": [],
    "point_of_contact_email": "sfield@astro.cornell.edu",
    "authors_emails": [],
    "simulation_bibtex_keys": [
        "SXSCatalog",
        "Islam:2021mha"
    ],
    "code_bibtex_keys": [
        "Ossokine:2013zga",
        "Hemberger:2012jz",
        "Szilagyi:2009qz",
        "Boyle:2009vi",
        "Scheel:2008rj",
        "Boyle:2007ft",
        "Scheel:2006gg",
        "Lindblom:2005qh",
        "Pfeiffer:2002wt",
        "SpECwebsite"
    ],
    "initial_data_bibtex_keys": [
        "Buchman:2012dw",
        "Lovelace:2008tw",
        "Pfeiffer:2007yz",
        "Caudill:2006hw",
        "Cook:2004kt"
    ],
    "quasicircular_bibtex_keys": [
        "Mroue:2012kv",
        "Buonanno:2010yk",
        "Mroue:2010re",
        "Boyle:2007ft"
    ],
    "initial_data_type": "BBH_SHK",
    "initial_separation": 18.82961466,
    "initial_orbital_frequency": 0.01107534,
    "initial_adot": -0.00158653,
    "object1": "bh",
    "object2": "bh",
    "initial_ADM_energy": 0.9936323858796436,
    "initial_ADM_linear_momentum": [
        -1.249367e-10,
        -4.2864213e-09,
        8.67562e-11
    ],
    "initial_ADM_angular_momentum": [
        -6.719005e-10,
        -5.963097e-10,
        1.1636165313789746
    ],
    "initial_mass1": 0.5000000396759555,
    "initial_mass2": 0.500000042692959,
    "initial_dimensionless_spin1": [
        1.106569e-10,
        1.457473e-10,
        4.4177462e-09
    ],
    "initial_dimensionless_spin2": [
        -1.4004059e-09,
        -1.9813594e-09,
        1.37826353e-08
    ],
    "initial_position1": [
        9.414806910152684,
        9.47882342e-08,
        -5.03452837e-08
    ],
    "initial_position2": [
        -9.414807749847316,
        9.47882342e-08,
        -5.03452837e-08
    ],
    "relaxation_time": 380.0,
    "reference_time": 380.0,
    "reference_mass1": 0.499999662628,
    "reference_mass2": 0.499999677323,
    "reference_dimensionless_spin1": [
        -6.33742714588e-11,
        2.23072710348e-10,
        1.23856165999e-06
    ],
    "reference_dimensionless_spin2": [
        -1.88794523187e-09,
        -4.78103819964e-09,
        1.21771349412e-06
    ],
    "reference_position1": [
        6.93826170871,
        -7.18964504066,
        1.29442275155e-07
    ],
    "reference_position2": [
        -6.93826202678,
        7.18964018454,
        1.27246192107e-07
    ],
    "reference_orbital_frequency": [
        -1.01357940115e-12,
        6.00047147818e-13,
        0.0103334924972
    ],
    "reference_eccentricity": 0.202469,
    "reference_mean_anomaly": 2.227945,
    "common_horizon_time": 7858.42573756,
    "number_of_orbits": 24.536795835,
    "remnant_mass": 0.951877444724,
    "remnant_dimensionless_spin": [
        -3.8523076481e-10,
        -2.29498600843e-10,
        0.686337476843
    ],
    "remnant_velocity": [
        2.06054958383e-09,
        -5.08158664946e-09,
        3.82846622852e-08
    ],
    "metadata_version": 1,
    "spec_revisions": "InitialCommit-31500-g7d82535c55",
    "spells_revision": "7d82535c55b37e5d835b6dc3c72414cd73f02304",
    "date_postprocessing": "2021-05-25T13:15:50-07:00",
    "date_run_earliest": "2021-04-18T18:33:20",
    "date_run_latest": "2021-04-25T12:55:43",
    "date_link_earliest": "2021-04-14T20:34:04-07:00"
}