{
    "simulation_name": "75/Lev2",
    "alternative_names": "BFI:SurveyMeanAno_v2:75",
    "keywords": [],
    "point_of_contact_email": "peter.nee@aei.mpg.de",
    "authors_emails": [],
    "simulation_bibtex_keys": "SXSCatalog",
    "code_bibtex_keys": [
        "Ossokine:2013zga",
        "Hemberger:2012jz",
        "Szilagyi:2009qz",
        "Boyle:2009vi",
        "Scheel:2008rj",
        "Boyle:2007ft",
        "Scheel:2006gg",
        "Lindblom:2005qh",
        "Pfeiffer:2002wt",
        "SpECwebsite"
    ],
    "initial_data_bibtex_keys": [
        "Buchman:2012dw",
        "Lovelace:2008tw",
        "Pfeiffer:2007yz",
        "Caudill:2006hw",
        "Cook:2004kt"
    ],
    "quasicircular_bibtex_keys": [
        "Mroue:2012kv",
        "Buonanno:2010yk",
        "Mroue:2010re",
        "Boyle:2007ft"
    ],
    "initial_data_type": "BBH_SKS",
    "initial_separation": 21.7870059,
    "initial_orbital_frequency": 0.0087767,
    "initial_adot": -1.849e-05,
    "object1": "bh",
    "object2": "bh",
    "initial_ADM_energy": 0.99406919322572,
    "initial_ADM_linear_momentum": [
        1.505477118e-07,
        2.278907637e-07,
        -4.10526e-11
    ],
    "initial_ADM_angular_momentum": [
        2.0662e-12,
        9.5271e-12,
        1.2068127879946042
    ],
    "initial_mass1": 0.5000000770343122,
    "initial_mass2": 0.4999999827205646,
    "initial_dimensionless_spin1": [
        -5.8852e-12,
        6.4088e-12,
        -2.37544876e-08
    ],
    "initial_dimensionless_spin2": [
        -1.8584e-12,
        8.299e-13,
        -7.2817338e-09
    ],
    "initial_position1": [
        10.893505069749063,
        -1.22536622405e-05,
        -5.4457798e-08
    ],
    "initial_position2": [
        -10.893500830250938,
        -1.22536622405e-05,
        -5.4457798e-08
    ],
    "relaxation_time": 320.0,
    "reference_time": 320.0,
    "reference_mass1": 0.49999040421215835,
    "reference_mass2": 0.4999904078479857,
    "reference_dimensionless_spin1": [
        5.6332187322298314e-08,
        -8.81433050504641e-08,
        2.019036523093091e-06
    ],
    "reference_dimensionless_spin2": [
        -5.820174977644958e-08,
        8.156489638944378e-08,
        2.0092747466943058e-06
    ],
    "reference_position1": [
        -7.951094590560793,
        -3.319533956270919,
        1.1286487120928021e-05
    ],
    "reference_position2": [
        7.951189519399996,
        3.3196562506562826,
        1.125731194206778e-05
    ],
    "reference_orbital_frequency": [
        2.5102122044960995e-11,
        2.9525343892621955e-12,
        0.014354102709388807
    ],
    "reference_eccentricity": 0.1709599,
    "reference_mean_anomaly": 0.106851,
    "common_horizon_time": 11490.486076687172,
    "number_of_orbits": 31.569594994522813,
    "remnant_mass": 0.951572530540322,
    "remnant_dimensionless_spin": [
        6.145007399298177e-09,
        -4.6024479374151825e-09,
        0.6858819081843394
    ],
    "remnant_velocity": [
        1.1805276035922519e-07,
        2.4904413574700167e-07,
        6.203794321623391e-08
    ],
    "metadata_version": 1,
    "spec_revisions": "InitialCommit-32545-g3451778783",
    "spells_revision": "34517787835178f186435e8ebafe310ad2a3bfc5",
    "date_postprocessing": "2024-07-30T13:26:07.465028-07:00",
    "date_run_earliest": "2024-07-11T03:27:05",
    "date_run_latest": "2024-07-28T16:41:34",
    "date_link_earliest": "2024-07-07T12:46:27+02:00"
}