{
    "simulation_name": "038/Lev3",
    "alternative_names": [
        "BFI:Ecc1dSur_rerun:038",
        "SXS:BBH:2607"
    ],
    "keywords": [],
    "point_of_contact_email": "sfield@astro.cornell.edu",
    "authors_emails": [],
    "simulation_bibtex_keys": [
        "SXSCatalog",
        "Islam:2021mha"
    ],
    "code_bibtex_keys": [
        "Ossokine:2013zga",
        "Hemberger:2012jz",
        "Szilagyi:2009qz",
        "Boyle:2009vi",
        "Scheel:2008rj",
        "Boyle:2007ft",
        "Scheel:2006gg",
        "Lindblom:2005qh",
        "Pfeiffer:2002wt",
        "SpECwebsite"
    ],
    "initial_data_bibtex_keys": [
        "Buchman:2012dw",
        "Lovelace:2008tw",
        "Pfeiffer:2007yz",
        "Caudill:2006hw",
        "Cook:2004kt"
    ],
    "quasicircular_bibtex_keys": [
        "Mroue:2012kv",
        "Buonanno:2010yk",
        "Mroue:2010re",
        "Boyle:2007ft"
    ],
    "initial_data_type": "BBH_SHK",
    "initial_separation": 20.30654024,
    "initial_orbital_frequency": 0.00990929,
    "initial_adot": 0.00243797,
    "object1": "bh",
    "object2": "bh",
    "initial_ADM_energy": 0.9941919655243026,
    "initial_ADM_linear_momentum": [
        -2.8233482e-09,
        -7.2970286e-09,
        5.21967e-11
    ],
    "initial_ADM_angular_momentum": [
        7.218023e-10,
        1.2116223e-09,
        1.1894398263318025
    ],
    "initial_mass1": 0.500000037219655,
    "initial_mass2": 0.5000000404374082,
    "initial_dimensionless_spin1": [
        3.34789e-10,
        3.823439e-10,
        -5.5606769e-09
    ],
    "initial_dimensionless_spin2": [
        3.3117e-12,
        2.14199e-11,
        -1.54055037e-08
    ],
    "initial_position1": [
        10.153269680090737,
        8.15871272e-08,
        4.3782406e-08
    ],
    "initial_position2": [
        -10.153270559909263,
        8.15871272e-08,
        4.3782406e-08
    ],
    "relaxation_time": 450.0,
    "reference_time": 450.0,
    "reference_mass1": 0.500000142371,
    "reference_mass2": 0.50000014246,
    "reference_dimensionless_spin1": [
        4.89199538945e-10,
        3.38492383247e-09,
        -1.22923765467e-06
    ],
    "reference_dimensionless_spin2": [
        1.35139157653e-09,
        -1.67387891971e-10,
        -1.16323458502e-06
    ],
    "reference_position1": [
        -6.53366437411,
        -5.15412853735,
        -1.39805538074e-07
    ],
    "reference_position2": [
        6.53367310197,
        5.15413131022,
        -1.38834184977e-07
    ],
    "reference_orbital_frequency": [
        -1.8190074946e-12,
        8.75981684863e-13,
        0.0151744386471
    ],
    "reference_eccentricity": "<5.0e-01",
    "reference_mean_anomaly": 5.489984,
    "common_horizon_time": 10072.7363733,
    "number_of_orbits": 27.8823297068,
    "remnant_mass": 0.951232586358,
    "remnant_dimensionless_spin": [
        3.39728802849e-10,
        7.93572798143e-10,
        0.686887421319
    ],
    "remnant_velocity": [
        2.60282638397e-08,
        1.45536608526e-08,
        1.94618273553e-08
    ],
    "metadata_version": 1,
    "spec_revisions": "InitialCommit-31500-g7d82535c55",
    "spells_revision": "7d82535c55b37e5d835b6dc3c72414cd73f02304",
    "date_postprocessing": "2021-05-25T13:15:50-07:00",
    "date_run_earliest": "2021-04-15T18:38:44",
    "date_run_latest": "2021-05-09T04:56:33",
    "date_link_earliest": "2021-04-14T20:34:04-07:00"
}