{
    "simulation_name": "17/Lev1",
    "alternative_names": "BFI:SurveyMeanAno_v2:17",
    "keywords": [],
    "point_of_contact_email": "peter.nee@aei.mpg.de",
    "authors_emails": [],
    "simulation_bibtex_keys": "SXSCatalog",
    "code_bibtex_keys": [
        "Ossokine:2013zga",
        "Hemberger:2012jz",
        "Szilagyi:2009qz",
        "Boyle:2009vi",
        "Scheel:2008rj",
        "Boyle:2007ft",
        "Scheel:2006gg",
        "Lindblom:2005qh",
        "Pfeiffer:2002wt",
        "SpECwebsite"
    ],
    "initial_data_bibtex_keys": [
        "Buchman:2012dw",
        "Lovelace:2008tw",
        "Pfeiffer:2007yz",
        "Caudill:2006hw",
        "Cook:2004kt"
    ],
    "quasicircular_bibtex_keys": [
        "Mroue:2012kv",
        "Buonanno:2010yk",
        "Mroue:2010re",
        "Boyle:2007ft"
    ],
    "initial_data_type": "BBH_SKS",
    "initial_separation": 37.22053757,
    "initial_orbital_frequency": 0.00315091,
    "initial_adot": 2.18e-06,
    "object1": "bh",
    "object2": "bh",
    "initial_ADM_energy": 0.9957720786821994,
    "initial_ADM_linear_momentum": [
        -1.90333504e-08,
        -9.7800297e-09,
        7.63775e-11
    ],
    "initial_ADM_angular_momentum": [
        3.785883e-10,
        -1.63088e-11,
        1.0575832858958725
    ],
    "initial_mass1": 0.666666643072505,
    "initial_mass2": 0.3333333334882712,
    "initial_dimensionless_spin1": [
        1.1e-14,
        6.3e-15,
        -3.55092e-11
    ],
    "initial_dimensionless_spin2": [
        -3.41e-14,
        4.1e-14,
        -1.974725e-10
    ],
    "initial_position1": [
        12.393051936535636,
        0.0117210654696609,
        1.26690323e-08
    ],
    "initial_position2": [
        -24.827485633464363,
        0.0117210654696609,
        1.26690323e-08
    ],
    "relaxation_time": 160.0,
    "reference_time": 160.0,
    "reference_mass1": 0.666669801867979,
    "reference_mass2": 0.3333298394393457,
    "reference_dimensionless_spin1": [
        2.1656317137400342e-08,
        -7.48042739005898e-08,
        -4.963875179759189e-06
    ],
    "reference_dimensionless_spin2": [
        -1.5839516051880758e-09,
        -2.6263267182297324e-09,
        2.3987325256469262e-06
    ],
    "reference_position1": [
        9.63619978630333,
        5.692394395678599,
        -1.0312467648127713e-06
    ],
    "reference_position2": [
        -19.338050105248005,
        -11.490581235014014,
        -2.285438235791571e-08
    ],
    "reference_orbital_frequency": [
        -3.211821039492348e-11,
        2.796421889337896e-10,
        0.0038422383301614906
    ],
    "reference_eccentricity": "<7.7e+00",
    "reference_mean_anomaly": 5.283463,
    "common_horizon_time": 11471.87961739285,
    "number_of_orbits": 27.83474306681619,
    "remnant_mass": 0.9607377686684693,
    "remnant_dimensionless_spin": [
        4.1287672398555505e-08,
        3.7638809183473966e-08,
        0.6253534567755278
    ],
    "remnant_velocity": [
        -0.0003013264974573849,
        -0.000411236678574811,
        -3.653780892452549e-08
    ],
    "metadata_version": 1,
    "spec_revisions": [
        "InitialCommit-32539-g3b7a5a1097",
        "InitialCommit-32542-g5a7ca5896e"
    ],
    "spells_revision": "3b7a5a10976001a860eb62560a02d73ffa9ba537",
    "date_postprocessing": "2024-05-29T16:56:27.377546-07:00",
    "date_run_earliest": "2024-03-14T20:43:36",
    "date_run_latest": "2024-03-22T01:07:08",
    "date_link_earliest": "2024-03-08T09:40:29+01:00"
}